MonthYear,EventRootCode,Count,SumAvgTone          ,AvgAvgTone
202004   ,13           ,2    ,-4.65334544353618   ,-2.32667272176809
201610   ,02           ,72   ,-170.26295217238231 ,-2.364763224616421
201706   ,06           ,35   ,-18.452756620388502 ,-0.52722161772538578
201605   ,01           ,281  ,-613.03244984403671 ,-2.1816101417937235
201512   ,17           ,70   ,-357.82683987921729 ,-5.1118119982745336
201903   ,17           ,12   ,-73.932615058661909 ,-6.1610512548884921
201811   ,01           ,112  ,-142.12797889420386 ,-1.2689998115553915
202001   ,12           ,105  ,-391.72069341402926 ,-3.7306732706098025
202002   ,02           ,87   ,-176.80963525276982 ,-2.0322946580778138
201812   ,06           ,29   ,-30.782507857296107 ,-1.0614657881826246
201707   ,18           ,12   ,-31.158080040823918 ,-2.59650667006866
201503   ,14           ,26   ,-176.7643621456584  ,-6.7986293132945557
201906   ,17           ,55   ,-207.71098967132917 ,-3.7765634485696218
201910   ,17           ,32   ,-164.91399403592271 ,-5.1535623136225848
201905   ,09           ,18   ,-80.697743788736432 ,-4.4832079882631355
201905   ,08           ,42   ,-120.88012407395136 ,-2.8780981922369366
201605   ,07           ,6    ,-7.0459171002709269 ,-1.1743195167118212
201607   ,16           ,9    ,-20.1621734800607   ,-2.2402414977845222
201602   ,10           ,3    ,-7.8066914498141395 ,-2.60223048327138
201608   ,14           ,1    ,-0.71174377224199   ,-0.71174377224199
202003   ,02           ,37   ,-101.62757354457084 ,-2.7466911768802929
201608   ,01           ,136  ,-394.24605655169989 ,-2.8988680628801462
201606   ,02           ,126  ,-225.65551494363595 ,-1.7909167852669521
201612   ,16           ,17   ,-51.860021249797128 ,-3.0505894852821838
201605   ,09           ,34   ,-175.91166450249457 ,-5.1738724853674878
201903   ,08           ,24   ,-45.8712732216393   ,-1.9113030509016384
202001   ,11           ,477  ,-2234.0600175204404 ,-4.6835639780302731
201507   ,03           ,26   ,-33.819148841926022 ,-1.3007364939202315
201910   ,09           ,31   ,-169.51110901657489 ,-5.4681002908572545
201906   ,13           ,9    ,5.51549777325598    ,0.61283308591733143
201908   ,14           ,3    ,-8.20071958480592   ,-2.7335731949353064
201611   ,07           ,17   ,-21.89336633243439  ,-1.2878450783784936
201704   ,19           ,78   ,-403.197153700157   ,-5.1691942782071418
201709   ,08           ,50   ,-212.36099354225337 ,-4.2472198708450675
201603   ,17           ,89   ,-377.53433421449813 ,-4.2419588113988533
201709   ,10           ,19   ,-90.045185471704116 ,-4.7392202879844261
201512   ,01           ,107  ,-267.06822605301829 ,-2.49596472946746
201810   ,06           ,41   ,-63.068522165596882 ,-1.5382566381852898
201802   ,09           ,13   ,-61.8145999658717   ,-4.7549692281439766
201508   ,06           ,22   ,-8.7349631726038979 ,-0.39704378057290468
201510   ,17           ,35   ,-93.566029182449242 ,-2.6733151194985503
201809   ,19           ,28   ,-121.71219633449851 ,-4.3468641548035194
201605   ,15           ,17   ,-21.888430825488882 ,-1.2875547544405226
202002   ,06           ,22   ,-78.125863458173725 ,-3.5511756117351694
202001   ,15           ,3    ,-9.45676703193934   ,-3.1522556773131134
201812   ,18           ,1    ,0.88888888888889    ,0.88888888888889
202004   ,17           ,30   ,-127.77750727588281 ,-4.2592502425294265
201610   ,11           ,117  ,-373.74829237792216 ,-3.1944298493839494
201610   ,17           ,22   ,-55.243632875169027 ,-2.5110742215985922
201610   ,12           ,25   ,-56.214366596777921 ,-2.2485746638711168
201707   ,12           ,43   ,-149.32723113173935 ,-3.4727263053892869
201805   ,05           ,64   ,-113.05016932157616 ,-1.7664088956496278
201706   ,18           ,3    ,-11.55127767288397  ,-3.8504258909613234
201706   ,07           ,11   ,-33.108969466932827 ,-3.0099063151757113
201804   ,01           ,96   ,-284.918107916967   ,-2.9678969574684064
201503   ,03           ,54   ,-33.293442394807663 ,-0.61654522953347524
201701   ,08           ,46   ,-132.20203610094171 ,-2.8739573065422106
201606   ,03           ,69   ,-138.82911008812289 ,-2.0120160882336648
201507   ,12           ,14   ,-31.467167373832062 ,-2.2476548124165761
201806   ,01           ,70   ,-50.338959112134475 ,-0.71912798731620686
202002   ,04           ,122  ,-211.19214797150528 ,-1.7310831800943056
201807   ,20           ,1    ,-4.19580419580419   ,-4.19580419580419
201909   ,10           ,16   ,-54.899667435723174 ,-3.4312292147326979
201909   ,06           ,11   ,-40.799670043947813 ,-3.7090609130861649
201904   ,15           ,9    ,-11.829797124578809 ,-1.3144219027309787
201906   ,10           ,5    ,-22.835719158470656 ,-4.567143831694132
202004   ,12           ,18   ,-60.09156033631001  ,-3.3384200186838897
201611   ,18           ,18   ,-43.813825108006732 ,-2.4341013948892631
201610   ,06           ,133  ,-251.82456598410636 ,-1.8934177893541841
202003   ,04           ,102  ,-161.31776580500025 ,-1.5815467235784335
201708   ,01           ,140  ,-338.59441778406932 ,-2.4185315556004956
201701   ,18           ,12   ,-15.834089726719398 ,-1.3195074772266169
201505   ,17           ,81   ,-235.93845872129495 ,-2.912820478040679
201511   ,05           ,57   ,-110.76843842507319 ,-1.9433059372819856
201503   ,08           ,54   ,-196.41058315797414 ,-3.6372330214439663
201701   ,17           ,36   ,-144.76579793049797 ,-4.0212721647360539
201712   ,17           ,38   ,-139.48019377583336 ,-3.6705314151535089
201810   ,19           ,33   ,-102.91586935315631 ,-3.1186627076714037
201604   ,16           ,14   ,-44.7673736451723   ,-3.1976695460837354
201812   ,10           ,14   ,-19.858072638412164 ,-1.4184337598865828
201906   ,07           ,28   ,7.9456524855213013  ,0.2837733030543319
201909   ,04           ,244  ,-585.27259950419784 ,-2.3986581946893342
201909   ,11           ,130  ,-449.31047198353178 ,-3.4562343998733214
201902   ,09           ,5    ,-9.28058510160061   ,-1.8561170203201218
201704   ,15           ,2    ,0.0                 ,0.0
202004   ,20           ,3    ,-27.937915742793841 ,-9.31263858093128
201702   ,03           ,23   ,-63.660358864361868 ,-2.7678416897548632
201702   ,18           ,25   ,-26.290490635624248 ,-1.05161962542497
201706   ,16           ,12   ,-66.813189180803136 ,-5.5677657650669277
201709   ,04           ,151  ,-454.29772615147124 ,-3.0085942129236507
201701   ,03           ,45   ,-44.3078156123394   ,-0.98461812471865351
201708   ,02           ,65   ,-179.64848216512044 ,-2.7638228025403144
201609   ,09           ,32   ,-135.01951191044765 ,-4.219359747201489
201805   ,10           ,6    ,-22.668640054189748 ,-3.7781066756982913
201801   ,01           ,79   ,-192.84649968252216 ,-2.4410949326901532
201709   ,12           ,16   ,-75.908459402425052 ,-4.7442787126515649
201502   ,19           ,25   ,-98.529578004017765 ,-3.9411831201607095
201809   ,01           ,131  ,-274.91487649690549 ,-2.0985868434878281
201912   ,04           ,226  ,-745.0454970093474  ,-3.2966614911918017
202002   ,17           ,29   ,-132.48166261539245 ,-4.5683331936342224
201712   ,09           ,10   ,-36.53752726937698  ,-3.6537527269376979
201508   ,18           ,14   ,-56.346018361823681 ,-4.0247155972731194
201611   ,11           ,114  ,-497.10454967141175 ,-4.3605662251878217
201704   ,20           ,4    ,-15.95749374037654  ,-3.989373435094135
201805   ,17           ,48   ,-313.0137885617483  ,-6.5211205950364217
201805   ,11           ,54   ,-222.77882365288559 ,-4.1255337713497342
201706   ,12           ,27   ,-25.894501575708    ,-0.95905561391511118
201505   ,04           ,194  ,-353.00831464490727 ,-1.8196304878603469
201504   ,08           ,85   ,-157.91221675798855 ,-1.8577907853880997
201612   ,17           ,44   ,-193.27334562990166 ,-4.3925760370432192
201607   ,09           ,22   ,-112.23254871917503 ,-5.1014794872352276
201801   ,05           ,41   ,-89.197477378451879 ,-2.1755482287427279
201709   ,17           ,27   ,-134.09760962796238 ,-4.9665781343689774
201511   ,15           ,8    ,-28.995805196154055 ,-3.624475649519256
202001   ,01           ,295  ,-1088.730456556598  ,-3.6906117171410098
201710   ,03           ,31   ,-17.792254821301164 ,-0.57394370391294069
201912   ,03           ,23   ,-58.3535915219601   ,-2.53711267486783
201912   ,08           ,20   ,-72.862681665677869 ,-3.6431340832838943
201907   ,12           ,18   ,-32.54038445038622  ,-1.807799136132568
201508   ,13           ,10   ,-16.489205984114772 ,-1.648920598411477
201902   ,03           ,48   ,-49.675920633003457 ,-1.0349150131875722
201908   ,18           ,2    ,-3.05282304465644   ,-1.5264115223282197
201611   ,12           ,51   ,-216.72479216009609 ,-4.2495057286293347
201708   ,08           ,35   ,-122.23816102781029 ,-3.4925188865088659
201608   ,08           ,51   ,-63.025738909433365 ,-1.235798802145752
201706   ,04           ,174  ,-367.6275806028126  ,-2.1128021873724858
201711   ,08           ,61   ,-69.7004753022186   ,-1.1426307426593214
201603   ,05           ,81   ,-186.90571330256478 ,-2.3074779420069724
201505   ,18           ,5    ,-10.56728848591454  ,-2.1134576971829082
201606   ,06           ,27   ,-47.422674537816548 ,-1.756395353252465
201802   ,05           ,63   ,-129.90955624139085 ,-2.0620564482760453
201602   ,14           ,19   ,-61.361788874194218 ,-3.2295678354839072
202001   ,05           ,215  ,-687.62832218665187 ,-3.1982712659844266
201710   ,04           ,124  ,-207.08729167385187 ,-1.6700588038213857
201901   ,13           ,12   ,4.8922592426797191  ,0.40768827022331
201511   ,07           ,12   ,-54.358672214047211 ,-4.5298893511706009
202001   ,14           ,22   ,-86.055540794496551 ,-3.9116154906589351
201507   ,09           ,9    ,-51.751512820294352 ,-5.7501680911438164
201811   ,11           ,190  ,-887.30276783478632 ,-4.6700145675515063
201506   ,14           ,2    ,0.0                 ,0.0
201703   ,01           ,81   ,-117.36271023205995 ,-1.44892234854395
201704   ,13           ,9    ,-45.265932715904469 ,-5.0295480795449414
201610   ,04           ,190  ,-296.9148168145316  ,-1.5627095621817453
201708   ,07           ,35   ,-90.258086264140786 ,-2.578802464689737
201707   ,03           ,178  ,-226.8740946822092  ,-1.2745735656303891
201701   ,04           ,186  ,-261.632681517646   ,-1.4066273199873442
201702   ,02           ,49   ,-162.82024978896425 ,-3.3228622405911064
201709   ,11           ,54   ,-204.54883231778277 ,-3.7879413392181998
201708   ,16           ,20   ,-90.195232928689322 ,-4.5097616464344661
201606   ,11           ,112  ,-433.95865584898553 ,-3.8746308557945142
201503   ,05           ,107  ,-222.79706780910189 ,-2.0822155870009511
201503   ,12           ,112  ,-530.31620013793054 ,-4.7349660726600931
201503   ,13           ,62   ,-204.6446948200217  ,-3.3007208841938995
201809   ,11           ,97   ,-352.65954776260816 ,-3.6356654408516307
201808   ,03           ,30   ,-109.43314562338426 ,-3.6477715207794752
201812   ,12           ,28   ,-66.442908560818182 ,-2.37296102002922
201801   ,13           ,5    ,-36.838984872821804 ,-7.367796974564361
201601   ,07           ,2    ,0.055502954716119879,0.02775147735806005
201704   ,12           ,37   ,-237.11665169786022 ,-6.4085581539962231
201609   ,12           ,59   ,-159.50640866343392 ,-2.7034984519226088
201803   ,02           ,90   ,-227.87606339831112 ,-2.531956259981234
201708   ,09           ,19   ,-45.628508766353768 ,-2.4015004613870405
201708   ,13           ,23   ,-52.986687675302385 ,-2.3037690293609732
201711   ,15           ,6    ,-11.51090969904857  ,-1.9184849498414289
201801   ,14           ,16   ,-23.782060841714689 ,-1.486378802607168
201907   ,03           ,23   ,-10.8553006109451   ,-0.47196959178022169
201507   ,13           ,19   ,-141.78016856163305 ,-7.4621141348227935
201903   ,07           ,10   ,-28.194296441220658 ,-2.8194296441220659
201806   ,10           ,4    ,-20.26765316238999  ,-5.0669132905974976
201812   ,09           ,6    ,-22.684788111121975 ,-3.7807980185203283
201508   ,02           ,43   ,-80.932565994918718 ,-1.8821526975562495
201807   ,03           ,41   ,-114.0558506685398  ,-2.7818500163058495
201906   ,09           ,23   ,-64.585356039297864 ,-2.8080589582303417
201710   ,09           ,20   ,-62.808234076808155 ,-3.1404117038404071
201909   ,03           ,109  ,-255.27011170180236 ,-2.3419276302917651
201712   ,15           ,4    ,-19.641255605381161 ,-4.91031390134529
201602   ,15           ,12   ,-47.938402595594326 ,-3.9948668829661944
201709   ,15           ,35   ,-31.950792173969358 ,-0.91287977639912443
201805   ,01           ,92   ,-274.49299345209556 ,-2.983619494044516
201712   ,07           ,9    ,-9.6631124028754414 ,-1.0736791558750489
201508   ,09           ,20   ,-68.896916307402492 ,-3.4448458153701242
202001   ,19           ,148  ,-599.6201781246433  ,-4.0514876900313723
201908   ,11           ,49   ,-150.27807695555612 ,-3.0668995297052275
201811   ,05           ,63   ,-140.35495117068979 ,-2.2278563677887266
201910   ,10           ,14   ,-49.104600410936648 ,-3.5074714579240465
201911   ,04           ,124  ,-262.62825342024831 ,-2.1179697856471638
201809   ,14           ,9    ,-24.061310138168452 ,-2.6734789042409384
201602   ,03           ,115  ,-200.92865509929419 ,-1.7472056965156015
201612   ,08           ,41   ,-131.02900898547662 ,-3.1958294874506494
201709   ,06           ,24   ,-58.197178696978796 ,-2.4248824457074503
201504   ,09           ,58   ,-130.49891171141169 ,-2.24998123640365
201508   ,11           ,50   ,-168.97164359810429 ,-3.3794328719620865
201510   ,13           ,11   ,-32.114056994605136 ,-2.9194597267822848
201505   ,06           ,8    ,-9.8060351687027225 ,-1.2257543960878403
201901   ,09           ,11   ,-57.052014600854747 ,-5.1865467818958857
201901   ,17           ,33   ,-88.307828993695267 ,-2.6759948179907651
201507   ,10           ,8    ,-14.573584670042539 ,-1.8216980837553176
201909   ,13           ,14   ,-40.054510358035088 ,-2.8610364541453635
201502   ,20           ,2    ,-7.04519119351102   ,-3.52259559675551
202003   ,01           ,63   ,-173.46962116623433 ,-2.7534860502576879
201708   ,18           ,3    ,-13.650793650793648 ,-4.55026455026455
201705   ,12           ,27   ,-79.266495953798426 ,-2.9357961464369784
201602   ,02           ,58   ,-101.8960634223567  ,-1.7568286796958057
201511   ,08           ,70   ,-66.100610962079344 ,-0.944294442315419
201802   ,17           ,13   ,-53.382133634103951 ,-4.1063179718541489
201802   ,06           ,22   ,-20.051328251780241 ,-0.91142401144455643
201605   ,17           ,150  ,-499.15756053771884 ,-3.3277170702514605
201512   ,09           ,39   ,-166.97490508496304 ,-4.28140782269136
202002   ,01           ,66   ,-200.20510429688997 ,-3.033410671165
201908   ,05           ,94   ,-212.13956350256936 ,-2.2568038670486108
201806   ,18           ,7    ,-2.9539685344984896 ,-0.42199550492835575
201905   ,13           ,6    ,-11.363636363636369 ,-1.8939393939393949
201502   ,08           ,8    ,-45.320066312752061 ,-5.6650082890940077
201901   ,06           ,16   ,-27.356701045159863 ,-1.7097938153224912
201702   ,13           ,45   ,-142.4731953958289  ,-3.1660710087961981
201612   ,02           ,86   ,-213.16689019179526 ,-2.478684769672038
201502   ,01           ,56   ,-115.66966195217319 ,-2.0655296777173788
201601   ,03           ,68   ,-18.613382667382435 ,-0.27372621569680056
201506   ,11           ,62   ,-152.04316717464377 ,-2.4523091479781245
201804   ,19           ,87   ,-382.28522604368783 ,-4.3940830579734236
201708   ,03           ,61   ,-120.44532541532976 ,-1.9745135313988487
201706   ,15           ,8    ,-12.17177943265281  ,-1.5214724290816013
201511   ,01           ,76   ,-256.11764464018228 ,-3.3699690084234515
201506   ,09           ,12   ,-19.046242728602319 ,-1.5871868940501932
201901   ,04           ,108  ,-165.85149525000026 ,-1.5356619930555582
201808   ,07           ,10   ,-0.32730581468377018,-0.032730581468377151
201808   ,14           ,5    ,-8.67469879518072   ,-1.7349397590361439
201903   ,06           ,8    ,-7.48897459015255   ,-0.93612182376906872
201509   ,15           ,8    ,-8.22735470182621   ,-1.0284193377282762
201905   ,04           ,186  ,-268.18848615492544 ,-1.4418735814780939
201910   ,03           ,11   ,-18.859131552219992 ,-1.714466504747272
201602   ,18           ,5    ,-4.2941763973234117 ,-0.8588352794646823
201902   ,15           ,12   ,-25.269843147353711 ,-2.1058202622794759
202002   ,18           ,3    ,-10.709223933195451 ,-3.56974131106515
201911   ,07           ,9    ,-16.127281151757948 ,-1.7919201279731056
201703   ,02           ,102  ,-212.95166207635486 ,-2.08776139290544
201609   ,11           ,143  ,-780.746434309936   ,-5.4597652748946564
201602   ,04           ,176  ,-353.70347824204947 ,-2.0096788536480075
201605   ,16           ,71   ,-119.95995380534674 ,-1.6895768141598126
201705   ,16           ,9    ,-23.903987641379867 ,-2.6559986268199856
201804   ,06           ,14   ,-24.897333382577436 ,-1.7783809558983883
201606   ,08           ,50   ,-154.92343575627598 ,-3.0984687151255192
201712   ,11           ,51   ,-209.48938140631566 ,-4.1076349295356014
202001   ,02           ,110  ,-358.69139330455437 ,-3.2608308482232222
201508   ,08           ,16   ,-5.6722729428441223 ,-0.35451705892775726
201506   ,18           ,11   ,-32.045643642046819 ,-2.9132403310951656
201811   ,09           ,5    ,-4.96086220898967   ,-0.99217244179793407
201905   ,15           ,18   ,36.526942388594186  ,2.0292745771441214
201704   ,01           ,228  ,-931.72933112446015 ,-4.0865321540546491
201610   ,03           ,58   ,-189.18382925459031 ,-3.2617901595619019
201609   ,08           ,43   ,-95.222859463685367 ,-2.2144851038066369
201604   ,13           ,22   ,-58.416360908047011 ,-2.6552891321839551
201504   ,02           ,110  ,-235.80655319545454 ,-2.1436959381404952
201603   ,09           ,23   ,-112.28193795664562 ,-4.8818233894193748
201708   ,06           ,17   ,-36.440753161831765 ,-2.1435737154018684
201606   ,16           ,17   ,-43.292001629132557 ,-2.5465883311254442
201712   ,19           ,30   ,-103.808258556812   ,-3.4602752852270666
201801   ,07           ,13   ,-2.7899069512599812 ,-0.21460822701999827
201509   ,11           ,168  ,-728.032821109121   ,-4.3335286970780995
201510   ,03           ,32   ,-6.9803817545433713 ,-0.2181369298294803
201804   ,15           ,1    ,0.806451612903224   ,0.806451612903224
201508   ,07           ,10   ,-5.2852365913835992 ,-0.52852365913836
202001   ,13           ,30   ,-161.49489399076879 ,-5.3831631330256284
201710   ,07           ,19   ,1.8616512643461602  ,0.097981645491903024
201912   ,14           ,11   ,-31.50443158425534  ,-2.8640392349323029
201906   ,19           ,34   ,-61.048853473548981 ,-1.795554513927911
202004   ,07           ,8    ,-44.190053408399571 ,-5.5237566760499455
201703   ,17           ,53   ,-166.263809919299   ,-3.1370530173452642
201702   ,12           ,24   ,-77.083751242258955 ,-3.2118229684274571
201706   ,17           ,60   ,-374.67088575361504 ,-6.2445147625602493
201509   ,02           ,85   ,-240.63478384930963 ,-2.8309974570507026
201603   ,04           ,94   ,-376.29288332250667 ,-4.0031157800266666
201803   ,07           ,9    ,-8.61044977217307   ,-0.95671664135256362
201802   ,07           ,9    ,2.60534753998782    ,0.28948305999864676
201712   ,08           ,9    ,-37.423697507859032 ,-4.158188611984337
201908   ,17           ,19   ,-72.760551321860845 ,-3.8295027011505702
201912   ,05           ,99   ,-347.87692927246889 ,-3.5139083764895847
201508   ,10           ,8    ,-22.19123212393184  ,-2.77390401549148
201511   ,14           ,8    ,-32.809635368427166 ,-4.1012044210533958
201801   ,15           ,1    ,-2.63424518743667   ,-2.63424518743667
201911   ,05           ,51   ,-27.964430278590608 ,-0.54832216232530628
201904   ,18           ,4    ,-19.225963277457812 ,-4.8064908193644529
201908   ,20           ,2    ,-6.54205607476636   ,-3.27102803738318
202004   ,05           ,51   ,-32.052817074163777 ,-0.62848660929732936
201610   ,08           ,58   ,-98.965454434252322 ,-1.7063009385215915
201611   ,15           ,24   ,-72.035144001716    ,-3.0014643334048339
201608   ,12           ,30   ,-92.59518197847936  ,-3.0865060659493118
201706   ,03           ,39   ,-62.985528762665204 ,-1.6150135580170568
201805   ,03           ,19   ,-25.084482452450061 ,-1.3202359185500032
201711   ,19           ,48   ,-125.9543208314154  ,-2.6240483506544874
201504   ,04           ,358  ,-812.095794729985   ,-2.2684240076256583
201701   ,12           ,19   ,-48.031662891381046 ,-2.5279822574411077
201701   ,13           ,25   ,-18.48411597744256  ,-0.73936463909770245
201708   ,05           ,81   ,-155.31058732784686 ,-1.9174146583684797
201604   ,14           ,27   ,-111.23826416046204 ,-4.1199357096467422
201507   ,06           ,12   ,-36.335064424956073 ,-3.0279220354130061
201710   ,06           ,22   ,-10.27794649768288  ,-0.46717938625831268
201710   ,12           ,23   ,-62.608504878028043 ,-2.7221089077403495
201809   ,10           ,5    ,-19.608681501713448 ,-3.92173630034269
201907   ,14           ,3    ,2.63442104451129    ,0.87814034817043
201908   ,03           ,75   ,-73.67627821943853  ,-0.98235037625918031
201912   ,07           ,11   ,-50.846261214184509 ,-4.6223873831076823
201711   ,01           ,135  ,-204.31003708157206 ,-1.5134076820857194
201711   ,05           ,111  ,-153.10158764389698 ,-1.37929358237745
201609   ,01           ,105  ,-372.70348534997419 ,-3.5495570033330881
201509   ,07           ,16   ,-61.067750207445933 ,-3.8167343879653712
201504   ,19           ,125  ,-309.91828357510474 ,-2.4793462686008367
201606   ,19           ,70   ,-344.8981992274089  ,-4.9271171318201272
201712   ,12           ,13   ,-56.970993138071357 ,-4.38238408754395
201505   ,12           ,52   ,-152.01343407970779 ,-2.9233352707636104
201505   ,11           ,84   ,-280.85615147597218 ,-3.3435256128091941
201603   ,14           ,17   ,-72.164018251578753 ,-4.2449422500928673
201503   ,07           ,13   ,-58.465174379452066 ,-4.4973211061116967
201703   ,14           ,3    ,-2.09678356477129   ,-0.69892785492376341
201811   ,13           ,31   ,-139.8720161976234  ,-4.51200052250398
201902   ,18           ,7    ,-40.116934338013991 ,-5.7309906197162839
201806   ,16           ,2    ,-12.12880650652545  ,-6.064403253262725
201701   ,05           ,151  ,-218.4728987065472  ,-1.4468403887850811
201706   ,19           ,54   ,-157.06085977266878 ,-2.9085344402346065
201702   ,07           ,7    ,-10.34354270268433  ,-1.477648957526333
201803   ,19           ,80   ,-226.51046423594093 ,-2.831380802949262
201705   ,10           ,7    ,-10.53712238831584  ,-1.5053031983308343
201605   ,11           ,113  ,-385.58314596852392 ,-3.4122402298099463
201603   ,02           ,59   ,-221.23744766604878 ,-3.7497872485770989
201802   ,16           ,9    ,-25.981524321038972 ,-2.886836035670997
201801   ,02           ,43   ,-16.518415506291444 ,-0.3841491978207312
201504   ,10           ,23   ,-62.6184924547886   ,-2.7225431502082005
201903   ,18           ,7    ,-35.236010351439987 ,-5.0337157644914274
201506   ,12           ,12   ,-14.099591397343888 ,-1.1749659497786573
201601   ,19           ,26   ,-85.953290086740282 ,-3.305895772566934
201903   ,09           ,11   ,-44.51713758101198  ,-4.0470125073647258
201709   ,03           ,27   ,-55.409024976536685 ,-2.0521861102420997
201509   ,04           ,289  ,-851.11394074369389 ,-2.9450309368293888
201712   ,01           ,101  ,-265.44394258257995 ,-2.6281578473522771
201602   ,08           ,16   ,-45.854310390848006 ,-2.865894399428
201512   ,08           ,34   ,-123.97380421689913 ,-3.6462883593205624
201806   ,15           ,9    ,-32.404431060631893 ,-3.60049234007021
201808   ,05           ,37   ,-52.743107554235408 ,-1.4254893933577133
201908   ,12           ,44   ,-110.60638793735581 ,-2.513781544030814
201508   ,14           ,10   ,-43.230500500929381 ,-4.3230500500929372
201811   ,06           ,26   ,-41.1619552946134   ,-1.5831521267158999
201910   ,13           ,3    ,-12.76754489089001  ,-4.2558482969633369
201904   ,20           ,6    ,-11.779231869862281 ,-1.9632053116437134
201703   ,10           ,3    ,-17.468275241872778 ,-5.822758413957593
201704   ,02           ,80   ,-349.47233864128896 ,-4.3684042330161121
201704   ,11           ,301  ,-1614.3298052279929 ,-5.3632219442790445
201704   ,08           ,30   ,-155.27221650278472 ,-5.1757405500928231
201706   ,08           ,28   ,-41.121883947858976 ,-1.4686387124235352
201711   ,06           ,26   ,-4.730237298467407  ,-0.18193220378720792
201705   ,18           ,13   ,-14.77023752022982  ,-1.1361721169407555
201512   ,15           ,7    ,-10.66827089125028  ,-1.5240386987500398
201604   ,08           ,29   ,-52.771510893411104 ,-1.81970727218659
201804   ,16           ,13   ,-64.918902961286349 ,-4.9937617662527956
201510   ,07           ,8    ,-2.5162815851236204 ,-0.3145351981404525
201708   ,11           ,90   ,-373.62645991807284 ,-4.15140511020081
201801   ,17           ,56   ,-229.38539081925131 ,-4.0961676932009157
201810   ,10           ,8    ,-15.207631874178929 ,-1.9009539842723662
201512   ,06           ,22   ,-13.905429870860512 ,-0.632064994130023
202001   ,16           ,37   ,-140.05835968166053 ,-3.7853610724773117
201710   ,01           ,106  ,-300.18637813604676 ,-2.8319469635476109
201901   ,12           ,16   ,-28.031041303507358 ,-1.7519400814692099
201906   ,18           ,3    ,-20.693163320672841 ,-6.8977211068909465
202003   ,18           ,2    ,-8.00928612884504   ,-4.00464306442252
201706   ,20           ,2    ,-1.8390687485672101 ,-0.91953437428360507
201611   ,13           ,59   ,-145.28368609271902 ,-2.4624353575037126
201610   ,09           ,23   ,-125.93629654337155 ,-5.4754911540596325
202003   ,15           ,2    ,-4.7953499636716    ,-2.3976749818358
201707   ,02           ,174  ,-332.46466093823324 ,-1.9107164421737541
201608   ,13           ,8    ,-23.713295713369138 ,-2.9641619641711423
201507   ,11           ,32   ,-250.56568827417851 ,-7.830177758568075
201705   ,04           ,177  ,-278.37831587252    ,-1.5727588467374012
201612   ,03           ,20   ,-44.706853362039638 ,-2.2353426681019819
201505   ,02           ,28   ,-46.23732367953837  ,-1.6513329885549421
201603   ,01           ,92   ,-359.8127140348434  ,-3.9110077612482956
201607   ,19           ,154  ,-586.21238895665749 ,-3.80657395426401
201708   ,10           ,23   ,-100.59691573207154 ,-4.3737789448726758
201609   ,07           ,13   ,-36.956485050933594 ,-2.8428065423795079
201606   ,04           ,246  ,-509.02873018944859 ,-2.0692224804449135
201605   ,04           ,243  ,-361.88502271744369 ,-1.489238776614995
201605   ,12           ,68   ,-118.64145282946382 ,-1.7447272474921152
201510   ,04           ,84   ,-122.40842769453251 ,-1.4572431868396727
201510   ,19           ,36   ,-135.32865669472321 ,-3.7591293526312004
201808   ,18           ,13   ,-42.976590017392837 ,-3.3058915397994491
202005   ,12           ,6    ,6.6176470588235405  ,1.10294117647059
201509   ,18           ,16   ,-68.107727246566483 ,-4.2567329529104052
201911   ,18           ,6    ,-6.61506137874854   ,-1.1025102297914233
202003   ,08           ,32   ,-104.2706686260457  ,-3.2584583945639278
201703   ,04           ,219  ,-369.40208356032906 ,-1.6867675048416853
201706   ,02           ,44   ,-100.76208432808625 ,-2.2900473710928693
201603   ,16           ,25   ,-96.329150687828687 ,-3.8531660275131481
201506   ,04           ,161  ,-258.47343101766819 ,-1.6054250373768209
201712   ,04           ,143  ,-197.8939328828869  ,-1.3838736565236844
201602   ,01           ,105  ,-288.71575343436331 ,-2.7496738422320313
201510   ,08           ,34   ,-89.833279310308967 ,-2.6421552738326173
201904   ,06           ,38   ,-72.96459196717116  ,-1.9201208412413464
202003   ,05           ,38   ,-83.148535775524024 ,-2.18811936251379
201701   ,20           ,7    ,-11.88185263543637  ,-1.6974075193480527
201807   ,09           ,5    ,-13.202185545944609 ,-2.6404371091889223
201911   ,17           ,37   ,-100.14148738099307 ,-2.7065266859727859
201809   ,13           ,22   ,-8.8633184033134    ,-0.40287810924151823
201702   ,19           ,37   ,-93.78528543278459  ,-2.5347374441293131
201803   ,14           ,26   ,-66.796638268417809 ,-2.5691014718622234
201705   ,08           ,32   ,-25.998838246082993 ,-0.81246369519009332
201711   ,13           ,15   ,-40.256516009061272 ,-2.683767733937418
201612   ,09           ,16   ,-89.488573915952571 ,-5.5930358697470357
201601   ,04           ,186  ,-259.09803101076938 ,-1.3930001667245662
201607   ,11           ,139  ,-581.57611332705937 ,-4.1840008153025856
201809   ,03           ,30   ,-33.657095218808237 ,-1.1219031739602745
201503   ,10           ,18   ,-53.472994685340637 ,-2.9707219269633689
201806   ,03           ,23   ,-27.052280048790223 ,-1.1761860890778357
201912   ,02           ,120  ,-317.10453327231932 ,-2.6425377772693279
201709   ,16           ,25   ,-88.377663570085275 ,-3.535106542803411
201903   ,16           ,16   ,-32.049055620497377 ,-2.0030659762810865
201904   ,14           ,10   ,-27.775230910907808 ,-2.7775230910907811
201907   ,16           ,4    ,-1.1815284366398302 ,-0.29538210915995755
201704   ,10           ,6    ,-45.123154094311062 ,-7.5205256823851769
201708   ,19           ,63   ,-365.00437737066812 ,-5.7937202757248913
201709   ,01           ,109  ,-316.34258868220155 ,-2.902225584240381
201802   ,13           ,5    ,-14.81525197401961  ,-2.963050394803922
201602   ,05           ,117  ,-158.35690940144821 ,-1.3534778581320355
201810   ,02           ,48   ,-130.67463678378596 ,-2.7223882663288732
201511   ,13           ,14   ,-10.39961039798078  ,-0.74282931414148434
201907   ,13           ,4    ,-4.42085056123046   ,-1.105212640307615
201904   ,19           ,62   ,-165.34987361847217 ,-2.6669334454592284
201901   ,01           ,72   ,-292.98904293527374 ,-4.0692922629899142
202005   ,08           ,12   ,17.518248175182478  ,1.45985401459854
201710   ,19           ,25   ,-63.452537241172578 ,-2.5381014896469027
201505   ,20           ,8    ,-28.845920594066303 ,-3.6057400742582875
201905   ,03           ,29   ,-36.395847961286087 ,-1.2550292400443477
201909   ,02           ,70   ,-182.88046061336479 ,-2.612578008762354
201701   ,10           ,4    ,-9.41880215309984   ,-2.35470053827496
201706   ,14           ,4    ,-14.00940645683032  ,-3.50235161420758
201608   ,18           ,5    ,-12.097938599171879 ,-2.419587719834376
201609   ,14           ,17   ,-62.437506230420858 ,-3.6727944841424036
201808   ,15           ,1    ,-4.65909090909091   ,-4.65909090909091
202004   ,16           ,9    ,-27.499338731990221 ,-3.0554820813322467
202005   ,11           ,5    ,-20.06174056933493  ,-4.0123481138669863
201509   ,08           ,25   ,-41.170592449307257 ,-1.6468236979722908
201601   ,06           ,15   ,-20.864283981106084 ,-1.3909522654070723
201901   ,07           ,7    ,-10.25502875246881  ,-1.4650041074955442
201510   ,09           ,16   ,-51.103059959915214 ,-3.1939412474947004
201908   ,07           ,16   ,-48.051177113456461 ,-3.0031985695910293
201807   ,01           ,85   ,-180.68963360636292 ,-2.1257603953689759
201709   ,14           ,12   ,-34.716282777873673 ,-2.8930235648228058
201902   ,11           ,60   ,-122.51965054637181 ,-2.0419941757728637
201608   ,04           ,166  ,-280.68987086213883 ,-1.690902836518908
201608   ,19           ,46   ,-105.82456731251143 ,-2.3005340720111183
201702   ,17           ,58   ,-228.14796982808136 ,-3.9335856866910577
201711   ,02           ,41   ,-41.22227479363427  ,-1.0054213364301039
201803   ,12           ,23   ,-35.37764466696359  ,-1.5381584637810257
201705   ,09           ,34   ,-202.59814865271758 ,-5.9587690780211053
201503   ,04           ,181  ,-617.59826174700379 ,-3.4121450925248826
201607   ,05           ,263  ,-586.5132168857815  ,-2.2300882771322503
201507   ,04           ,86   ,-167.39349994203738 ,-1.9464360458376433
201508   ,03           ,15   ,-11.935136019150351 ,-0.795675734610023
201802   ,08           ,17   ,-57.235880500009237 ,-3.3668165000005432
201509   ,12           ,59   ,-238.71510790081464 ,-4.04601877797991
201907   ,11           ,27   ,-95.763147315841522 ,-3.5467832339200567
201903   ,03           ,85   ,-224.537043799348   ,-2.6416122799923292
201806   ,17           ,22   ,-63.491871541834442 ,-2.8859941609924751
201709   ,09           ,5    ,-7.17569478137929   ,-1.4351389562758581
201508   ,15           ,3    ,-7.0630987776676495 ,-2.35436625922255
201603   ,20           ,4    ,-19.8918918918919   ,-4.9729729729729755
201902   ,12           ,21   ,-49.946473804927749 ,-2.378403514520369
201611   ,10           ,7    ,-10.154677037200859 ,-1.4506681481715511
201601   ,17           ,51   ,-143.04775771056447 ,-2.8048579943247938
201803   ,11           ,132  ,-330.49963417175962 ,-2.5037851073618147
201705   ,06           ,21   ,-41.785013739599535 ,-1.989762559028549
201508   ,05           ,74   ,-128.3580587569453  ,-1.7345683615803413
201510   ,02           ,37   ,-66.6287976456091   ,-1.8007783147461922
201604   ,15           ,12   ,-39.577139848692468 ,-3.298094987391039
201903   ,02           ,101  ,-297.97211146252175 ,-2.950218925371503
201903   ,19           ,27   ,-117.19722694288966 ,-4.340638034921839
201806   ,06           ,9    ,-7.2283231884659    ,-0.80314702094065549
201710   ,18           ,7    ,-21.087801219795818 ,-3.0125430313994026
201906   ,06           ,27   ,-111.22413449221206 ,-4.1194123886004474
201801   ,06           ,11   ,-31.065339491105323 ,-2.8241217719186658
201910   ,02           ,41   ,-62.169744657569829 ,-1.5163352355504838
201907   ,10           ,5    ,-14.540759766585509 ,-2.9081519533171019
201607   ,20           ,28   ,-143.32716592472769 ,-5.11882735445456
201911   ,02           ,91   ,-169.2195983499669  ,-1.8595560258238124
201911   ,06           ,49   ,-67.411618409706762 ,-1.3757473144838115
201610   ,20           ,6    ,-25.203852019050938 ,-4.2006420031751563
201510   ,11           ,55   ,-106.31597155036351 ,-1.9330176645520647
201801   ,09           ,17   ,-66.457388275990866 ,-3.9092581338818158
201809   ,02           ,100  ,-199.37917351528426 ,-1.9937917351528427
201512   ,13           ,20   ,-62.695086192885135 ,-3.1347543096442574
201502   ,03           ,15   ,-29.7361640245546   ,-1.9824109349703065
201904   ,05           ,87   ,-88.108849276084314 ,-1.0127453939779807
201912   ,06           ,22   ,-31.367546760985849 ,-1.4257975800448115
201808   ,04           ,109  ,-257.85790854971884 ,-2.3656688857772372
201808   ,16           ,2    ,-8.48806366047746   ,-4.24403183023873
201908   ,19           ,59   ,-275.35368493067995 ,-4.6670116089945761
201607   ,17           ,58   ,-185.67374854619621 ,-3.2012715266585556
201707   ,15           ,11   ,-17.73367444392726  ,-1.6121522221752056
201807   ,05           ,94   ,-221.27920236127127 ,-2.3540340676730982
201808   ,17           ,6    ,-8.8271197121798988 ,-1.4711866186966498
201901   ,20           ,15   ,-33.286113158293    ,-2.2190742105528667
201810   ,14           ,5    ,-3.8162922687083505 ,-0.76325845374167
201510   ,18           ,2    ,-5.67951318458418   ,-2.83975659229209
201901   ,14           ,3    ,-13.598646723646711 ,-4.5328822412155709
201903   ,20           ,1    ,-4.46428571428571   ,-4.46428571428571
201805   ,08           ,30   ,-29.39225540715422  ,-0.97974184690514043
201705   ,19           ,44   ,-228.36047313919636 ,-5.1900107531635538
201605   ,02           ,142  ,-329.23532463007882 ,-2.3185586241554832
201609   ,10           ,5    ,-12.194645994799    ,-2.4389291989598
201509   ,14           ,14   ,-30.941874880176677 ,-2.21013392001262
201806   ,02           ,40   ,-58.335083898440459 ,-1.4583770974610117
201901   ,08           ,20   ,-75.233431024997685 ,-3.7616715512498851
201812   ,19           ,26   ,-55.159124328633368 ,-2.1215047818705139
201912   ,15           ,15   ,-49.890746097353912 ,-3.3260497398235946
201507   ,14           ,13   ,-133.36514944459486 ,-10.25885764958422
201807   ,19           ,62   ,-252.18360247320459 ,-4.0674774592452367
201810   ,16           ,8    ,-26.577132046913391 ,-3.3221415058641734
201512   ,10           ,6    ,-27.773633436110387 ,-4.6289389060183987
201911   ,13           ,23   ,-62.936925532371433 ,-2.736388066624845
201605   ,10           ,8    ,-23.545478852266143 ,-2.9431848565332679
201604   ,10           ,3    ,-2.9806259314456    ,-0.99354197714853332
201607   ,12           ,42   ,-102.97564200839381 ,-2.4518010001998523
202005   ,05           ,10   ,-4.1399015633906115 ,-0.41399015633906111
201906   ,14           ,18   ,-29.933576013969372 ,-1.6629764452205205
201704   ,04           ,196  ,-896.13916036422142 ,-4.5721385732868436
201612   ,15           ,14   ,-23.279139250563617 ,-1.6627956607545442
201511   ,17           ,28   ,-154.79136963759223 ,-5.5282632013425816
201809   ,08           ,24   ,-37.467890549661092 ,-1.5611621062358791
201912   ,11           ,269  ,-1500.6215458765971 ,-5.5785187579055657
201807   ,02           ,117  ,-307.07060569556336 ,-2.6245350914150709
201808   ,13           ,9    ,-30.4862151613394   ,-3.3873572401488223
201808   ,09           ,24   ,-98.489991611912956 ,-4.1037496504963737
201512   ,14           ,7    ,-9.6030284718669847 ,-1.3718612102667123
201905   ,14           ,10   ,-37.531738520141424 ,-3.7531738520141418
201507   ,18           ,1    ,-3.01318267419962   ,-3.01318267419962
201503   ,01           ,268  ,-1159.7094240394613 ,-4.3272739702964982
201512   ,12           ,46   ,-154.10956595746546 ,-3.350207955597075
201611   ,16           ,10   ,-14.9150664701947   ,-1.4915066470194702
201503   ,19           ,87   ,-426.90859632617645 ,-4.9069953600709919
201605   ,05           ,97   ,-152.67710348290524 ,-1.5739907575557235
201809   ,04           ,121  ,-155.1180219551338  ,-1.2819671235961472
201809   ,18           ,5    ,-15.270187336433812 ,-3.0540374672867614
201907   ,05           ,81   ,-65.473562138060743 ,-0.80831558195136732
201510   ,16           ,17   ,-72.077010743066708 ,-4.2398241613568644
201709   ,13           ,6    ,-11.159419025865159 ,-1.8599031709775267
201610   ,14           ,14   ,-34.885778358264133 ,-2.4918413113045816
201912   ,01           ,162  ,-716.25196572805112 ,-4.4213084304200692
202005   ,19           ,24   ,-20.849804525466503 ,-0.86874185522777092
201909   ,09           ,4    ,-17.561221882200382 ,-4.3903054705500946
202004   ,11           ,48   ,-206.45556747604448 ,-4.3011576557509272
201704   ,09           ,48   ,-289.21063911725787 ,-6.0252216482762044
201702   ,05           ,119  ,-242.69023803869862 ,-2.03941376503108
201703   ,07           ,17   ,-38.951429139031617 ,-2.291260537590095
201804   ,11           ,57   ,-304.12640300449112 ,-5.3355509299033521
201606   ,12           ,42   ,-147.45275645702392 ,-3.5107799156434267
201511   ,04           ,175  ,-477.14303133053335 ,-2.7265316076030479
201511   ,03           ,21   ,-102.82904640775439 ,-4.8966212575121135
201811   ,07           ,18   ,-45.53257297511626  ,-2.5295873875064587
201904   ,08           ,21   ,-70.192143127290365 ,-3.3424830060614457
201505   ,09           ,12   ,-37.384035625391753 ,-3.11533630211598
201908   ,10           ,22   ,-28.021901552650391 ,-1.273722797847745
201812   ,13           ,15   ,-48.844504356271713 ,-3.256300290418114
201502   ,06           ,11   ,-46.720144061285374 ,-4.2472858237532156
201807   ,06           ,14   ,-33.361971436803309 ,-2.3829979597716648
201812   ,14           ,5    ,-8.92373889706513   ,-1.784747779413026
201807   ,18           ,8    ,-14.152063057091599 ,-1.7690078821364499
201510   ,01           ,113  ,-244.25007835766846 ,-2.1615051182094547
201805   ,16           ,11   ,-27.398764563049298 ,-2.4907967784590275
201705   ,03           ,28   ,-24.527262495035124 ,-0.87597366053696868
201504   ,01           ,352  ,-877.25583984135812 ,-2.4922040904584044
201507   ,01           ,66   ,-192.00905709149643 ,-2.9092281377499449
201607   ,15           ,53   ,-189.91006758249054 ,-3.5832088223111427
201802   ,02           ,44   ,-105.60777048478325 ,-2.4001766019268915
201802   ,20           ,2    ,-8.5041761579347    ,-4.25208807896735
201506   ,17           ,18   ,-66.930831711666372 ,-3.7183795395370205
201506   ,05           ,46   ,-99.797015680909382 ,-2.1695003408893347
201810   ,01           ,86   ,-206.00425810473024 ,-2.3953983500550029
201512   ,05           ,88   ,-222.14130493136332 ,-2.5243330105836734
201701   ,19           ,53   ,-181.08838312495431 ,-3.4167619457538541
201601   ,09           ,3    ,-10.53412232472899  ,-3.5113741082429972
201903   ,01           ,87   ,-304.31905693032263 ,-3.49792019460141
201811   ,14           ,15   ,-41.731513531971423 ,-2.782100902131428
201806   ,13           ,15   ,-46.256253255928257 ,-3.0837502170618833
201912   ,20           ,5    ,-16.789689214399253 ,-3.35793784287985
201812   ,05           ,68   ,-30.198949293065482 ,-0.44410219548625696
201905   ,10           ,1    ,-2.06185567010309   ,-2.06185567010309
201804   ,07           ,4    ,-8.28207390338064   ,-2.07051847584516
201707   ,16           ,17   ,-73.096364700763729 ,-4.2997861588684545
201612   ,01           ,109  ,-297.62251392358996 ,-2.7304817791155052
201711   ,20           ,2    ,-6.43298979977732   ,-3.21649489988866
201709   ,07           ,22   ,-98.581857440650538 ,-4.48099352002957
201502   ,13           ,21   ,-61.93786849769559  ,-2.9494223094140755
201811   ,03           ,44   ,-55.697342355510578 ,-1.2658486898979677
201806   ,04           ,129  ,-140.24853794963684 ,-1.0871979686018358
201902   ,05           ,57   ,-84.315799639216138 ,-1.4792245550739676
201612   ,20           ,3    ,-11.422009870062649 ,-3.8073366233542165
201905   ,17           ,31   ,-100.46841876395317 ,-3.2409167343210696
201809   ,15           ,35   ,-41.322991386324844 ,-1.1806568967521383
201607   ,02           ,109  ,-306.5676942338788  ,-2.8125476535218237
201911   ,11           ,40   ,-90.248488515480659 ,-2.2562122128870161
201703   ,18           ,5    ,-3.4287689911432189 ,-0.6857537982286438
201611   ,01           ,175  ,-498.41342166616369 ,-2.8480766952352212
201706   ,13           ,12   ,-21.83042087462519  ,-1.819201739552099
201604   ,04           ,315  ,-833.410968293606   ,-2.6457491056939872
201601   ,12           ,56   ,-99.37236963032656  ,-1.774506600541546
201606   ,09           ,38   ,-116.82198709026693 ,-3.074262818164919
201802   ,18           ,3    ,-8.00257455481662   ,-2.66752485160554
201601   ,05           ,49   ,-83.428717024928815 ,-1.7026268780597711
201801   ,16           ,10   ,-21.61793631507107  ,-2.1617936315071069
201907   ,19           ,30   ,-76.3797190942011   ,-2.54599063647337
201504   ,18           ,8    ,-32.836578168897894 ,-4.1045722711122359
201902   ,19           ,34   ,-98.090192877989892 ,-2.8850056728820554
201511   ,10           ,15   ,-61.973005039576265 ,-4.1315336693050844
201810   ,15           ,6    ,-5.0769741201294405 ,-0.84616235335490664
201812   ,16           ,23   ,-50.861040273676807 ,-2.2113495771163829
202004   ,02           ,51   ,-245.57856425075272 ,-4.8152659657010348
201704   ,18           ,24   ,-64.050295194634685 ,-2.6687622997764451
201711   ,17           ,53   ,-216.83145715247946 ,-4.0911595689147076
201803   ,15           ,7    ,-20.734193219560108 ,-2.9620276027943011
201511   ,12           ,18   ,-70.567271651906069 ,-3.9204039806614484
201804   ,04           ,116  ,-248.85931798915141 ,-2.1453389481823391
201701   ,06           ,21   ,-40.71476992850409  ,-1.9387985680240043
201708   ,15           ,24   ,14.505304196919905  ,0.60438767487166289
201706   ,09           ,10   ,-18.816678221755168 ,-1.881667822175517
201606   ,05           ,119  ,-273.46503409898173 ,-2.2980254966300988
201605   ,18           ,9    ,-25.034479507898592 ,-2.781608834210954
201506   ,06           ,30   ,-4.2974665250232409 ,-0.1432488841674413
201907   ,08           ,28   ,-26.173515842530978 ,-0.934768422947535
201903   ,10           ,13   ,-36.804203095394882 ,-2.8310925457996072
202001   ,10           ,17   ,-71.992471543285717 ,-4.2348512672521
202002   ,05           ,86   ,-142.86170653395567 ,-1.6611826341157632
202002   ,16           ,44   ,-111.63052274363829 ,-2.5370573350826886
201710   ,02           ,36   ,-74.669942010978119 ,-2.0741650558605027
201605   ,08           ,40   ,-50.192428328348953 ,-1.2548107082087239
201812   ,01           ,72   ,-231.75407522452292 ,-3.2188066003405962
201807   ,08           ,36   ,-101.64261261025948 ,-2.8234059058405414
201504   ,07           ,10   ,-8.14190869519612   ,-0.814190869519612
201910   ,19           ,20   ,-81.522321649708644 ,-4.0761160824854326
201807   ,16           ,17   ,-59.625473754955259 ,-3.5073808091150149
201912   ,09           ,5    ,-5.56312766112703   ,-1.1126255322254064
201905   ,16           ,2    ,-6.93236714975845   ,-3.4661835748792251
201702   ,20           ,4    ,-12.96754965885539  ,-3.2418874147138474
201505   ,15           ,2    ,-3.9698560256196    ,-1.9849280128098
201702   ,14           ,1    ,2.58660508083141    ,2.58660508083141
201903   ,13           ,2    ,-3.79366577976138   ,-1.89683288988069
201610   ,07           ,34   ,-59.954069840951973 ,-1.7633549953221175
201702   ,11           ,75   ,-226.57227848892273 ,-3.0209637131856373
201703   ,16           ,22   ,-57.183866533949811 ,-2.5992666606340822
201711   ,16           ,19   ,-47.853287230381213 ,-2.5185940647569058
201711   ,11           ,57   ,-144.06187664277374 ,-2.5274013446100656
201605   ,06           ,25   ,-58.363450036872813 ,-2.3345380014749124
201605   ,14           ,40   ,-72.693199462975954 ,-1.8173299865743993
201804   ,17           ,67   ,-324.979488253915   ,-4.8504401231927616
201703   ,20           ,1    ,-3.53477765108324   ,-3.53477765108324
201712   ,02           ,42   ,-82.082419456421846 ,-1.9543433203909957
201506   ,10           ,9    ,-33.897450520174473 ,-3.766383391130498
201810   ,03           ,41   ,-69.7279955384355   ,-1.7006828180106217
201804   ,12           ,23   ,-84.103224569143336 ,-3.656661937788841
201509   ,19           ,64   ,-279.54919161885914 ,-4.367956119044675
201603   ,06           ,25   ,-7.0758140027647087 ,-0.28303256011058853
201506   ,07           ,8    ,-6.46682280187405   ,-0.8083528502342564
201510   ,12           ,26   ,-75.665748161377309 ,-2.9102210831298962
201507   ,17           ,28   ,-157.36198162149486 ,-5.6200707721962466
201903   ,12           ,50   ,-61.049676522711977 ,-1.2209935304542394
201905   ,06           ,22   ,-62.189180233038215 ,-2.8267809196835549
201512   ,07           ,8    ,-29.9571451235049   ,-3.7446431404381126
201506   ,20           ,2    ,-7.71581359816654   ,-3.85790679908327
201611   ,04           ,164  ,-279.59036978769461 ,-1.7048193279737474
201704   ,06           ,25   ,-65.4175439275488   ,-2.6167017571019517
201701   ,01           ,234  ,-517.36193618386471 ,-2.210948445230192
201505   ,05           ,140  ,-201.27445867715949 ,-1.4376747048368541
201608   ,07           ,20   ,-105.27934688810159 ,-5.2639673444050787
201711   ,07           ,20   ,-52.74362103619103  ,-2.6371810518095518
201503   ,06           ,41   ,-128.89993736465755 ,-3.1439009113331124
201511   ,16           ,15   ,-59.295518695970415 ,-3.9530345797313613
201512   ,03           ,35   ,-112.43710233287221 ,-3.2124886380820636
201804   ,10           ,6    ,-10.934909864854669 ,-1.8224849774757783
201510   ,06           ,23   ,-20.332006575903719 ,-0.88400028590885749
202002   ,12           ,68   ,-117.92928117111235 ,-1.7342541348692992
202003   ,10           ,10   ,-3.829030279583     ,-0.38290302795830011
201806   ,14           ,5    ,-8.57267841519809   ,-1.7145356830396179
201910   ,14           ,8    ,-21.10519030145889  ,-2.6381487876823608
201909   ,19           ,63   ,-193.60060061189483 ,-3.0730254065380138
202002   ,15           ,3    ,-1.4218009478673    ,-0.4739336492891
201707   ,07           ,11   ,-1.77468744082213   ,-0.16133522189292096
201703   ,15           ,22   ,-51.548725871842343 ,-2.3431239032655613
201608   ,02           ,74   ,-135.44820699910508 ,-1.8303811756635824
201709   ,02           ,52   ,-196.38919424394916 ,-3.776715273922099
201609   ,05           ,137  ,-239.48727561490091 ,-1.7480823037584008
201503   ,17           ,102  ,-583.92497638460281 ,-5.7247546704372825
201705   ,17           ,20   ,-79.458148027269289 ,-3.9729074013634649
201604   ,02           ,147  ,-481.87360915765527 ,-3.2780517629772463
201512   ,02           ,35   ,-35.307806484044605 ,-1.0087944709727028
201504   ,16           ,71   ,-127.17585411154631 ,-1.791209212838681
201712   ,06           ,24   ,-77.763275272688915 ,-3.2401364696953712
201810   ,12           ,30   ,-31.08340415765009  ,-1.0361134719216698
201603   ,12           ,17   ,-75.459620990612549 ,-4.4388012347419163
201907   ,07           ,13   ,19.61812097077847   ,1.5090862285214208
201912   ,17           ,23   ,-78.5178317895494   ,-3.4138187734586691
201807   ,12           ,21   ,-50.435224812043238 ,-2.4016773720020583
201910   ,12           ,17   ,-59.8965118173796   ,-3.5233242245517409
201809   ,07           ,18   ,-48.422929633619177 ,-2.690162757423288
201902   ,08           ,14   ,-50.624582373539873 ,-3.6160415981099909
201502   ,09           ,3    ,-2.97142857142857   ,-0.99047619047619007
201705   ,15           ,11   ,-26.875320392540779 ,-2.4432109447764341
201811   ,15           ,4    ,-1.1983510689291599 ,-0.29958776723228997
202003   ,17           ,47   ,-209.10203022324421 ,-4.4489793664520043
201611   ,06           ,45   ,-61.453707204708664 ,-1.3656379378824148
201701   ,02           ,62   ,-127.42863391707975 ,-2.0553005470496735
201701   ,14           ,22   ,-28.141236321808272 ,-1.2791471055367398
201705   ,05           ,118  ,-249.82841041801237 ,-2.1171899187967149
201705   ,14           ,4    ,-5.96329861012673   ,-1.4908246525316824
201612   ,13           ,19   ,-49.387756011979562 ,-2.5993555795778716
201804   ,18           ,11   ,-43.174102446524628 ,-3.924918404229512
201602   ,12           ,64   ,-106.63889887747592 ,-1.6662327949605606
201802   ,03           ,19   ,-19.418353620177729 ,-1.0220186115883014
201810   ,04           ,121  ,-192.72120607242044 ,-1.5927372402679374
201601   ,02           ,68   ,-100.78771353719516 ,-1.4821722578999288
201604   ,09           ,15   ,-53.938001135502368 ,-3.5958667423668249
201602   ,09           ,18   ,-87.788116965816812 ,-4.8771176092120436
201806   ,09           ,7    ,-10.231667829404211 ,-1.4616668327720301
201808   ,19           ,27   ,-125.94102642803871 ,-4.66448246029773
201909   ,14           ,3    ,-11.562499999999979 ,-3.85416666666666
201806   ,08           ,20   ,-47.961910195766841 ,-2.3980955097883419
201607   ,14           ,8    ,-15.9244805079177   ,-1.9905600634897123
201904   ,13           ,10   ,-11.931792900707379 ,-1.1931792900707383
201611   ,05           ,122  ,-172.13121257673211 ,-1.4109115784978039
201611   ,09           ,35   ,-150.93549067781527 ,-4.3124425907947224
201611   ,14           ,7    ,-9.0073513799624223 ,-1.2867644828517746
201610   ,13           ,22   ,-72.299047020166071 ,-3.2863203190984573
202003   ,03           ,23   ,-65.105989856769853 ,-2.8306952111639068
201608   ,05           ,114  ,-160.79891012564192 ,-1.4105167554880875
201706   ,11           ,68   ,-349.02159869299447 ,-5.1326705690146239
201504   ,13           ,42   ,-112.40175614941631 ,-2.6762322892718173
201803   ,04           ,305  ,-477.81427991843924 ,-1.5666041964538993
201502   ,11           ,34   ,-82.2329964165139   ,-2.4186175416621731
201803   ,20           ,4    ,-8.49090189873418   ,-2.1227254746835449
201801   ,19           ,35   ,-131.32818535295479 ,-3.7522338672272797
201507   ,07           ,38   ,-4.38135035309776   ,-0.11529869350257269
201812   ,17           ,39   ,-190.5242128914565  ,-4.8852362279860646
201906   ,20           ,4    ,-12.21082677818714  ,-3.0527066945467847
201911   ,08           ,36   ,-105.2564023869808  ,-2.9237889551939107
201802   ,15           ,4    ,-19.599109131403122 ,-4.89977728285078
201707   ,11           ,240  ,-767.54089502982652 ,-3.198087062624277
201702   ,09           ,19   ,-84.954390717731314 ,-4.4712837219858592
201504   ,15           ,15   ,-21.17740566358653  ,-1.4118270442391021
201508   ,01           ,112  ,-96.353631779816084 ,-0.8603002837483581
201504   ,11           ,230  ,-807.37875949035947 ,-3.5103424325667802
201807   ,17           ,36   ,-129.04077752708477 ,-3.5844660424190207
201503   ,18           ,15   ,-71.899333468228861 ,-4.7932888978819239
202002   ,14           ,15   ,-57.051517872715834 ,-3.8034345248477219
201902   ,17           ,42   ,-133.48195398743735 ,-3.1781417616056511
201707   ,14           ,21   ,-38.804720840263975 ,-1.84784384953638
201807   ,07           ,10   ,-23.177958822972112 ,-2.3177958822972107
201906   ,11           ,72   ,-175.27593721924819 ,-2.434388016934002
202001   ,07           ,20   ,-68.111886791958341 ,-3.4055943395979167
202001   ,09           ,7    ,-18.377465274104    ,-2.6253521820148573
201905   ,19           ,22   ,-40.988687501188892 ,-1.8631221591449498
201910   ,01           ,63   ,-95.613442704462628 ,-1.5176736937216289
201910   ,06           ,5    ,-3.88124036192706   ,-0.776248072385412
201909   ,17           ,37   ,-110.86992875167208 ,-2.9964845608560022
202003   ,09           ,7    ,-31.641820889788509 ,-4.5202601271126444
201601   ,18           ,4    ,-5.3052058306214604 ,-1.3263014576553651
201904   ,10           ,4    ,-16.91748007077112  ,-4.22937001769278
201707   ,13           ,14   ,-48.012680651903921 ,-3.4294771894217084
201702   ,04           ,133  ,-189.0830320833785  ,-1.4216769329577332
201702   ,06           ,18   ,-83.9289509531651   ,-4.6627194973980606
201505   ,01           ,146  ,-259.3565847908464  ,-1.7764149643208649
201606   ,13           ,71   ,-178.872611183058   ,-2.5193325518740566
201802   ,01           ,133  ,-222.63882598574131 ,-1.6739761352311378
201810   ,05           ,60   ,-102.48351797126841 ,-1.7080586328544738
201602   ,13           ,15   ,-59.806637285646076 ,-3.9871091523764042
202002   ,19           ,47   ,-163.95499038305715 ,-3.4884040507033429
202003   ,20           ,2    ,-14.3558282208589   ,-7.17791411042945
201812   ,02           ,39   ,-108.44082520848423 ,-2.7805339797047233
201812   ,04           ,111  ,-192.5334537755927  ,-1.7345356195999342
201901   ,16           ,14   ,-17.197185519789478 ,-1.2283703942706772
201509   ,20           ,3    ,-8.733153638814     ,-2.911051212938
201703   ,08           ,32   ,-88.866317808310072 ,-2.7770724315096897
201803   ,08           ,18   ,-43.017402637520071 ,-2.3898557020844486
201506   ,02           ,56   ,-74.835276819980791 ,-1.3363442289282281
201607   ,07           ,22   ,-48.160394566938137 ,-2.1891088439517334
201603   ,08           ,32   ,-84.7236092250345   ,-2.6476127882823284
201804   ,03           ,23   ,-79.55576230668639  ,-3.4589461872472347
201908   ,04           ,184  ,-198.60631567585745 ,-1.0793821504122687
202001   ,18           ,4    ,-22.4769630968652   ,-5.6192407742162995
201910   ,04           ,65   ,-104.51315374621304 ,-1.6078946730186623
201810   ,07           ,2    ,-8.65969137245734   ,-4.32984568622867
201902   ,13           ,30   ,-36.944343142559994 ,-1.2314781047519998
201904   ,03           ,44   ,-42.854879793691829 ,-0.97397454076572321
201911   ,16           ,4    ,-2.3650419287211868 ,-0.5912604821802967
201704   ,03           ,63   ,-310.4249035872358  ,-4.9273794220196159
201602   ,17           ,85   ,-265.57957213372492 ,-3.12446555451441
201511   ,11           ,57   ,-189.90586433733978 ,-3.3316818304796452
201607   ,03           ,88   ,-149.24223211800231 ,-1.6959344558863896
201607   ,04           ,462  ,-784.51760593313884 ,-1.698090056132336
201609   ,16           ,16   ,-70.422208642783815 ,-4.4013880401739884
201801   ,03           ,29   ,-28.521408337262649 ,-0.98349683921595343
201604   ,05           ,134  ,-317.54814500717964 ,-2.3697622761729824
201503   ,15           ,15   ,-2.51360866373082   ,-0.167573910915388
201810   ,11           ,71   ,-225.76953341427154 ,-3.1798525832995992
201812   ,11           ,61   ,-150.0144635481638  ,-2.4592535007895706
201812   ,03           ,24   ,-37.194921086882076 ,-1.5497883786200863
201804   ,20           ,1    ,1.50250417362271    ,1.50250417362271
201906   ,12           ,43   ,-61.569742840575323 ,-1.4318544846645422
201906   ,02           ,43   ,-50.829662322010613 ,-1.1820851702793167
201602   ,16           ,14   ,-58.60988506926266  ,-4.1864203620901907
201902   ,04           ,175  ,-335.45600855811307 ,-1.9168914774749322
201904   ,01           ,88   ,-258.9285093992753  ,-2.9423694249917647
201811   ,12           ,14   ,-47.902400544734022 ,-3.4216000389095726
202002   ,09           ,2    ,-11.63434903047092  ,-5.81717451523546
202005   ,04           ,8    ,-8.749368084979281  ,-1.0936710106224101
201703   ,03           ,41   ,-120.49208357925286 ,-2.938831306811045
201609   ,06           ,23   ,-76.6619524763557   ,-3.3331283685372028
201502   ,05           ,74   ,-197.39666559197423 ,-2.6675225079996525
201503   ,09           ,38   ,-220.28556246862209 ,-5.79698848601637
201604   ,06           ,27   ,-71.914248877965761 ,-2.6634906991839173
201506   ,13           ,32   ,-107.76175315840047 ,-3.3675547862000155
201604   ,19           ,93   ,-359.9594063157528  ,-3.87053125070702
201609   ,15           ,3    ,-8.29098777169458   ,-2.76366259056486
201509   ,16           ,18   ,-59.43466297441946  ,-3.30192572080108
201806   ,19           ,19   ,-25.39998550038279  ,-1.33684134212541
201808   ,02           ,49   ,-93.875330142061813 ,-1.9158230641237102
201808   ,01           ,42   ,-71.630277090006885 ,-1.7054827878573067
201512   ,19           ,34   ,-78.6727066740184   ,-2.31390313747113
201704   ,16           ,12   ,-55.053661053017692 ,-4.5878050877514749
201910   ,11           ,29   ,-96.786128912795064 ,-3.3374527211308647
201502   ,17           ,16   ,-85.438510596962459 ,-5.3399069123101528
201712   ,16           ,9    ,0.74665908342476994 ,0.082962120380529913
201606   ,10           ,6    ,-8.24111765633231   ,-1.3735196093887181
201608   ,06           ,33   ,-65.142514164041756 ,-1.9740155807285382
201711   ,12           ,20   ,-43.585946324312069 ,-2.1792973162156031
201612   ,07           ,6    ,-12.984855801747312 ,-2.1641426336245519
201712   ,05           ,59   ,-83.099291725353226 ,-1.4084625716161561
201712   ,20           ,13   ,-60.438077026884386 ,-4.6490828482218758
201503   ,11           ,203  ,-1054.176225850963  ,-5.1929863342411933
201903   ,11           ,100  ,-403.34310174186635 ,-4.0334310174186641
201811   ,02           ,101  ,-433.81417018265728 ,-4.2951898037886833
201510   ,15           ,31   ,-42.872936344400557 ,-1.3829979465935665
201906   ,04           ,164  ,-300.79274773993865 ,-1.8341021203654795
201702   ,10           ,2    ,-1.3188518231187    ,-0.65942591155935
201901   ,19           ,38   ,-82.291062706062036 ,-2.1655542817384745
201908   ,06           ,26   ,-53.85759756875477  ,-2.0714460603367217
201906   ,03           ,49   ,-59.734150338445339 ,-1.2190642926213333
201811   ,18           ,3    ,-12.845303867403329 ,-4.28176795580111
201912   ,10           ,3    ,-15.406313663352549 ,-5.1354378877841835
201704   ,14           ,4    ,-22.918621321183682 ,-5.72965533029592
202003   ,06           ,7    ,-8.89606225501931   ,-1.2708660364313298
202003   ,19           ,14   ,-57.562020236981738 ,-4.1115728740701245
201609   ,17           ,78   ,-264.05400374908749 ,-3.3853077403729146
201603   ,11           ,140  ,-730.12476579072393 ,-5.21517689850517
201608   ,17           ,44   ,-140.66529918448276 ,-3.1969386178291543
201510   ,10           ,7    ,-24.930761709107824 ,-3.5615373870154028
201604   ,03           ,72   ,-114.04288309251216 ,-1.5839289318404468
202002   ,11           ,230  ,-929.31175514960069 ,-4.0404858919547859
201901   ,05           ,60   ,-125.34821931932828 ,-2.0891369886554711
201608   ,10           ,8    ,-14.3151086565621   ,-1.7893885820702622
202005   ,03           ,3    ,-5.46480285839654   ,-1.8216009527988464
201905   ,18           ,6    ,-25.128501362858181 ,-4.1880835604763629
201911   ,01           ,79   ,-173.71682961159649 ,-2.1989472102733734
201812   ,08           ,10   ,-2.57857009445312   ,-0.257857009445312
201812   ,15           ,2    ,0.0                 ,0.0
201807   ,15           ,4    ,-18.157150534318859 ,-4.5392876335797148
201611   ,02           ,77   ,-218.9406077534797  ,-2.8433845162789564
201707   ,09           ,15   ,-44.045173787245126 ,-2.9363449191496747
201710   ,17           ,40   ,-100.31535002582123 ,-2.5078837506455303
201512   ,11           ,82   ,-312.28841110008864 ,-3.8083952573181543
201705   ,11           ,69   ,-134.98270471020598 ,-1.9562710827566079
201601   ,01           ,131  ,-210.05154102546257 ,-1.603446878056966
201804   ,13           ,19   ,-93.3530481516322   ,-4.913318323770115
201504   ,14           ,40   ,-117.24573382036073 ,-2.9311433455090183
201602   ,07           ,9    ,-14.893050830878948 ,-1.6547834256532163
201811   ,17           ,15   ,-22.502684680521391 ,-1.5001789787014259
201806   ,11           ,106  ,-284.65396901677786 ,-2.685414802045075
202002   ,08           ,26   ,-49.939889257673428 ,-1.9207649714489785
201902   ,10           ,8    ,-3.18403335804992   ,-0.39800416975624003
201502   ,16           ,6    ,-11.654795560210783 ,-1.942465926701797
201908   ,01           ,73   ,-216.61245464333024 ,-2.9672938992237015
201912   ,12           ,35   ,-174.76632866924589 ,-4.9933236762641693
202002   ,07           ,5    ,-6.5990802170627605 ,-1.3198160434125519
201809   ,16           ,9    ,-50.6330720463543   ,-5.6258968940393661
201606   ,14           ,3    ,-4.95610382692367   ,-1.6520346089745566
201608   ,09           ,29   ,-68.570869891476647 ,-2.3645127548785059
201701   ,11           ,103  ,-307.79117656469305 ,-2.9882638501426508
201706   ,05           ,68   ,-92.866789979530083 ,-1.3656880879342657
201612   ,19           ,74   ,-279.56383714986879 ,-3.7778896912144435
201703   ,12           ,17   ,-86.8612413003035   ,-5.109484782370795
201606   ,01           ,182  ,-421.34327986597981 ,-2.3150729662965923
201801   ,18           ,17   ,-59.338563688853142 ,-3.4905037464031259
201512   ,16           ,17   ,-24.716767243557737 ,-1.4539274849151611
201811   ,04           ,111  ,-124.07681851935189 ,-1.1178091758500168
201904   ,12           ,51   ,-114.04487487187126 ,-2.2361740170955153
201903   ,14           ,5    ,8.2291850026403779  ,1.6458370005280756
201906   ,05           ,84   ,-246.19670984798827 ,-2.93091321247605
201607   ,13           ,48   ,-122.69949784008631 ,-2.5562395383351313
201507   ,08           ,28   ,-23.353829378365642 ,-0.83406533494162993
201909   ,08           ,53   ,-150.14967600455185 ,-2.8330127548028656
202003   ,07           ,13   ,-26.131467105217968 ,-2.0101128542475362
201604   ,20           ,2    ,-4.37580437580438   ,-2.18790218790219
201610   ,19           ,89   ,-236.42668398233403 ,-2.6564795953071241
201609   ,19           ,64   ,-253.6087638555889  ,-3.9626369352435766
201705   ,13           ,4    ,-9.1369119804633    ,-2.2842279951158249
201508   ,04           ,144  ,-191.30460301341566 ,-1.3285041875931651
201508   ,16           ,21   ,-59.63026111102306  ,-2.8395362433820508
201607   ,06           ,25   ,-36.729829134426012 ,-1.4691931653770407
201802   ,04           ,128  ,-294.16556222212728 ,-2.2981684548603694
201801   ,04           ,133  ,-227.60470021421065 ,-1.7113135354451923
201604   ,12           ,73   ,-330.0216016043359  ,-4.5208438575936434
202001   ,03           ,68   ,-157.78840076235227 ,-2.320417658269887
201902   ,02           ,52   ,-125.42605406888245 ,-2.4120395013246632
201808   ,11           ,42   ,-170.10107979745629 ,-4.0500257094632452
201807   ,11           ,79   ,-155.73244832139852 ,-1.9712968141949181
201911   ,14           ,5    ,-8.43064566932452   ,-1.686129133864904
202004   ,19           ,59   ,-224.21341425108557 ,-3.8002273601878906
201702   ,16           ,14   ,-54.349029412431591 ,-3.8820735294593995
201609   ,13           ,11   ,-21.399253361035818 ,-1.9453866691850745
201502   ,02           ,52   ,-138.44920821712432 ,-2.6624847734062378
201803   ,09           ,105  ,-257.6959344866433  ,-2.4542469951108883
201604   ,07           ,43   ,-110.74984334713595 ,-2.5755777522589747
201609   ,18           ,8    ,-13.53486790188092  ,-1.6918584877351148
201603   ,03           ,42   ,-118.36253239814326 ,-2.8181555332891257
201510   ,14           ,10   ,-19.577204944708271 ,-1.9577204944708269
201810   ,09           ,15   ,-62.140183202674308 ,-4.1426788801782877
201509   ,10           ,11   ,-30.038182220608746 ,-2.7307438382371592
201907   ,01           ,83   ,-187.9126869453961  ,-2.2640082764505554
201509   ,13           ,11   ,-51.822829896457392 ,-4.7111663542233986
201907   ,02           ,25   ,-14.998035941938243 ,-0.59992143767752959
201904   ,04           ,196  ,-364.40090542476156 ,-1.8591882929834773
202001   ,04           ,302  ,-1028.1669459531138 ,-3.4045263111030253
201602   ,06           ,18   ,-55.842546088971034 ,-3.1023636716095022
201807   ,10           ,11   ,-32.920984952080047 ,-2.9928168138254589
201909   ,18           ,16   ,-49.450920991141423 ,-3.0906825619463385
202005   ,06           ,8    ,-10.04525993918951  ,-1.2556574923986887
201612   ,10           ,4    ,-19.106830122591941 ,-4.7767075306479851
202004   ,04           ,114  ,-348.90714529423428 ,-3.0605889938090733
201707   ,08           ,49   ,-149.1174213966703  ,-3.0432126815647003
201707   ,19           ,113  ,-360.651640516076   ,-3.1916074381953616
201703   ,11           ,124  ,-508.98100140122654 ,-4.1046854951711813
201803   ,06           ,27   ,-53.2009139889506   ,-1.9704042218129849
201803   ,17           ,323  ,-1098.1410153327624 ,-3.3998173849311506
201805   ,07           ,10   ,-43.521248895297134 ,-4.3521248895297129
201507   ,19           ,66   ,-263.99372015606423 ,-3.9999048508494588
201801   ,08           ,34   ,-77.651831957545852 ,-2.2838774105160544
201708   ,14           ,3    ,-5.46875            ,-1.8229166666666665
201601   ,15           ,19   ,-13.077912812227758 ,-0.68831120064356621
201509   ,06           ,33   ,-79.718399368326757 ,-2.4157090717674774
201601   ,16           ,9    ,-37.356778222377244 ,-4.1507531358196932
201902   ,14           ,3    ,-12.312553556126829 ,-4.1041845187089434
201901   ,02           ,29   ,-38.137019678399739 ,-1.3150696440827496
201506   ,15           ,7    ,-4.1210196172097096 ,-0.58871708817281565
201905   ,05           ,36   ,-82.963020610503548 ,-2.3045283502917653
201801   ,10           ,4    ,-22.546235373821489 ,-5.6365588434553722
201909   ,05           ,138  ,-266.90540100458077 ,-1.9340971087288461
201809   ,09           ,38   ,-168.53668485467122 ,-4.4351759172281895
201601   ,13           ,5    ,-19.613436091736261 ,-3.9226872183472521
201906   ,16           ,7    ,-35.294246596664941 ,-5.0420352280949912
201904   ,07           ,6    ,-16.11317979992538  ,-2.68552996665423
201610   ,15           ,34   ,-60.147028842414294 ,-1.7690302600710084
202003   ,11           ,48   ,-252.96008651487512 ,-5.2700018023932316
201702   ,01           ,136  ,-318.14026640079891 ,-2.3392666647117566
201602   ,11           ,105  ,-433.54149112380287 ,-4.1289665821314552
201505   ,10           ,19   ,-51.525452217973537 ,-2.711865906209133
201504   ,12           ,191  ,-401.72906520501004 ,-2.1032935351047648
201510   ,05           ,88   ,-178.56168291715406 ,-2.0291100331494762
201712   ,13           ,13   ,-4.75665756115608   ,-0.36589673547354462
201805   ,12           ,10   ,-30.04567390707599  ,-3.0045673907075994
201806   ,05           ,51   ,-32.972094191199069 ,-0.64651165080782491
201710   ,13           ,13   ,-51.784085118252676 ,-3.9833911629425134
201808   ,06           ,22   ,-55.044653276006358 ,-2.5020296943639257
201502   ,12           ,5    ,-13.191933798449561 ,-2.638386759689912
201506   ,08           ,23   ,-41.544141841162954 ,-1.8062670365723024
201712   ,14           ,10   ,-37.405590833074555 ,-3.7405590833074553
201910   ,07           ,10   ,-11.9672343610864   ,-1.1967234361086398
202002   ,10           ,18   ,-41.926476576634649 ,-2.329248698701925
201904   ,17           ,33   ,-120.09821234555388 ,-3.6393397680470874
201502   ,14           ,4    ,-18.264044344952531 ,-4.5660110862381327
201907   ,15           ,1    ,-2.2680412371134    ,-2.2680412371134
201610   ,01           ,290  ,-694.89657756345184 ,-2.3961950950463842
201702   ,08           ,41   ,-156.77135456821583 ,-3.8236915748345321
201805   ,19           ,52   ,-184.4381721771685  ,-3.546887926484009
201612   ,05           ,94   ,-141.94707106567409 ,-1.5100752241029158
201604   ,17           ,125  ,-345.41995069875679 ,-2.763359605590054
201804   ,08           ,21   ,-71.612144916746274 ,-3.4101021388926793
201602   ,19           ,48   ,-201.02378209943151 ,-4.1879954604048226
201810   ,18           ,11   ,-37.310009780042314 ,-3.3918190709129372
201507   ,20           ,2    ,-11.616650532429819 ,-5.80832526621491
201901   ,03           ,46   ,-83.167950231987447 ,-1.8079989180866838
201603   ,18           ,8    ,-31.162955112088959 ,-3.8953693890111194
201710   ,14           ,6    ,-20.63530155609541  ,-3.4392169260159013
201901   ,18           ,3    ,-11.251934984520108 ,-3.7506449948400364
201607   ,18           ,13   ,-106.01209818732748 ,-8.1547767836405765
201911   ,03           ,36   ,-73.458641086353254 ,-2.0405178079542572
202004   ,08           ,26   ,-64.503042674131052 ,-2.4808862566973482
201508   ,12           ,22   ,-32.408420198601156 ,-1.4731100090273255
201803   ,10           ,19   ,-57.71448498233     ,-3.0376044727542104
201504   ,06           ,42   ,-52.106083093992595 ,-1.2406210260474431
201907   ,20           ,2    ,-11.888111888111879 ,-5.94405594405594
202002   ,03           ,67   ,-106.03534568742245 ,-1.5826170998122757
201603   ,13           ,12   ,-61.338068858257458 ,-5.1115057381881224
201811   ,08           ,20   ,-26.459822445783193 ,-1.3229911222891597
201910   ,08           ,36   ,-50.65121470523146  ,-1.4069781862564295
201908   ,15           ,6    ,4.9415962995982792  ,0.82359938326637927
202002   ,13           ,9    ,-39.94373170128533  ,-4.4381924112539251
201710   ,20           ,2    ,-1.96560196560196   ,-0.98280098280098
201710   ,10           ,4    ,-8.3073855088689    ,-2.0768463772172252
201509   ,03           ,40   ,-58.554743664147175 ,-1.4638685916036789
201506   ,01           ,139  ,-305.47531284202353 ,-2.1976641211656371
201708   ,12           ,29   ,-86.6483653021642   ,-2.9878746655918684
201712   ,03           ,39   ,-69.354066624147819 ,-1.7783094006191751
201501   ,04           ,2    ,-11.9158878504673   ,-5.95794392523365
201903   ,04           ,67   ,-140.93437951851803 ,-2.1034982017689248
201903   ,05           ,69   ,-78.25048109357445  ,-1.1340649433851369
201904   ,11           ,69   ,-235.89452205214906 ,-3.4187611891615797
202001   ,17           ,40   ,-152.33987435655621 ,-3.8084968589139057
201904   ,09           ,14   ,-1.347390265037065  ,-0.0962421617883619
202003   ,16           ,15   ,-31.790243579599217 ,-2.1193495719732813
201702   ,15           ,13   ,-35.795726460741648 ,-2.75351742005705
201609   ,03           ,79   ,-129.51317073260748 ,-1.6394072244633853
201609   ,04           ,297  ,-598.45068505984023 ,-2.0149854715819537
201804   ,05           ,83   ,-227.515486433307   ,-2.7411504389555064
201601   ,10           ,5    ,-6.9213852601315606 ,-1.3842770520263121
201701   ,07           ,81   ,-150.75234067350661 ,-1.8611400083148963
201607   ,01           ,238  ,-481.36054143583453 ,-2.0225232833438422
201508   ,17           ,36   ,-131.40460427719049 ,-3.6501278965886246
201503   ,16           ,41   ,-157.2447959710359  ,-3.8352389261228259
201810   ,17           ,54   ,-231.13728179344579 ,-4.2803200332119582
201909   ,01           ,152  ,-433.11639987260094 ,-2.8494499991618487
201911   ,09           ,6    ,-21.693821588886578 ,-3.6156369314810965
201704   ,17           ,42   ,-224.85413667067203 ,-5.3536699207302867
201707   ,05           ,178  ,-333.9215952917715  ,-1.8759640184930981
201711   ,18           ,3    ,-3.86323268206041   ,-1.28774422735347
201801   ,11           ,60   ,-179.82032363365897 ,-2.9970053938943164
201805   ,15           ,11   ,-0.93124061953715   ,-0.08465823813974091
201908   ,16           ,18   ,-32.298163723078652 ,-1.7943424290599248
202003   ,13           ,2    ,-12.768637913146581 ,-6.38431895657329
202001   ,06           ,43   ,-108.57101480110182 ,-2.5249073209558563
201905   ,11           ,45   ,-126.57071236122789 ,-2.8126824969161759
201807   ,14           ,2    ,-8.44370860927152   ,-4.22185430463576
201808   ,10           ,2    ,0.34602076124568    ,0.17301038062284
201704   ,07           ,34   ,-219.48696272888679 ,-6.4554989037907884
201707   ,01           ,335  ,-742.0315282799819  ,-2.2150194874029316
201608   ,03           ,51   ,-117.19268852090399 ,-2.2978958533510587
201701   ,15           ,44   ,-88.6865753099246   ,-2.0156039843164684
201805   ,18           ,6    ,-25.926501815916438 ,-4.3210836359860734
201609   ,02           ,102  ,-192.00455012845484 ,-1.8823975502789692
201705   ,01           ,97   ,-230.87421903850139 ,-2.3801465880257875
201507   ,02           ,43   ,-89.037161181232165 ,-2.0706316553774919
201507   ,16           ,10   ,-34.746914880580533 ,-3.4746914880580531
201509   ,09           ,16   ,-20.6977712189744   ,-1.2936107011859002
201907   ,04           ,94   ,-121.7420053659676  ,-1.2951277166592294
201907   ,09           ,53   ,-225.33020533616914 ,-4.2515133082296073
201912   ,13           ,10   ,-13.852798986618192 ,-1.3852798986618189
201807   ,04           ,92   ,-107.96134045948462 ,-1.1734928310813544
201807   ,13           ,15   ,-52.059511413115835 ,-3.4706340942077221
201809   ,06           ,39   ,-48.72459805734001  ,-1.2493486681369237
201611   ,17           ,41   ,-73.831645963410438 ,-1.8007718527661085
201707   ,06           ,41   ,-64.7259116591513   ,-1.5786807721744218
201805   ,06           ,19   ,-25.966689291526528 ,-1.3666678574487647
201706   ,10           ,24   ,-79.616087849779674 ,-3.317336993740819
201711   ,04           ,115  ,-151.61479181420646 ,-1.3183894940365777
201608   ,16           ,23   ,-61.125292414388255 ,-2.6576214093212283
201606   ,07           ,14   ,-24.690704833817819 ,-1.76362177384413
201712   ,18           ,17   ,-39.467560920121016 ,-2.3216212305953539
201805   ,09           ,11   ,-66.539440843256884 ,-6.0490400766597165
201904   ,02           ,45   ,-86.386971028045579 ,-1.9197104672899019
201501   ,07           ,1    ,-5.95794392523365   ,-5.95794392523365
201901   ,10           ,8    ,-24.676890953462141 ,-3.0846113691827677
201601   ,14           ,11   ,-31.245090211387716 ,-2.8404627464897918
201906   ,15           ,30   ,-68.286152265827312 ,-2.2762050755275771
201902   ,16           ,12   ,-20.837192952792218 ,-1.7364327460660189
201809   ,20           ,3    ,-16.372093023255871 ,-5.45736434108529
202004   ,14           ,8    ,-30.238600316000593 ,-3.7798250395000736
201709   ,19           ,36   ,-149.92218608802645 ,-4.1645051691118464
201803   ,13           ,50   ,-141.94066446663925 ,-2.8388132893327849
201612   ,06           ,14   ,-8.6008070040398579 ,-0.61434335743141866
201508   ,19           ,48   ,-169.46356101763342 ,-3.5304908545340297
201504   ,03           ,97   ,-169.40256398477086 ,-1.7464181854100083
201606   ,15           ,31   ,-35.801226967617374 ,-1.1548782892779794
201505   ,07           ,22   ,-43.258660021766147 ,-1.966302728262098
201505   ,13           ,37   ,-97.0344031255653   ,-2.6225514358260886
201907   ,18           ,5    ,-18.839000419970628 ,-3.7678000839941257
202001   ,08           ,88   ,-311.44346703489077 ,-3.5391303072146676
201808   ,08           ,15   ,-48.197208664319604 ,-3.2131472442879732
201908   ,02           ,40   ,-75.299314209652252 ,-1.8824828552413064
201907   ,06           ,5    ,-18.008658008657992 ,-3.6017316017315983
201812   ,07           ,14   ,-35.341172100715482 ,-2.5243694357653914
201703   ,09           ,58   ,-282.27842782135735 ,-4.8668694451958165
201503   ,02           ,90   ,-269.49332966567442 ,-2.9943703296186053
201803   ,16           ,77   ,-227.36602330975853 ,-2.9528054975293312
201805   ,13           ,18   ,-74.523751807699313 ,-4.1402084337610727
201907   ,17           ,32   ,-105.73472307043529 ,-3.3042100959511034
201605   ,19           ,52   ,-130.17957390130056 ,-2.5034533442557803
201603   ,10           ,34   ,-130.11090737528562 ,-3.8267913933907556
201710   ,05           ,70   ,-98.891229488441866 ,-1.412731849834884
201906   ,08           ,30   ,-35.486527281782244 ,-1.1828842427260746
201910   ,05           ,56   ,-78.538461773913724 ,-1.4024725316770308
201911   ,19           ,31   ,-99.248587782427663 ,-3.2015673478202471
201912   ,16           ,9    ,-25.543155281741171 ,-2.8381283646379076
202005   ,18           ,1    ,0.68965517241379    ,0.68965517241379
201904   ,16           ,17   ,-23.20370658749864  ,-1.3649239169116847
201802   ,14           ,3    ,-13.90130706420585  ,-4.63376902140195
201611   ,08           ,48   ,-145.44034923759557 ,-3.0300072757832415
201703   ,19           ,33   ,-131.36217280087624 ,-3.980671903056856
201505   ,16           ,14   ,-29.466008802342667 ,-2.1047149144530479
201803   ,01           ,246  ,-481.20860554894205 ,-1.9561325428818781
201803   ,18           ,27   ,-93.985476679627112 ,-3.48094358072693
201612   ,12           ,19   ,-53.667364857051027 ,-2.8245981503711062
201502   ,04           ,107  ,-163.20843927895595 ,-1.5253125166257566
201505   ,03           ,35   ,8.1043132492583538  ,0.23155180712166717
201708   ,04           ,197  ,-361.13469515938908 ,-1.8331710414182187
201606   ,17           ,64   ,-191.62840747011754 ,-2.9941938667205874
201810   ,08           ,18   ,-36.2560284514203   ,-2.0142238028566841
201806   ,12           ,25   ,-60.472080415076221 ,-2.4188832166030485
201901   ,11           ,47   ,-169.72474741908019 ,-3.6111648387038335
201707   ,10           ,26   ,-89.172733967308417 ,-3.4297205372041688
201906   ,01           ,90   ,-152.58205243045893 ,-1.6953561381162106
201910   ,15           ,6    ,-7.2157863845252894 ,-1.2026310640875482
201905   ,07           ,6    ,-28.996889396196469 ,-4.8328148993660776
201809   ,12           ,7    ,-26.134360995677739 ,-3.7334801422396771
201909   ,07           ,7    ,-0.58600424865485845,-0.083714892664979779
202002   ,20           ,3    ,-13.747228381374718 ,-4.58240946045824
202004   ,03           ,27   ,-105.42730655631591 ,-3.9047150576413303
202004   ,06           ,2    ,0.94451003541913    ,0.472255017709565
201610   ,18           ,10   ,-19.7308373230307   ,-1.97308373230307
201703   ,06           ,55   ,-61.401984823425522 ,-1.1163997240622823
201703   ,13           ,14   ,-33.245114986613963 ,-2.3746510704724262
201709   ,05           ,78   ,-146.58287172472711 ,-1.8792675862144503
201507   ,05           ,59   ,-28.465725606382087 ,-0.48246992553189993
201505   ,08           ,24   ,-47.6848322327873   ,-1.9868680096994709
201603   ,19           ,38   ,-158.29313499412677 ,-4.1656088156349149
201612   ,11           ,67   ,-203.39439323150549 ,-3.0357372124105297
201701   ,16           ,4    ,-18.22617656995746  ,-4.5565441424893649
201607   ,08           ,70   ,-140.7674605191614  ,-2.0109637217023058
201711   ,03           ,24   ,-3.6448352438946054 ,-0.151868135162275
201612   ,18           ,8    ,-34.1755410250402   ,-4.2719426281300255
201912   ,19           ,64   ,-290.70967817682975 ,-4.5423387215129649
201908   ,13           ,25   ,-90.357575964570316 ,-3.6143030385828134
201506   ,03           ,26   ,-76.533504926104385 ,-2.9435963433117078
201912   ,18           ,3    ,-15.912487787598531 ,-5.3041625958661776
201810   ,13           ,15   ,-25.128583048375241 ,-1.6752388698916827
201710   ,15           ,6    ,-8.2130243468279609 ,-1.3688373911379934
202004   ,09           ,9    ,-52.099834336318239 ,-5.7888704818131371
201611   ,19           ,58   ,-197.48694295434007 ,-3.4049472923162085
202005   ,01           ,8    ,-8.1436738873732715 ,-1.0179592359216589
201610   ,05           ,88   ,-169.79122355494385 ,-1.9294457222152706
202003   ,14           ,6    ,-33.962728839996721 ,-5.66045480666612
201805   ,02           ,60   ,-173.88231647038015 ,-2.8980386078396685
201802   ,11           ,55   ,-202.58019431168066 ,-3.6832762602123754
201801   ,12           ,27   ,-42.603332003383379 ,-1.5779011853104952
201507   ,15           ,9    ,-18.566531122554089 ,-2.06294790250601
201711   ,10           ,6    ,-7.96004751024593   ,-1.3266745850409882
201804   ,14           ,8    ,-43.012646703780334 ,-5.3765808379725408
201610   ,10           ,13   ,-23.27923798448472  ,-1.7907106141911324
201811   ,16           ,14   ,-52.219117420363759 ,-3.7299369585974111
201910   ,16           ,16   ,-32.092750458051952 ,-2.0057969036282466
201905   ,12           ,24   ,-25.451249456007641 ,-1.0604687273336517
202005   ,17           ,2    ,3.08285163776494    ,1.54142581888247
201604   ,01           ,217  ,-697.32322658077    ,-3.2134710902339614
201803   ,03           ,76   ,-154.0091650612757  ,-2.0264363823852065
201805   ,14           ,4    ,-16.837728985318961 ,-4.20943224632974
201711   ,14           ,10   ,-31.027788674950642 ,-3.1027788674950636
201607   ,10           ,16   ,-20.28026249849573  ,-1.2675164061559832
201601   ,11           ,55   ,-134.5991669889691  ,-2.4472575816176203
201511   ,18           ,9    ,-15.833077731156724 ,-1.7592308590174133
201808   ,12           ,9    ,-14.266929915289889 ,-1.5852144350322102
201908   ,09           ,13   ,-45.33570168806299  ,-3.4873616683125377
201905   ,02           ,64   ,-135.65101461632031 ,-2.1195471033800048
201905   ,01           ,88   ,-212.38030357151163 ,-2.4134125405853588
201908   ,08           ,20   ,-75.242398049716627 ,-3.7621199024858312
201903   ,15           ,3    ,-6.75371742258701   ,-2.2512391408623369
201707   ,04           ,661  ,-1048.4040820816863 ,-1.5860878700176797
201707   ,17           ,187  ,-777.75979193858416 ,-4.1591432723988451
201709   ,18           ,9    ,-29.139857247632818 ,-3.2377619164036466
201711   ,09           ,12   ,-12.308453409921146 ,-1.0257044508267625
201504   ,17           ,207  ,-616.16828445067927 ,-2.976658378988791
201803   ,05           ,168  ,-273.92723399237269 ,-1.6305192499545997
201705   ,02           ,64   ,-117.91738644465711 ,-1.8424591631977676
201804   ,02           ,62   ,-265.76554465396441 ,-4.2865410428058786
201606   ,18           ,9    ,-38.935733444355058 ,-4.32619260492834
201802   ,12           ,16   ,-27.198275013486036 ,-1.6998921883428777
201509   ,17           ,52   ,-240.56000774961981 ,-4.626153995184997
201503   ,20           ,2    ,-10.79686209744008  ,-5.39843104872004
201502   ,07           ,5    ,-8.266023375276891  ,-1.6532046750553779
201804   ,09           ,16   ,-86.947472016326245 ,-5.4342170010203912
201811   ,10           ,6    ,-8.40336134453782   ,-1.4005602240896367
201809   ,17           ,26   ,-148.12602913412059 ,-5.697154966696945
201901   ,15           ,2    ,-2.8503562945368    ,-1.4251781472684
202003   ,12           ,10   ,-24.675761755365812 ,-2.467576175536581
201610   ,16           ,6    ,-24.479849219754982 ,-4.0799748699591634
201909   ,16           ,24   ,-73.764681052366385 ,-3.0735283771819328
201704   ,05           ,145  ,-471.07703591122277 ,-3.2488071442153297
201608   ,15           ,13   ,-32.524365797356445 ,-2.5018742921043424
201509   ,01           ,206  ,-709.62140440406256 ,-3.4447640990488497
201604   ,11           ,146  ,-638.90231265166142 ,-4.3760432373401468
201612   ,04           ,126  ,-139.33978397689975 ,-1.1058713014039667
201511   ,19           ,61   ,-122.77784258608834 ,-2.0127515178047273
201802   ,19           ,21   ,-52.762107337739842 ,-2.5124813017971355
201603   ,07           ,9    ,-6.8718398428700507 ,-0.76353776031889453
201506   ,19           ,15   ,-34.734361428808135 ,-2.3156240952538765
201902   ,01           ,58   ,-132.31211528036857 ,-2.2812433669029062
201710   ,08           ,29   ,-40.917901307465328 ,-1.4109621140505282
201710   ,16           ,2    ,-5.13865717785686   ,-2.56932858892843
201611   ,03           ,64   ,-85.951517076874964 ,-1.3429924543261713
201805   ,04           ,128  ,-230.19850312374538 ,-1.7984258056542601
201504   ,05           ,242  ,-500.64663787006049 ,-2.0687877597936368
201511   ,02           ,102  ,-315.83738860355385 ,-3.0964449863093524
201505   ,19           ,57   ,-113.41640179480126 ,-1.9897614349965127
201509   ,05           ,116  ,-322.98364527920347 ,-2.7843417696483059
201701   ,09           ,7    ,1.1919671210105203  ,0.17028101728721723
201809   ,05           ,65   ,-121.54942099164138 ,-1.8699910921790983
201710   ,11           ,63   ,-188.7206474226173  ,-2.9955658321050365
201511   ,09           ,7    ,-15.387951694892099 ,-2.1982788135560143
201811   ,19           ,48   ,-52.07764772545265  ,-1.0849509942802635
201909   ,15           ,16   ,-43.454811889483416 ,-2.7159257430927135
201911   ,12           ,9    ,-33.368654962509737 ,-3.7076283291677492
202005   ,09           ,2    ,-2.89855072463768   ,-1.44927536231884
202004   ,01           ,34   ,-151.91397404736765 ,-4.4680580602166957
201703   ,05           ,113  ,-250.11005602560442 ,-2.2133633276602152
201608   ,11           ,57   ,-259.93988233843419 ,-4.5603488129549854
201706   ,01           ,68   ,-191.1520998534763  ,-2.8110602919628871
201601   ,08           ,32   ,-47.869034971379236 ,-1.4959073428556007
201512   ,04           ,146  ,-292.78121911370482 ,-2.0053508158472937
201605   ,13           ,154  ,-364.21489558972144 ,-2.3650317895436466
201605   ,03           ,77   ,-105.4140926813443  ,-1.3690141906668087
201708   ,17           ,31   ,-101.77691127012243 ,-3.2831261700039489
201604   ,18           ,23   ,-87.083180137083758 ,-3.7862252233514662
201506   ,16           ,5    ,-23.300591685452371 ,-4.6601183370904744
201511   ,06           ,14   ,-21.47478568744457  ,-1.5339132633888979
202005   ,02           ,7    ,-21.236988125717779 ,-3.0338554465311112
201612   ,14           ,12   ,-36.189873866158877 ,-3.0158228221799064
201909   ,12           ,82   ,-270.66854465428781 ,-3.3008359104181433
201812   ,20           ,9    ,-12.9036095782954   ,-1.4337343975883778
