MonthYear,Actor1CountryCode,Events ,sumNumMentions,materialConfCoop    ,verbalConfCoop      ,avgAvgTone           ,avgGoldstein         ,fightCount,expressCount
202001   ,DZA              ,7038   ,34667         ,0.070190394998579139,0.10812730889457232 ,-1.7737410092456192  ,1.4769820971867005   ,140       ,77
202001   ,TUR              ,62821  ,307088        ,0.12137660973241432 ,0.11808153324525239 ,-2.31389433481546    ,1.2405087470750238   ,3450      ,1134
202001   ,SYC              ,531    ,2710          ,0.043314500941619587,0.03954802259887006 ,1.5559786499922372   ,2.1661016949152541   ,10        ,10
202001   ,ZWE              ,6183   ,27918         ,0.12938702895034773 ,0.13326863981885817 ,-2.0765206712119393  ,0.57373443312307948  ,284       ,118
202001   ,MWI              ,1972   ,9617          ,0.11359026369168357 ,0.14756592292089249 ,-1.9049276297871656  ,0.66906693711967535  ,46        ,34
202001   ,TGO              ,736    ,3437          ,0.10190217391304347 ,0.096467391304347824,-1.0452925981242733  ,1.5302989130434779   ,18        ,2
202001   ,PRY              ,1155   ,6988          ,0.15670995670995672 ,0.078787878787878782,-2.784230834143449   ,0.739134199134199    ,84        ,37
202001   ,MCO              ,2083   ,10805         ,0.15890542486797887 ,0.114258281325012   ,-1.5576194151898974  ,0.29207873259721562  ,119       ,36
202001   ,SLV              ,2250   ,10059         ,0.17911111111111111 ,0.11022222222222222 ,-3.67272486024896    ,0.49817777777777805  ,120       ,42
202001   ,MDG              ,618    ,3768          ,0.061488673139158574,0.084142394822006472,-0.22134128920415685 ,1.7760517799352753   ,12        ,6
202001   ,ATG              ,231    ,1322          ,0.07792207792207792 ,0.03896103896103896 ,-0.15604256900683222 ,1.6870129870129871   ,2         ,1
202001   ,LIE              ,173    ,753           ,0.04046242774566474 ,0.06358381502890173 ,0.38199985291421712  ,2.4618497109826594   ,4         ,1
202001   ,ITA              ,37174  ,215185        ,0.10499273685909506 ,0.11274008715769086 ,-1.015122187080798   ,1.1570398665734116   ,1529      ,877
202001   ,GIN              ,1701   ,9497          ,0.092298647854203414,0.19165196942974722 ,-1.8787256926304468  ,0.36413874191651968  ,73        ,22
202001   ,SAF              ,135    ,876           ,0.07407407407407407 ,0.22222222222222221 ,-2.2723092928208546  ,0.26592592592592579  ,2         ,0
202001   ,RUS              ,115676 ,592422        ,0.12955150593035719 ,0.12910197448044539 ,-2.3033746012253133  ,0.877944430996922    ,6975      ,2445
202001   ,JAM              ,4242   ,19851         ,0.11669024045261669 ,0.080858085808580851,-1.0728863355686553  ,1.0058227251296559   ,227       ,62
202001   ,BDI              ,1540   ,7243          ,0.15974025974025974 ,0.16103896103896104 ,-2.3089426864496567  ,0.28655844155844162  ,131       ,13
202001   ,AND              ,214    ,1573          ,0.060747663551401869,0.11214953271028037 ,0.024755545079358149 ,1.9490654205607474   ,7         ,2
202001   ,JPN              ,38850  ,195001        ,0.13014157014157013 ,0.12020592020592021 ,-1.8182713235149823  ,0.97249678249678206  ,1505      ,896
202001   ,PHL              ,21169  ,88681         ,0.17062686003117766 ,0.10732675138173745 ,-2.5317882372849492  ,0.64452737493504686  ,868       ,547
202001   ,NLD              ,11443  ,56714         ,0.15092196102420694 ,0.11002359521104606 ,-1.5067962516834599  ,0.67466573451018141  ,673       ,275
202001   ,HND              ,4087   ,21716         ,0.1123073158796183  ,0.090286273550281376,-3.0376338937236271  ,1.3674333251773914   ,197       ,96
202001   ,CAN              ,91214  ,406209        ,0.11676935558138005 ,0.11232924770320346 ,-1.6205397093888485  ,0.93868375468678145  ,5132      ,2377
202001   ,NMR              ,4291   ,11609         ,0.044744814728501517,0.09951060358890701 ,0.79395306759313566  ,2.4942670706129126   ,82        ,55
202001   ,LVA              ,2861   ,16065         ,0.084236281020622167,0.11604334148898986 ,-1.4480176344874063  ,1.512373296050332    ,133       ,61
202001   ,ALB              ,3092   ,17180         ,0.1351875808538163  ,0.11869340232858991 ,-1.430320469733054   ,1.1352199223803361   ,127       ,40
202001   ,ISL              ,862    ,5063          ,0.078886310904872387,0.084686774941995363,0.15856910571124749  ,1.5474477958236659   ,26        ,22
202001   ,LBR              ,1878   ,8262          ,0.10543130990415335 ,0.13312034078807242 ,-1.2340940239586147  ,0.72220447284345046  ,71        ,15
202001   ,ABW              ,79     ,469           ,0.025316455696202531,0.10126582278481013 ,0.065641219978425369 ,1.9607594936708863   ,2         ,2
202001   ,AFR              ,31569  ,159050        ,0.11172352624410023 ,0.10861921505274161 ,-1.2592045193928265  ,0.96297950521080822  ,1705      ,638
202001   ,CMR              ,1768   ,10286         ,0.21719457013574661 ,0.10237556561085973 ,-2.7965518554344797  ,-0.47290723981900451 ,234       ,34
202001   ,ARG              ,12133  ,65640         ,0.088106816121322012,0.11728344185279815 ,-1.4176939131584192  ,1.2631088766174898   ,515       ,270
202001   ,ISR              ,74226  ,300180        ,0.15595613396922911 ,0.1419448710694366  ,-2.2284747448682523  ,0.27047126343868666  ,5684      ,912
202001   ,VNM              ,9833   ,41444         ,0.13078409437608055 ,0.064680158649445749,-0.26629212575240235 ,1.2479304383199425   ,536       ,139
202001   ,VCT              ,571    ,3090          ,0.094570928196147111,0.0542907180385289  ,-0.19789028245808191 ,1.8565674255691766   ,14        ,6
202001   ,                 ,2779915,18706918      ,0.13658691003142182 ,0.13685742189959046 ,-2.1894861325559485  ,0.52745587264039084  ,170046    ,64372
202001   ,CHE              ,24800  ,122116        ,0.0652016129032258  ,0.10423387096774193 ,-1.3451012838003562  ,1.4928306451612903   ,535       ,411
202001   ,COG              ,1253   ,6283          ,0.1189146049481245  ,0.080606544293695126,-2.612483298465373   ,1.0578611332801278   ,70        ,10
202001   ,PRK              ,7307   ,36577         ,0.16148898316682633 ,0.12754892568769674 ,-2.1551931167341141  ,0.53742986177637919  ,354       ,125
202001   ,SLE              ,1030   ,4935          ,0.0941747572815534  ,0.078640776699029122,-0.82235996216640661 ,1.4047572815533982   ,22        ,15
202001   ,HRV              ,5457   ,32418         ,0.1011544804837823  ,0.11086677661718893 ,-0.50288815557798616 ,1.0799706798607296   ,242       ,121
202001   ,MNG              ,1261   ,6902          ,0.23314829500396511 ,0.042823156225218081,-1.0617712490729085  ,0.833544805709754    ,40        ,9
202001   ,NOR              ,7166   ,37112         ,0.10507954228300306 ,0.11791794585542842 ,-1.2302755182601539  ,1.1746301981579683   ,329       ,152
202001   ,TMP              ,158    ,682           ,0.088607594936708861,0.050632911392405063,-0.45216869475452037 ,1.5253164556962024   ,4         ,7
202001   ,SSD              ,1863   ,8490          ,0.1438539989264627  ,0.0998389694041868  ,-1.7242941063229522  ,1.0539452495974233   ,149       ,20
202001   ,WAF              ,453    ,3383          ,0.033112582781456956,0.14348785871964681 ,-1.5705861716867759  ,0.84591611479028694  ,8         ,4
202001   ,TUV              ,100    ,406           ,0.0                 ,0.09                ,-2.0257955906417666  ,1.8230000000000002   ,0         ,0
202001   ,MMR              ,5889   ,33499         ,0.13092205807437596 ,0.11309220580743759 ,-1.8144373759239951  ,0.8942095432161653   ,241       ,62
202001   ,COM              ,146    ,1120          ,0.089041095890410954,0.10273972602739725 ,-0.970287561722877   ,1.648630136986301    ,3         ,5
202001   ,SHN              ,7      ,45            ,0.2857142857142857  ,0.0                 ,-0.52564397282782449 ,1.4285714285714284   ,0         ,0
202001   ,SDN              ,7594   ,36603         ,0.12246510402949697 ,0.10416117987885172 ,-2.061565946335254   ,1.3005398999209907   ,493       ,104
202001   ,CHN              ,131418 ,658814        ,0.10525955348582386 ,0.099917819476784   ,-2.1460471056343788  ,1.35309546637447     ,3485      ,2806
202001   ,PGS              ,612    ,3364          ,0.26470588235294118 ,0.1454248366013072  ,-3.095504214701172   ,-0.9939542483660132  ,100       ,17
202001   ,PSE              ,28031  ,108190        ,0.13973814705147872 ,0.23463308479897257 ,-2.0484672917659932  ,-0.23324176804252475 ,1870      ,291
202001   ,ESP              ,33169  ,192095        ,0.10802255117730411 ,0.11586119569477524 ,-1.0416387187049532  ,1.1180952093822538   ,1293      ,637
202001   ,MDA              ,1978   ,13622         ,0.11779575328614762 ,0.12790697674418605 ,-1.0176731837261861  ,1.0539433771486353   ,98        ,59
202001   ,MHL              ,233    ,914           ,0.12875536480686695 ,0.11587982832618025 ,-1.666839585635195   ,1.430901287553648    ,14        ,0
202001   ,CIV              ,1586   ,8745          ,0.097099621689785628,0.1116015132408575  ,-1.10159926116953    ,1.3269230769230771   ,46        ,18
202001   ,LAO              ,692    ,2969          ,0.06358381502890173 ,0.0476878612716763  ,0.4017937984413717   ,2.4033236994219647   ,8         ,3
202001   ,IRQ              ,72541  ,313402        ,0.30289077900773353 ,0.16829103541445528 ,-4.51482076059782    ,-1.7925490412318552  ,14830     ,507
202001   ,WSM              ,357    ,1688          ,0.084033613445378158,0.098039215686274508,-1.4936070273931636  ,1.284313725490196    ,15        ,3
202001   ,FRA              ,69916  ,350642        ,0.11020367297900338 ,0.13202986440871903 ,-2.1285321745992     ,1.0473153498483898   ,2803      ,1242
202001   ,ASA              ,125    ,762           ,0.0                 ,0.032               ,1.2671305495208904   ,3.6416000000000004   ,0         ,1
202001   ,CRB              ,78     ,467           ,0.11538461538461539 ,0.089743589743589744,0.089626690048958124 ,0.92307692307692313  ,7         ,0
202001   ,TJK              ,1225   ,6200          ,0.22204081632653061 ,0.066938775510204079,-2.3058304187296019  ,0.34048979591836742  ,110       ,6
202001   ,MOZ              ,1599   ,8242          ,0.1344590368980613  ,0.13758599124452783 ,-1.9298439068242188  ,0.71957473420888041  ,129       ,21
202001   ,BLZ              ,921    ,4357          ,0.14223669923995658 ,0.080347448425624315,-1.2020538854558345  ,0.45982627578718782  ,73        ,22
202001   ,GAB              ,360    ,2145          ,0.1111111111111111  ,0.125               ,-1.2444187577540831  ,0.946388888888889    ,10        ,6
202001   ,MAR              ,5737   ,30961         ,0.093428621230608327,0.10040090639707164 ,-0.48954713467811933 ,1.5620881994073552   ,141       ,109
202001   ,YEM              ,5898   ,28752         ,0.31383519837232959 ,0.14377755171244488 ,-4.2702986510289138  ,-1.6786876907426243  ,1391      ,46
202001   ,IDN              ,26195  ,157139        ,0.12704714640198511 ,0.101164344340523   ,-1.556638991113545   ,0.87343386142393509  ,853       ,933
202001   ,KAZ              ,3737   ,21539         ,0.10516457051110517 ,0.0668985817500669  ,-1.1429194786903452  ,1.8161894567835168   ,70        ,56
202001   ,NPL              ,5626   ,31276         ,0.13917525773195877 ,0.093494489868467825,-1.8750115171863746  ,0.74944898684678285  ,131       ,250
202001   ,LUX              ,1759   ,10287         ,0.0648095508811825  ,0.10176236498010233 ,-0.20875380558455375 ,1.8490619670267194   ,38        ,36
202001   ,DNK              ,5918   ,32013         ,0.11929705981750592 ,0.10307536329841163 ,-1.0927117616609834  ,1.1704967894558973   ,287       ,161
202001   ,COL              ,12042  ,64903         ,0.12597575153628965 ,0.1292144162099319  ,-2.2250898538329271  ,0.75991529646238143  ,645       ,276
202001   ,CYP              ,5868   ,33979         ,0.11895023858214042 ,0.1274710293115201  ,-2.3164882893974248  ,1.4006134969325152   ,68        ,112
202001   ,SGP              ,7503   ,38934         ,0.10595761695321872 ,0.078768492602958817,-1.3331451607688354  ,1.5019858723177393   ,216       ,177
202001   ,MEX              ,35636  ,192562        ,0.14443259625098215 ,0.10831743181052868 ,-1.9311064580359876  ,0.78383656976091631  ,2417      ,749
202001   ,URY              ,1857   ,11309         ,0.0630048465266559  ,0.0888529886914378  ,-0.6148992928751541  ,1.7175551965535809   ,72        ,40
202001   ,GEO              ,20     ,66            ,0.0                 ,0.0                 ,-3.2409457211633317  ,1.28                 ,0         ,0
202001   ,SWZ              ,206    ,895           ,0.15048543689320387 ,0.13106796116504854 ,-2.7971864685244792  ,0.55339805825242716  ,5         ,4
202001   ,PAK              ,35251  ,156486        ,0.14893194519304417 ,0.15576863067714392 ,-2.6363704338424525  ,0.17795523531247379  ,2044      ,460
202001   ,KHM              ,3135   ,15368         ,0.12376395534290272 ,0.097288676236044661,-1.7155223592073769  ,1.0904625199362044   ,75        ,63
202001   ,MAC              ,149    ,443           ,0.067114093959731544,0.0738255033557047  ,-1.6562356967601404  ,1.5496644295302016   ,1         ,2
202001   ,NRU              ,57     ,273           ,0.017543859649122806,0.0                 ,-2.25632074799445    ,4.2508771929824558   ,0         ,1
202001   ,ZMB              ,1973   ,8385          ,0.0932589964521034  ,0.12316269640141916 ,-1.1518689891392566  ,1.098428788646731    ,33        ,33
202001   ,BWA              ,1377   ,5945          ,0.10457516339869281 ,0.15032679738562091 ,-1.2140698139276367  ,0.746550472040668    ,41        ,12
202001   ,VAT              ,3185   ,19554         ,0.030141287284144426,0.090737833594976447,-0.52317005951288476 ,1.6978649921507059   ,24        ,47
202001   ,AUS              ,62910  ,303058        ,0.15207439198855507 ,0.10810681926561755 ,-2.1639638175491842  ,0.43908122714989711  ,4893      ,1409
202001   ,SAU              ,25268  ,109770        ,0.14686560075985436 ,0.13056039259141997 ,-1.9933745581552578  ,0.37819376286211825  ,2344      ,536
202001   ,MLI              ,4844   ,29691         ,0.17857142857142858 ,0.10590421139554088 ,-3.2007639781565387  ,0.32097440132122251  ,503       ,71
202001   ,VEN              ,16624  ,84123         ,0.11639797882579403 ,0.15020452358036573 ,-2.1011901675099471  ,0.80458373435996167  ,588       ,180
202001   ,TZA              ,2368   ,10816         ,0.10135135135135136 ,0.096283783783783786,-0.84855300005395384 ,1.4095016891891892   ,71        ,31
202001   ,LBY              ,32651  ,150834        ,0.12618296529968454 ,0.11849560503506784 ,-2.5070613668336259  ,1.3050258797586594   ,2667      ,264
202001   ,BGR              ,7855   ,46563         ,0.12399745385105029 ,0.12221514958625079 ,-1.7337842229635425  ,0.92721833227243855  ,367       ,314
202001   ,GTM              ,5629   ,28962         ,0.15135903357612365 ,0.11671700124356013 ,-2.5466529562044422  ,0.96610410374844535  ,259       ,80
202001   ,CUB              ,6405   ,34365         ,0.11975019516003123 ,0.12505854800936769 ,-1.4212674403322352  ,0.99197501951600353  ,128       ,90
202001   ,SYR              ,27473  ,123548        ,0.28118516361518581 ,0.10927092054016671 ,-3.754333441899393   ,-1.056906781203363   ,5644      ,425
202001   ,NZL              ,11975  ,56985         ,0.11632567849686848 ,0.10004175365344467 ,-1.048673388657408   ,1.0737453027139874   ,613       ,240
202001   ,MYS              ,13488  ,64581         ,0.11232206405693951 ,0.11373072360616844 ,-1.8527195165657564  ,1.0040702846975087   ,506       ,365
202001   ,AZE              ,5753   ,30631         ,0.124282982791587   ,0.087432643837997565,-0.76353766443431759 ,0.96874674083087031  ,340       ,53
202001   ,GNQ              ,407    ,1952          ,0.11056511056511056 ,0.085995085995086   ,-0.43624821094462762 ,1.5643734643734641   ,9         ,2
202001   ,SLB              ,370    ,1701          ,0.17567567567567569 ,0.0891891891891892  ,-1.2951626134614991  ,0.5821621621621621   ,22        ,9
202001   ,CYM              ,234    ,1348          ,0.068376068376068383,0.10256410256410256 ,-0.97060765002602412 ,1.5747863247863247   ,4         ,8
202001   ,GRD              ,546    ,2254          ,0.071428571428571425,0.0641025641025641  ,-0.57429540905115528 ,1.5769230769230769   ,7         ,9
202001   ,LKA              ,7500   ,34780         ,0.11253333333333333 ,0.086266666666666672,-1.3277211348165228  ,1.4284666666666668   ,222       ,154
202001   ,GRC              ,23994  ,124018        ,0.085813119946653332,0.12136367425189631 ,-1.4390800969295943  ,1.2684629490706008   ,810       ,468
202001   ,GMB              ,2958   ,14791         ,0.10615280594996619 ,0.17816091954022989 ,-2.2859055886207145  ,0.62467883705206217  ,71        ,28
202001   ,IRL              ,22422  ,111390        ,0.11372758897511373 ,0.12291499420212292 ,-1.0457174568851568  ,0.7496298278476502   ,1141      ,404
202001   ,MRT              ,1146   ,6039          ,0.087260034904013961,0.067190226876090747,-2.6692273505174215  ,1.7041012216404889   ,34        ,8
202001   ,NIC              ,1681   ,8781          ,0.11778703152885188 ,0.13265913146936348 ,-2.0664960679176074  ,0.49357525282569903  ,100       ,31
202001   ,SAS              ,745    ,4219          ,0.071140939597315433,0.10335570469798658 ,-1.3059771511217708  ,1.2200000000000002   ,28        ,13
202001   ,NGA              ,41475  ,161591        ,0.14939119951778179 ,0.14736588306208559 ,-2.2591242263767493  ,0.12767932489451522  ,2376      ,637
202001   ,NER              ,3086   ,14744         ,0.21905379131561892 ,0.082631237848347375,-4.5005678720040123  ,-0.28172391445236544 ,472       ,25
202001   ,BEL              ,15124  ,79155         ,0.085691615974609892,0.088071938640571279,-1.4275168418207891  ,1.6546217931764078   ,506       ,292
202001   ,BRN              ,533    ,2138          ,0.041275797373358347,0.12570356472795496 ,-0.36911805124222907 ,2.2425891181988744   ,7         ,1
202001   ,NAM              ,1388   ,5799          ,0.13184438040345822 ,0.087896253602305477,-2.226651719562676   ,1.0496397694524497   ,75        ,38
202001   ,DEU              ,69994  ,345091        ,0.099079921136097385,0.11365259879418235 ,-2.1601925159807474  ,1.2104408949338514   ,3176      ,1485
202001   ,PRT              ,6784   ,38883         ,0.0745872641509434  ,0.091096698113207544,-0.971333807680224   ,1.4825029481132086   ,259       ,162
202001   ,PER              ,6721   ,40348         ,0.17378366314536528 ,0.12572533849129594 ,-2.12840034660943    ,0.46009522392501107  ,305       ,143
202001   ,BGD              ,12789  ,63434         ,0.18922511533348971 ,0.12119790444913597 ,-2.0478705265179387  ,-0.014395183360700621,850       ,254
202001   ,KWT              ,4154   ,19931         ,0.15454983148772267 ,0.09797785267212325 ,-1.6021025775347604  ,1.0149735194992779   ,197       ,56
202001   ,ETH              ,6624   ,31118         ,0.09390096618357488 ,0.10039251207729469 ,-0.8330543779176901  ,1.4885869565217396   ,261       ,54
202001   ,SUR              ,325    ,2065          ,0.089230769230769225,0.12923076923076923 ,-0.79720833771233668 ,0.50092307692307692  ,12        ,18
202001   ,LBN              ,16309  ,75506         ,0.18701330553682016 ,0.18198540683058434 ,-4.0988759181736576  ,-0.4542032006867372  ,1334      ,209
202001   ,SRB              ,4222   ,27050         ,0.10753197536712458 ,0.11534817621980105 ,-0.36562103027638415 ,1.1325675035528184   ,184       ,109
202001   ,QAT              ,5953   ,26997         ,0.058793885435914663,0.077103981185956655,-0.92209237355360363 ,2.1318662859062663   ,168       ,48
202001   ,BMU              ,802    ,3826          ,0.10224438902743142 ,0.11221945137157108 ,-1.1199384621093387  ,0.93117206982543632  ,22        ,10
202001   ,TON              ,311    ,1656          ,0.057877813504823149,0.10610932475884244 ,0.19145517837647108  ,1.9993569131832798   ,13        ,4
202001   ,ARE              ,11683  ,52381         ,0.084995292305058631,0.07352563553881708 ,-0.31620064778940815 ,1.7500556363947601   ,393       ,160
202001   ,SOM              ,5091   ,22487         ,0.31192300137497547 ,0.11648006285602043 ,-4.2483846252211785  ,-1.4496758986446669  ,1031      ,64
202001   ,CPV              ,248    ,1286          ,0.088709677419354843,0.13306451612903225 ,-1.502385415587234   ,0.84798387096774175  ,12        ,3
202001   ,BHR              ,2362   ,11577         ,0.077476714648602882,0.077053344623200681,0.65137434188170928  ,1.9946655376799318   ,45        ,23
202001   ,DMA              ,312    ,2039          ,0.11538461538461539 ,0.13141025641025642 ,-0.933970506179227   ,0.62499999999999989  ,15        ,0
202001   ,HUN              ,4205   ,22399         ,0.127705112960761   ,0.11866825208085613 ,-1.2494199784625362  ,0.7677288941736029   ,264       ,63
202001   ,IRN              ,170692 ,725640        ,0.27661518993274437 ,0.19679891266140181 ,-4.48666631662013    ,-1.8811057343050501  ,33138     ,2238
202001   ,HKG              ,276    ,2321          ,0.028985507246376812,0.19202898550724637 ,1.1452270350548224   ,2.0181159420289858   ,6         ,12
202001   ,COK              ,199    ,907           ,0.06030150753768844 ,0.03015075376884422 ,0.61496538937262324  ,1.6939698492462312   ,2         ,5
202001   ,ERI              ,1327   ,5534          ,0.097211755840241151,0.10700828937452901 ,-0.722432244785873   ,2.106782215523737    ,65        ,2
202001   ,SEN              ,2679   ,14442         ,0.090332213512504672,0.10787607316162748 ,-0.55267925174120647 ,1.2647629712579322   ,110       ,39
202001   ,MLT              ,2716   ,12188         ,0.1406480117820324  ,0.12997054491899854 ,-1.7674144194338361  ,0.50132547864506627  ,217       ,77
202001   ,LCA              ,393    ,2264          ,0.066157760814249358,0.07124681933842239 ,0.36111931367705519  ,1.5277353689567428   ,8         ,4
202001   ,SMR              ,27     ,148           ,0.037037037037037035,0.037037037037037035,-0.19435483525544289 ,2.0666666666666669   ,1         ,2
202001   ,PLW              ,322    ,2275          ,0.099378881987577633,0.12732919254658384 ,-0.59418453448040986 ,1.2204968944099379   ,7         ,2
202001   ,CAS              ,28     ,108           ,0.0                 ,0.035714285714285712,0.56983109818979472  ,2.625                ,0         ,0
202001   ,FIN              ,5813   ,34563         ,0.092895234818510239,0.11680715637364528 ,-1.2075362038862671  ,1.0854120075692415   ,200       ,250
202001   ,HTI              ,1880   ,9527          ,0.095744680851063829,0.1473404255319149  ,-2.021106217708442   ,0.85968085106383019  ,62        ,19
202001   ,ECU              ,2725   ,16394         ,0.072293577981651383,0.11376146788990826 ,-1.6613904598255307  ,1.6170642201834864   ,78        ,69
202001   ,SVK              ,2374   ,12845         ,0.16385846672283066 ,0.10657118786857624 ,-2.8099000637291738  ,0.23323504633529898  ,239       ,69
202001   ,MUS              ,1905   ,12424         ,0.079265091863517059,0.11811023622047244 ,-0.61639483562476594 ,1.3377952755905513   ,46        ,25
202001   ,MDV              ,7181   ,54791         ,0.20818827461356357 ,0.12393817017128533 ,-2.7362614696324834  ,-0.51570811864642807 ,656       ,224
202001   ,LAM              ,55     ,417           ,0.036363636363636362,0.072727272727272724,-2.1779415833293871  ,2.0272727272727273   ,2         ,0
202001   ,GBR              ,162479 ,750744        ,0.11087586703512455 ,0.12620707906867965 ,-1.4339227429539889  ,0.98172256106942979  ,6646      ,2711
202001   ,AGO              ,3245   ,17685         ,0.11432973805855162 ,0.13867488443759629 ,-1.8716380921801938  ,0.99750385208012327  ,121       ,71
202001   ,TWN              ,8094   ,39292         ,0.071658018285149491,0.14801087225105017 ,-1.0535429601959754  ,1.1874104274771435   ,172       ,246
202001   ,TUN              ,5257   ,29572         ,0.080273920486969755,0.1498953775917824  ,-1.2414663621293913  ,1.0322427239870648   ,162       ,61
202001   ,BEN              ,962    ,4285          ,0.07068607068607069 ,0.077962577962577967,-0.39485882806074235 ,1.4757796257796256   ,25        ,11
202001   ,THA              ,8423   ,41884         ,0.12774545886263802 ,0.082630891606316037,-2.0177492248222375  ,1.0503027424907982   ,348       ,314
202001   ,KEN              ,14300  ,62770         ,0.22839160839160838 ,0.13286713286713286 ,-3.2103570093245075  ,-0.59851048951048957 ,1998      ,183
202001   ,GUY              ,2359   ,10674         ,0.1271725307333616  ,0.10979228486646884 ,-1.8938731569174698  ,0.44489190334887646  ,103       ,41
202001   ,CZE              ,5384   ,28506         ,0.11478454680534918 ,0.13168647845468054 ,-1.4348849893105802  ,0.985252600297177    ,237       ,101
202001   ,NAF              ,2      ,20            ,0.0                 ,0.0                 ,2.6084121291164      ,5.0                  ,0         ,0
202001   ,ZAF              ,9786   ,40917         ,0.16441855712241979 ,0.12446351931330472 ,-2.2338142329049711  ,0.21895565092989985  ,713       ,316
202001   ,COD              ,1903   ,10338         ,0.16657908565423016 ,0.10877561744613767 ,-3.0761363058438875  ,0.56142932212296393  ,139       ,27
202001   ,EAF              ,44     ,306           ,0.0                 ,0.18181818181818182 ,-2.22352756935052    ,2.8681818181818191   ,0         ,0
202001   ,EUR              ,54452  ,388876        ,0.0714023360023507  ,0.11406376257988687 ,-1.2818612996897987  ,1.7623925659296258   ,1367      ,1118
202001   ,EGY              ,26567  ,122732        ,0.10046298038920465 ,0.10144163812248277 ,-1.3645252074354954  ,1.3759476041705871   ,924       ,477
202001   ,FJI              ,1157   ,5759          ,0.076923076923076927,0.09507346585998272 ,-0.61118716497740333 ,1.3443388072601552   ,32        ,39
202001   ,POL              ,22973  ,124028        ,0.12741043834066076 ,0.16010098811648457 ,-2.322464062818117   ,0.54379488965307088  ,1397      ,379
202001   ,UZB              ,1737   ,9275          ,0.070236039147956245,0.067357512953367879,-0.5856529170850252  ,1.9238917674150833   ,34        ,33
202001   ,BOL              ,5628   ,35500         ,0.11318407960199005 ,0.16613361762615494 ,-2.3428717609572214  ,0.751474769012083    ,175       ,171
202001   ,KOR              ,19834  ,122260        ,0.10618130483008975 ,0.11515579308258546 ,-1.2559239223759127  ,1.341242311182818    ,623       ,579
202001   ,SWE              ,10631  ,53840         ,0.10911485278901327 ,0.14721098673690153 ,-1.6994169690534602  ,0.86132066597686008  ,481       ,286
202001   ,WST              ,4985   ,29706         ,0.13480441323971915 ,0.087863590772316952,-2.3407459679182008  ,1.0842326980942831   ,420       ,59
202001   ,MKD              ,3173   ,19328         ,0.064607626851560032,0.10809959029309801 ,-0.55345049313884331 ,1.8508982035928139   ,77        ,41
202001   ,LTU              ,4515   ,25708         ,0.11029900332225914 ,0.12070874861572536 ,-1.9248565975068941  ,0.96347729789590275  ,156       ,207
202001   ,RWA              ,2934   ,12736         ,0.16325835037491479 ,0.09066121336059986 ,-2.0513150947648593  ,0.89366053169734172  ,198       ,25
202001   ,TKM              ,909    ,4443          ,0.099009900990099015,0.050605060506050605,0.20479872952415695  ,2.2865786578657867   ,20        ,9
202001   ,CHL              ,5955   ,35449         ,0.11502938706968933 ,0.16087321578505456 ,-1.6971808991766977  ,0.58654911838790968  ,234       ,126
202001   ,BRA              ,18584  ,104027        ,0.10105467068445975 ,0.12343951786482996 ,-1.31957822214217    ,1.1548805424020676   ,737       ,524
202001   ,GHA              ,9833   ,46521         ,0.076985660530865446,0.12183463846232076 ,-0.52972688438258764 ,1.2513678429777286   ,234       ,183
202001   ,KIR              ,416    ,1887          ,0.0673076923076923  ,0.11298076923076923 ,0.67354962960942555  ,1.6100961538461533   ,13        ,4
202001   ,SAM              ,2      ,20            ,0.0                 ,0.0                 ,2.21386647101981     ,5.5                  ,0         ,0
202001   ,BHS              ,2483   ,10342         ,0.13612565445026178 ,0.08497784937575513 ,-1.7032013453210431  ,0.81252517116391487  ,62        ,90
202001   ,TCD              ,3181   ,13898         ,0.16378497327884314 ,0.0675888085507702  ,-3.8630091315427464  ,0.53872995913234845  ,282       ,77
202001   ,DOM              ,1479   ,10237         ,0.089925625422582825,0.071670047329276537,0.25568418048201513  ,1.5423935091277887   ,42        ,23
202001   ,SCN              ,12     ,45            ,0.0                 ,0.0                 ,1.5298184728462967   ,3.3666666666666667   ,0         ,0
202001   ,IND              ,51705  ,230024        ,0.17296199593849723 ,0.20365535248041775 ,-2.9138839800265326  ,-0.45999032975534282 ,2953      ,1396
202001   ,BFA              ,1643   ,8464          ,0.26232501521606816 ,0.080949482653682292,-4.4081995025768119  ,-0.7205112598904444  ,299       ,12
202001   ,BTN              ,620    ,2803          ,0.037096774193548385,0.075806451612903225,0.0079163544725497359,2.0511290322580646   ,8         ,7
202001   ,AIA              ,151    ,780           ,0.099337748344370855,0.2251655629139073  ,-2.4005818670063714  ,0.29668874172185433  ,12        ,0
202001   ,EST              ,2594   ,13718         ,0.050115651503469548,0.1218195836545875  ,-0.27203131131991509 ,1.9319583654587511   ,28        ,71
202001   ,OMN              ,6687   ,29598         ,0.059967100343950946,0.050844922984896068,-0.577197616236758   ,1.9928966651712277   ,192       ,56
202001   ,MEA              ,872    ,3448          ,0.037844036697247709,0.12155963302752294 ,-1.5883217269450585  ,1.7997706422018358   ,17        ,1
202001   ,PNG              ,856    ,3800          ,0.16121495327102803 ,0.081775700934579434,-1.506316877087851   ,0.72593457943925221  ,35        ,6
202001   ,BLR              ,8016   ,43659         ,0.065119760479041916,0.12412674650698603 ,-0.952675327085253   ,1.7692989021956091   ,143       ,165
202001   ,PAN              ,2310   ,11762         ,0.12424242424242424 ,0.10995670995670996 ,-1.714188978498562   ,0.96402597402597423  ,103       ,58
202001   ,STP              ,60     ,345           ,0.13333333333333333 ,0.066666666666666666,-0.044549116101980882,0.78333333333333333  ,5         ,2
202001   ,KGZ              ,2402   ,13564         ,0.11615320566194838 ,0.083263946711074108,-1.4485378644252476  ,1.2144879267277267   ,93        ,67
202001   ,CAF              ,700    ,3786          ,0.17571428571428571 ,0.077142857142857138,-3.2687910475669497  ,0.45085714285714273  ,92        ,7
202001   ,DJI              ,1382   ,6153          ,0.090448625180897246,0.11287988422575977 ,-0.29603271944344051 ,1.6243125904486251   ,74        ,7
202001   ,FSM              ,66     ,300           ,0.090909090909090912,0.045454545454545456,0.66106627748577962  ,2.2151515151515153   ,3         ,0
202001   ,UKR              ,76702  ,393224        ,0.16324215796198274 ,0.14474198847487679 ,-3.2040047721299905  ,0.010992034002164183 ,7550      ,3193
202001   ,AUT              ,5862   ,29855         ,0.11685431593312863 ,0.11548959399522347 ,-1.1567422552423867  ,0.98161037188672762  ,255       ,105
202001   ,LSO              ,1071   ,5154          ,0.1876750700280112  ,0.11951447245564893 ,-3.6061134592661634  ,-0.52521008403361324 ,157       ,34
202001   ,ARM              ,7606   ,39162         ,0.12595319484617407 ,0.10767814882987116 ,-1.40099529876037    ,0.62265316855114383  ,529       ,118
202001   ,JOR              ,15183  ,72932         ,0.11736810906935388 ,0.16511888296120661 ,-2.3604221693450893  ,0.50368174932490306  ,697       ,218
202001   ,BRB              ,1195   ,5323          ,0.072803347280334732,0.11380753138075314 ,-0.51750845096680476 ,1.2292887029288706   ,24        ,17
202001   ,KNA              ,1373   ,6611          ,0.019664967225054626,0.050983248361252731,0.985607743496057    ,2.4726147123088134   ,6         ,6
202001   ,TTO              ,1463   ,6435          ,0.15789473684210525 ,0.11825017088174983 ,-1.2770579471506589  ,0.22563226247436766  ,118       ,16
202001   ,UGA              ,6056   ,25742         ,0.13358652575957727 ,0.136889035667107   ,-2.3414194220397833  ,0.68929986789960362  ,289       ,130
202001   ,SEA              ,2353   ,13851         ,0.1270718232044199  ,0.061623459413514665,-0.48064875309690813 ,1.3095622609434765   ,86        ,24
202001   ,CRI              ,1200   ,5088          ,0.063333333333333339,0.089166666666666672,-0.72088383722351523 ,1.7432500000000002   ,33        ,20
202001   ,GNB              ,279    ,941           ,0.010752688172043012,0.18996415770609318 ,-0.22968506045658707 ,1.2057761732851984   ,0         ,3
202001   ,USA              ,819808 ,3472270       ,0.15714045239861041 ,0.12597827784066512 ,-2.2598142001605424  ,0.37086195792185472  ,57716     ,19788
202001   ,AFG              ,18865  ,90915         ,0.22411873840445268 ,0.11200636098595282 ,-3.2740617347353487  ,-0.36437317784256568 ,2956      ,258
202001   ,VUT              ,261    ,1420          ,0.053639846743295021,0.080459770114942528,0.15698831090659149  ,2.74904214559387     ,2         ,4
