MonthYear,EventRootCode,Count,SumAvgTone            ,AvgAvgTone
202004   ,01           ,28   ,-74.0507675454034     ,-2.6446702694786928
201608   ,05           ,69   ,-69.076731647820949   ,-1.0011120528669704
201706   ,19           ,52   ,-185.92335549920097   ,-3.5754491442154026
201610   ,11           ,25   ,-89.780128542584634   ,-3.5912051417033859
201802   ,13           ,19   ,-53.331442847765871   ,-2.8069180446192559
201709   ,18           ,28   ,-168.7467678435726    ,-6.0266702801275924
201612   ,12           ,14   ,-39.967408988369691   ,-2.8548149277406925
201509   ,03           ,48   ,-99.531889439046566   ,-2.0735810299801365
201812   ,03           ,34   ,-44.216534714104327   ,-1.3004863151207158
201910   ,05           ,81   ,-171.53372468548307   ,-2.1177003047590497
201906   ,19           ,63   ,-244.75106370197548   ,-3.8849375190789761
201912   ,16           ,13   ,-46.943582393951687   ,-3.6110447995347452
201811   ,04           ,234  ,-343.27003886262577   ,-1.4669659780454096
201706   ,03           ,132  ,80.985735997399118    ,0.61352830301059935
201805   ,17           ,21   ,-83.3120265426011     ,-3.9672393591714816
201705   ,16           ,12   ,-27.078294273446332   ,-2.2565245227871942
201804   ,12           ,15   ,-38.941451773396842   ,-2.5960967848931236
201804   ,20           ,2    ,-8.6181277860327      ,-4.30906389301635
201603   ,19           ,78   ,-218.02585174990898   ,-2.7952032275629373
201809   ,01           ,58   ,-159.92985773034471   ,-2.7574113401783573
201910   ,11           ,35   ,-158.87855606737557   ,-4.539387316210731
201808   ,12           ,25   ,-124.73201326533311   ,-4.9892805306133248
201707   ,02           ,28   ,-55.602445787524523   ,-1.9858016352687327
201608   ,17           ,28   ,-130.80901756276347   ,-4.6717506272415532
201609   ,05           ,66   ,1.3633840542876996    ,0.020657334155874174
201612   ,16           ,7    ,-18.468101607401149   ,-2.6383002296287357
201705   ,06           ,13   ,-18.105717006115931   ,-1.3927474620089177
201804   ,07           ,5    ,-0.29644883418465984  ,-0.059289766836931879
201504   ,09           ,10   ,-44.890903233502129   ,-4.4890903233502133
201906   ,06           ,11   ,-18.852285236965038   ,-1.7138441124513668
201904   ,06           ,12   ,-15.823070703065049   ,-1.3185892252554208
201906   ,13           ,2    ,-9.67936246632741     ,-4.8396812331637049
201609   ,04           ,195  ,-355.10910149583651   ,-1.8210723153632642
201701   ,14           ,5    ,-14.857310750203171   ,-2.971462150040634
201805   ,05           ,37   ,-48.814715642983138   ,-1.319316638999545
201705   ,01           ,54   ,-77.7946925715759     ,-1.440642455029183
201703   ,12           ,33   ,-91.436117429213809   ,-2.7707914372489042
201801   ,16           ,1    ,-3.03830911492734     ,-3.03830911492734
201807   ,19           ,56   ,-173.79273758704377   ,-3.103441742625781
201502   ,06           ,11   ,-18.11693388407943    ,-1.646993989461766
201601   ,16           ,32   ,-45.483778851096133   ,-1.4213680890967537
202002   ,17           ,15   ,-39.7596188007533     ,-2.6506412533835535
201811   ,05           ,67   ,-43.552337468049046   ,-0.6500348875828218
201907   ,02           ,43   ,-72.7759213982585     ,-1.6924632883315929
201605   ,15           ,7    ,-9.91440086138888     ,-1.4163429801984113
201806   ,06           ,12   ,-98.196502935980362   ,-8.1830419113316957
201603   ,16           ,1    ,-5.0                  ,-5.0
201808   ,01           ,54   ,-214.95574829864375   ,-3.9806620055304394
201708   ,06           ,15   ,-36.883970127890294   ,-2.4589313418593526
201802   ,12           ,34   ,-115.27675844767077   ,-3.3904928955197291
201709   ,04           ,233  ,-644.08320051767441   ,-2.7643055816209205
202002   ,10           ,1    ,2.25498699045967      ,2.25498699045967
202002   ,15           ,6    ,-4.5277512978915908   ,-0.75462521631526513
202002   ,05           ,36   ,-94.844713931544987   ,-2.6345753869873603
201810   ,08           ,40   ,-144.55563520772043   ,-3.61389088019301
201810   ,03           ,24   ,-68.8234778914461     ,-2.8676449121435885
201806   ,12           ,8    ,-15.489938501116953   ,-1.9362423126396195
201812   ,16           ,7    ,-16.61693228051238    ,-2.3738474686446258
201703   ,02           ,72   ,-105.98248502666175   ,-1.4719789587036358
201611   ,12           ,8    ,-5.89348613881033     ,-0.7366857673512911
201703   ,14           ,12   ,-2.1130134836074022   ,-0.17608445696728381
201701   ,10           ,3    ,-16.73640167364016    ,-5.5788005578800535
201507   ,13           ,17   ,-86.132831935791486   ,-5.0666371726936168
201901   ,17           ,20   ,-89.115378750568667   ,-4.4557689375284335
201901   ,06           ,12   ,-13.391073133173087   ,-1.1159227610977576
201810   ,18           ,11   ,-62.892337162001517   ,-5.7174851965455922
201606   ,05           ,309  ,87.712844989434331    ,0.28386033977163216
201810   ,10           ,23   ,-55.44650644228372    ,-2.4107176714036394
201912   ,18           ,5    ,-23.134948185276158   ,-4.6269896370552317
201905   ,17           ,11   ,-32.238721313897514   ,-2.930792846717956
202002   ,16           ,1    ,-5.11182108626198     ,-5.11182108626198
201610   ,05           ,112  ,-147.80444761898391   ,-1.319682568026642
201701   ,13           ,12   ,-48.075583820651865   ,-4.0062986517209893
201802   ,06           ,37   ,-128.7114473564537    ,-3.4786877663906397
201804   ,03           ,35   ,-4.7931411619372959   ,-0.13694689034106561
201704   ,16           ,6    ,-30.684865708681919   ,-5.11414428478032
201512   ,11           ,77   ,-244.18615403182062   ,-3.171248753660008
201805   ,10           ,1    ,-2.9045643153527      ,-2.9045643153527
201509   ,19           ,105  ,-416.89663196407827   ,-3.9704441139436017
201806   ,18           ,7    ,-38.7081805784319     ,-5.5297400826331282
201502   ,05           ,25   ,-54.880262901167981   ,-2.195210516046719
201505   ,10           ,4    ,1.6165947893224204    ,0.4041486973306051
201504   ,18           ,11   ,-55.930720284468578   ,-5.084610934951689
201807   ,13           ,11   ,-42.722602110942951   ,-3.8838729191766315
201910   ,01           ,29   ,-100.13517591792244   ,-3.4529371006180152
201901   ,01           ,71   ,-248.33505493400514   ,-3.4976768300564114
201908   ,08           ,66   ,-297.59808352984226   ,-4.5090618716642759
201606   ,08           ,20   ,-47.227936570033094   ,-2.3613968285016549
201812   ,11           ,26   ,-100.43917229685066   ,-3.86304508834041
201902   ,13           ,8    ,-62.356864991760283   ,-7.7946081239700362
201903   ,17           ,8    ,-37.627405803208845   ,-4.7034257254011056
201603   ,07           ,6    ,-3.7914900971139711   ,-0.63191501618566193
201905   ,08           ,14   ,-27.210022016812161   ,-1.9435730012008685
202003   ,04           ,124  ,-272.28337081000188   ,-2.1958336355645307
202004   ,18           ,2    ,-13.2017483355236     ,-6.6008741677618
201707   ,11           ,71   ,-150.87606118482029   ,-2.1250149462650745
201704   ,12           ,12   ,-46.454579444510742   ,-3.8712149537092286
201711   ,07           ,17   ,-19.066965099662543   ,-1.1215861823330908
201804   ,19           ,70   ,-286.54287273231495   ,-4.093469610461641
201803   ,20           ,2    ,-11.12984822934232    ,-5.56492411467116
201705   ,10           ,7    ,-25.940245213557994   ,-3.70574931622257
201512   ,03           ,25   ,-61.713705237607471   ,-2.468548209504299
201506   ,07           ,38   ,-32.4980631965264     ,-0.85521218938227372
201509   ,07           ,6    ,-5.40156297501742     ,-0.90026049583623657
201607   ,06           ,16   ,-21.4753105553386     ,-1.3422069097086626
201510   ,11           ,20   ,-81.785338036903411   ,-4.08926690184517
201604   ,12           ,12   ,-37.82556878554751    ,-3.15213073212896
201911   ,10           ,1    ,-7.91788856304985     ,-7.91788856304985
201909   ,15           ,12   ,-61.942848710886565   ,-5.1619040592405474
201907   ,06           ,27   ,-130.1254771659533    ,-4.8194621172575314
201903   ,14           ,15   ,-51.13981285382394    ,-3.409320856921596
201906   ,18           ,11   ,-33.936013172009389   ,-3.0850921065463077
201806   ,09           ,3    ,-2.17687107596049     ,-0.72562369198683019
201704   ,04           ,107  ,-112.56957378256774   ,-1.0520520914258669
201602   ,01           ,69   ,-233.90180459124548   ,-3.38988122596008
201511   ,12           ,3    ,-3.5255275895615696   ,-1.17517586318719
201804   ,05           ,56   ,-76.615295538265727   ,-1.3681302774690307
201705   ,18           ,1    ,-9.79591836734693     ,-9.79591836734693
201610   ,16           ,1    ,-1.94986072423398     ,-1.94986072423398
201612   ,20           ,3    ,-10.280682443588329   ,-3.4268941478627766
201703   ,16           ,3    ,-10.344817751411778   ,-3.4482725838039263
201704   ,10           ,2    ,-12.048564033033418   ,-6.0242820165167092
201604   ,01           ,50   ,-75.330523607651557   ,-1.5066104721530309
201503   ,03           ,25   ,-4.0066557756776193   ,-0.16026623102710469
201603   ,03           ,14   ,-7.32423113645801     ,-0.52315936688985787
201507   ,06           ,19   ,-5.4218703825727168   ,-0.28536159908277453
201909   ,18           ,98   ,-492.23253898471569   ,-5.02278101004812
201911   ,18           ,6    ,-14.54202843320067    ,-2.4236714055334447
201912   ,08           ,22   ,-6.1263781420381083   ,-0.27847173372900469
201605   ,16           ,1    ,6.74486803519061      ,6.74486803519061
201809   ,14           ,3    ,-11.343523732904249   ,-3.78117457763475
201905   ,09           ,2    ,-4.70795273200771     ,-2.3539763660038551
202002   ,09           ,2    ,-2.710027100271       ,-1.3550135501355
202003   ,15           ,5    ,-9.50304964774667     ,-1.9006099295493339
201707   ,13           ,31   ,-58.71415422343901    ,-1.8940049749496453
201608   ,04           ,350  ,-589.61082551005      ,-1.6846023586001433
201705   ,04           ,257  ,8.6449274859984726    ,0.033637850140071965
201712   ,01           ,35   ,-59.572635727218675   ,-1.7020753064919623
201711   ,18           ,6    ,-38.988176154758378   ,-6.4980293591263969
201801   ,14           ,2    ,-4.09638554216866     ,-2.04819277108433
201509   ,14           ,2    ,3.65853658536584      ,1.82926829268292
201812   ,04           ,162  ,-297.76534050432269   ,-1.8380576574340906
201502   ,18           ,5    ,-20.97151671997219    ,-4.1943033439944379
201907   ,08           ,22   ,-122.43272503096983   ,-5.5651238650440833
201904   ,05           ,43   ,8.8145436139132745    ,0.20498938637007619
201811   ,15           ,2    ,-13.214285714285721   ,-6.60714285714286
201907   ,07           ,6    ,16.630850712671027    ,2.7718084521118382
202004   ,08           ,22   ,-51.660828194426884   ,-2.3482194633830411
201707   ,05           ,158  ,-178.18828452235505   ,-1.1277739526731334
201610   ,15           ,9    ,-31.651111896941728   ,-3.5167902107713029
201705   ,03           ,51   ,30.881780158959312    ,0.60552510115606506
201712   ,19           ,44   ,-224.62070515400129   ,-5.1050160262273012
201504   ,15           ,5    ,-21.462396162477084   ,-4.292479232495416
201604   ,07           ,10   ,-7.5663549340620593   ,-0.75663549340620584
201512   ,16           ,5    ,-5.18623416329179     ,-1.0372468326583579
201511   ,13           ,5    ,-18.01567749952223    ,-3.6031354999044467
201604   ,09           ,1    ,3.32326283987915      ,3.32326283987915
201811   ,03           ,63   ,42.266684488131858    ,0.67089975377987043
202001   ,11           ,31   ,-133.56914025249748   ,-4.3086819436289518
201811   ,14           ,14   ,-29.0105473725079     ,-2.0721819551791354
201808   ,08           ,18   ,-61.3813170568737     ,-3.4100731698263163
201902   ,15           ,1    ,0.2016129032258       ,0.2016129032258
201704   ,03           ,35   ,6.7174238856869888    ,0.19192639673391404
201802   ,19           ,189  ,-994.62193455631848   ,-5.2625499182873989
201802   ,01           ,161  ,-535.53532692456622   ,-3.3263063784134546
201803   ,03           ,94   ,-71.44278858413135    ,-0.7600296657886314
201612   ,15           ,7    ,3.94542855397385      ,0.56363265056769285
201705   ,07           ,11   ,3.8596540508736905    ,0.35087764098851726
201512   ,04           ,148  ,-289.99285877604945   ,-1.9594112079462793
201602   ,08           ,11   ,-14.740103662337052   ,-1.3400094238488232
201604   ,11           ,26   ,-121.34039490586002   ,-4.6669382656100016
201510   ,14           ,4    ,-7.0792210832926692   ,-1.7698052708231675
201901   ,09           ,1    ,-8.45070422535211     ,-8.45070422535211
201508   ,09           ,9    ,-15.147419638437931   ,-1.6830466264931034
201606   ,06           ,19   ,-45.092542683554306   ,-2.3732917201870682
201903   ,10           ,5    ,-2.0                  ,-0.40000000000000036
202001   ,05           ,106  ,-384.98798889856374   ,-3.6319621594204126
201905   ,15           ,2    ,4.04040404040404      ,2.02020202020202
201805   ,14           ,5    ,-3.37886206854614     ,-0.67577241370922758
201605   ,19           ,80   ,-267.10933088207082   ,-3.3388666360258861
201601   ,10           ,40   ,-24.732741375126437   ,-0.618318534378161
201809   ,19           ,119  ,-556.12371997313414   ,-4.6733085712028082
201901   ,11           ,25   ,-79.482763432382114   ,-3.1793105372952848
201911   ,08           ,15   ,-20.260495938336803   ,-1.3506997292224534
201907   ,17           ,13   ,-24.206830555358216   ,-1.8620638888737093
201904   ,07           ,9    ,23.849020840947134    ,2.6498912045496814
201902   ,12           ,8    ,-25.595750753807597   ,-3.1994688442259496
201902   ,17           ,27   ,-152.43739146788826   ,-5.6458293136254909
201906   ,09           ,10   ,-59.704784233278481   ,-5.9704784233278483
202005   ,06           ,2    ,4.97237569060774      ,2.48618784530387
201701   ,01           ,84   ,-176.11823398466365   ,-2.0966456426745679
201604   ,08           ,13   ,-41.831197889858259   ,-3.2177844530660202
201706   ,09           ,4    ,-7.50940179511608     ,-1.87735044877902
201707   ,18           ,6    ,-19.971429539874539   ,-3.3285715899790898
201711   ,04           ,200  ,-154.19129450426234   ,-0.77095647252131172
201508   ,08           ,25   ,-25.395290895817137   ,-1.0158116358326852
201710   ,06           ,22   ,-44.625913907287305   ,-2.0284506321494229
201605   ,04           ,156  ,-148.33869143278613   ,-0.95088904764606474
201603   ,11           ,41   ,-107.02437722670706   ,-2.6103506640660261
201502   ,04           ,49   ,-141.4852172904497    ,-2.8874534140908108
201712   ,16           ,2    ,-5.720823798627       ,-2.8604118993135
201602   ,06           ,10   ,-16.770811024368154   ,-1.6770811024368153
201605   ,13           ,8    ,-8.27434839660606     ,-1.0342935495757575
201901   ,02           ,19   ,-54.57682936493503    ,-2.8724647034176329
202002   ,03           ,26   ,-78.138148280994642   ,-3.0053133954228706
201912   ,12           ,21   ,-106.48956578565372   ,-5.0709317040787489
202005   ,17           ,8    ,-4.70501870277688     ,-0.58812733784711013
201702   ,04           ,448  ,-281.95876016348882   ,-0.62937223250778784
201704   ,13           ,1    ,-1.73697270471464     ,-1.73697270471464
201612   ,11           ,28   ,-153.79233669091707   ,-5.4925834532470388
201711   ,02           ,50   ,-109.92665716720761   ,-2.198533143344152
201709   ,15           ,8    ,-37.741590247835717   ,-4.7176987809794646
201505   ,06           ,17   ,-13.182077778921663   ,-0.77541633993656789
201506   ,10           ,6    ,-6.5918720125621348   ,-1.0986453354270225
201606   ,10           ,11   ,-34.394768196599408   ,-3.1267971087817648
201806   ,03           ,53   ,-57.2448347056652     ,-1.0800912208616074
201910   ,10           ,15   ,7.5882065120350415    ,0.50588043413566941
202003   ,13           ,6    ,-18.457556759210679   ,-3.0762594598684463
202003   ,16           ,3    ,-3.7630544377606467   ,-1.2543514792535491
202003   ,06           ,6    ,-6.26216077828982     ,-1.0436934630483032
201804   ,11           ,22   ,-83.21366234723331    ,-3.7824391976015139
201805   ,18           ,2    ,-10.935144312393881   ,-5.46757215619694
201705   ,09           ,6    ,-5.7903225806451495   ,-0.96505376344085825
201710   ,18           ,14   ,-65.0732166790367     ,-4.6480869056454779
201601   ,04           ,360  ,-398.97121957570857   ,-1.1082533877103011
201604   ,04           ,176  ,-215.36303973009106   ,-1.2236536348300622
201607   ,13           ,19   ,-85.631749233561862   ,-4.5069341701874679
201908   ,02           ,47   ,-147.868376843203     ,-3.1461356775149572
201810   ,17           ,26   ,-127.21109787217908   ,-4.89273453354535
201811   ,18           ,15   ,-90.632941335999647   ,-6.0421960890666426
201602   ,04           ,290  ,-348.03553201552256   ,-1.2001225241914577
201609   ,03           ,49   ,-44.650165764248129   ,-0.91122787273975725
201802   ,16           ,19   ,-117.07252428376674   ,-6.1617118044087755
201804   ,01           ,43   ,-179.55991437348152   ,-4.1758119621739889
201805   ,07           ,7    ,4.79247522041848      ,0.68463931720264
201707   ,15           ,3    ,-4.41717791411043     ,-1.47239263803681
201510   ,17           ,17   ,-49.544932189982255   ,-2.9144077758813083
201504   ,14           ,5    ,-9.22973886124808     ,-1.845947772249616
201607   ,11           ,40   ,-148.64181016109086   ,-3.716045254027271
201811   ,09           ,6    ,-25.77610978349286    ,-4.29601829724881
201502   ,16           ,2    ,1.0204081632653       ,0.51020408163265
201607   ,20           ,1    ,-8.11808118081181     ,-8.11808118081181
201610   ,14           ,5    ,-25.031014222141458   ,-5.0062028444282918
201804   ,04           ,202  ,-465.97032586121554   ,-2.3067837913921569
201805   ,01           ,32   ,-55.7923331739854     ,-1.7435104116870437
201710   ,17           ,29   ,-133.85457559633446   ,-4.6156750205632573
201504   ,20           ,3    ,-1.349742862854141    ,-0.44991428761804697
201607   ,08           ,8    ,-36.843918196767092   ,-4.6054897745958865
201504   ,12           ,11   ,-20.17376020787718    ,-1.8339782007161072
201908   ,07           ,40   ,-50.083128620786425   ,-1.2520782155196608
201810   ,11           ,44   ,-123.15724677774824   ,-2.7990283358579138
201811   ,07           ,1    ,7.08661417322835      ,7.08661417322835
201604   ,15           ,2    ,-7.3887489504618      ,-3.6943744752309
201806   ,07           ,18   ,-34.4253142760762     ,-1.9125174597820112
202003   ,19           ,31   ,-92.567242597906855   ,-2.9860400838034464
201702   ,07           ,12   ,-25.39992174806315    ,-2.1166601456719292
201704   ,17           ,19   ,-81.7117481289534     ,-4.3006183225764953
201712   ,12           ,22   ,-5.0812309087209613   ,-0.23096504130549828
201804   ,17           ,30   ,-102.20259902919112   ,-3.4067533009730369
201701   ,15           ,10   ,-22.199480462441933   ,-2.219948046244193
201710   ,02           ,31   ,-120.72641679097973   ,-3.8944005416445076
201710   ,10           ,7    ,-27.23231727250257    ,-3.8903310389289385
201710   ,07           ,7    ,-21.174117347451691   ,-3.0248739067788128
201807   ,14           ,5    ,-7.09782607482674     ,-1.4195652149653479
201910   ,08           ,26   ,-43.241472188823131   ,-1.6631335457239667
201910   ,18           ,30   ,-117.8824078709897    ,-3.9294135956996565
202002   ,04           ,114  ,-167.92533750075066   ,-1.4730292763223745
201906   ,17           ,19   ,-43.985513867554268   ,-2.3150270456607509
201807   ,08           ,11   ,-56.991755825095254   ,-5.1810687113722951
201912   ,06           ,10   ,-20.28998341152537    ,-2.028998341152537
201811   ,02           ,52   ,-95.006760175651536   ,-1.8270530803009915
201812   ,14           ,2    ,-3.65548322483725     ,-1.827741612418625
201703   ,04           ,268  ,-154.08273653758425   ,-0.57493558409546364
201611   ,14           ,14   ,-48.393185595654018   ,-3.4566561139752872
201803   ,14           ,12   ,-43.462689453868933   ,-3.6218907878224109
201705   ,17           ,26   ,-74.084762175376866   ,-2.8494139298221879
201711   ,16           ,7    ,-21.604858812112013   ,-3.0864084017302869
201603   ,08           ,17   ,-52.560558493575066   ,-3.0917975584455926
201807   ,03           ,19   ,-8.73856777730893     ,-0.45992461985836453
201712   ,06           ,9    ,-1.6744025667549791   ,-0.18604472963944213
201505   ,17           ,19   ,-92.15801557579465    ,-4.8504218724102435
201508   ,10           ,12   ,2.5742092991786718    ,0.21451744159822278
201510   ,15           ,4    ,-8.9363987675275212   ,-2.2340996918818803
201810   ,04           ,263  ,-451.15912790726475   ,-1.715433946415456
201909   ,03           ,39   ,-72.2173179867402     ,-1.8517261022241074
201909   ,12           ,49   ,-226.2371208371907    ,-4.6170840987181787
202002   ,06           ,8    ,-23.760015094922018   ,-2.9700018868652522
202002   ,19           ,49   ,-183.92085950306955   ,-3.7534869286340729
201912   ,19           ,100  ,-497.63846137470676   ,-4.9763846137470686
202003   ,14           ,8    ,-14.095132200901951   ,-1.7618915251127438
201904   ,19           ,80   ,-461.606291103171     ,-5.770078638789637
201810   ,06           ,10   ,-2.3812604616256792   ,-0.23812604616256794
201607   ,14           ,1    ,-10.4477611940298     ,-10.4477611940298
201611   ,17           ,29   ,-77.797570086265281   ,-2.6826748305608716
201610   ,08           ,10   ,-32.033520699136695   ,-3.2033520699136684
201706   ,02           ,33   ,-78.31821370694189    ,-2.3732792032406631
201706   ,08           ,14   ,-37.732420174053438   ,-2.6951728695752459
201709   ,12           ,153  ,-776.76132177195313   ,-5.0768713841304143
201805   ,03           ,27   ,21.521101875062691    ,0.79707784722454411
201608   ,16           ,3    ,-12.03254706587342    ,-4.0108490219578066
201710   ,16           ,7    ,-21.27030384025386    ,-3.03861483432198
201506   ,02           ,36   ,-63.929912276866965   ,-1.7758308965796381
201604   ,16           ,2    ,-12.2777944090436     ,-6.1388972045218
201810   ,13           ,1    ,0.0                   ,0.0
201509   ,18           ,3    ,-9.75212428572071     ,-3.2507080952402365
201909   ,05           ,492  ,-2156.7416867949496   ,-4.3836213146238867
202002   ,08           ,14   ,-39.661125512991269   ,-2.8329375366422336
201902   ,16           ,18   ,-99.70370056926815    ,-5.5390944760704519
201903   ,13           ,3    ,-3.7539789982071703   ,-1.2513263327357234
201703   ,08           ,23   ,-30.163145422982836   ,-1.3114411053470798
201611   ,08           ,15   ,11.445109062137202    ,0.76300727080914688
201702   ,13           ,4    ,-13.602894544324098   ,-3.4007236360810245
201706   ,04           ,261  ,13.118219871299381    ,0.050261378817239043
201609   ,13           ,7    ,-32.837579256729839   ,-4.6910827509614057
201608   ,06           ,18   ,-52.243184924884766   ,-2.9023991624935985
201605   ,02           ,60   ,-112.8383809954364    ,-1.8806396832572734
201511   ,08           ,24   ,-30.411712139479086   ,-1.2671546724782952
201604   ,18           ,5    ,-11.31239203655999    ,-2.2624784073119981
201809   ,12           ,2    ,-3.84247200516486     ,-1.92123600258243
201911   ,17           ,22   ,-102.07384997689718   ,-4.6397204534953271
201904   ,10           ,3    ,-9.83957535347804     ,-3.2798584511593472
201903   ,19           ,83   ,-268.01056954771809   ,-3.2290430065990123
201806   ,02           ,39   ,-13.463309422306569   ,-0.34521306211042474
201903   ,11           ,32   ,-104.49413789190606   ,-3.2654418091220641
201811   ,16           ,1    ,-2.56410256410256     ,-2.56410256410256
202003   ,05           ,42   ,-78.399650319847666   ,-1.866658340948754
201701   ,09           ,13   ,-14.57787670390787    ,-1.1213751310698361
201708   ,09           ,10   ,-17.954336309439231   ,-1.7954336309439232
201712   ,10           ,4    ,-4.45073059546584     ,-1.11268264886646
201705   ,13           ,7    ,2.33976887096043      ,0.33425269585149
201711   ,03           ,25   ,-12.88401798465275    ,-0.51536071938611
201606   ,15           ,67   ,-163.39846363602976   ,-2.4387830393437278
201507   ,11           ,34   ,-177.38222233087109   ,-5.2171241862020912
201802   ,15           ,3    ,-2.854526425955       ,-0.95150880865166665
202001   ,04           ,254  ,-766.70170464321791   ,-3.0185106482016462
201806   ,13           ,5    ,-9.49594172736735     ,-1.8991883454734704
201906   ,15           ,4    ,-2.65586693641646     ,-0.663966734104115
201608   ,02           ,53   ,-92.975852206187355   ,-1.7542613623808936
201704   ,19           ,87   ,-315.73820475536058   ,-3.6291747673029944
201609   ,11           ,43   ,-165.48996354771685   ,-3.848603803435275
201701   ,08           ,15   ,-20.04448316129465    ,-1.3362988774196431
201805   ,02           ,15   ,-34.579855796371348   ,-2.3053237197580891
201801   ,13           ,15   ,-37.706726587202553   ,-2.5137817724801708
201705   ,12           ,14   ,-10.395983555107161   ,-0.74257025393622578
201710   ,08           ,22   ,-70.628047093104314   ,-3.2103657769592866
201503   ,08           ,17   ,-49.602468652173165   ,-2.9177922736572448
201602   ,07           ,11   ,-23.962538062105825   ,-2.17841255110053
201512   ,09           ,10   ,-39.757978511387911   ,-3.9757978511387906
201812   ,06           ,11   ,-45.422204731742688   ,-4.1292913392493356
201508   ,20           ,1    ,-7.45341614906832     ,-7.45341614906832
201904   ,17           ,18   ,-115.26161159939393   ,-6.4034228666329955
202001   ,10           ,13   ,-30.82115038017195    ,-2.3708577215516886
201809   ,10           ,6    ,-32.658565488698677   ,-5.4430942481164468
201908   ,14           ,5    ,-15.040553750231158   ,-3.0081107500462321
201608   ,01           ,101  ,-238.92856637667717   ,-2.36562937006611
201611   ,16           ,34   ,-198.314942973101     ,-5.8327924403853233
201702   ,15           ,11   ,-13.32747561488768    ,-1.2115886922625163
201708   ,12           ,17   ,-83.219729810967678   ,-4.89527822417457
201612   ,07           ,36   ,-77.266004722173577   ,-2.146277908949267
201709   ,01           ,142  ,-525.05597816216721   ,-3.6975773110011771
201803   ,09           ,41   ,-119.81767703877327   ,-2.9223823667993485
201703   ,10           ,4    ,0.78696741854634011   ,0.196741854636585
201508   ,17           ,30   ,-56.801493199813109   ,-1.8933831066604363
201506   ,11           ,20   ,-58.9569283098743     ,-2.9478464154937147
201507   ,02           ,24   ,-54.800287267637856   ,-2.2833453028182444
201604   ,05           ,80   ,-140.53591944730505   ,-1.7566989930913135
201908   ,15           ,37   ,-96.055266483790021   ,-2.5960882833456767
201808   ,03           ,45   ,-106.26271238836529   ,-2.3613936086303395
201811   ,08           ,16   ,-48.893610470529559   ,-3.055850654408097
201806   ,20           ,5    ,-26.776401564537171   ,-5.3552803129074347
201506   ,13           ,1    ,-1.75438596491228     ,-1.75438596491228
201903   ,09           ,5    ,-16.669323561113597   ,-3.3338647122227192
201610   ,01           ,52   ,-127.60505565875857   ,-2.4539433780530495
201712   ,17           ,17   ,-83.140163572967182   ,-4.890597857233363
201804   ,06           ,18   ,-35.294693808654415   ,-1.9608163227030229
201705   ,15           ,1    ,-2.79569892473118     ,-2.79569892473118
201510   ,10           ,10   ,-28.448583759190527   ,-2.8448583759190518
201602   ,19           ,64   ,-227.21748993166804   ,-3.550273280182314
201503   ,04           ,202  ,-334.61747638379046   ,-1.6565221603157951
201505   ,08           ,18   ,-73.902130500711351   ,-4.1056739167061869
201507   ,19           ,57   ,-259.8999218543259    ,-4.5596477518302772
201908   ,01           ,149  ,-668.63477217831951   ,-4.4874816924719427
201912   ,05           ,95   ,-306.58676357370643   ,-3.2272290902495411
202003   ,08           ,31   ,-83.568485104295689   ,-2.6957575840095385
201807   ,17           ,16   ,-62.842364730456964   ,-3.9276477956535607
201608   ,20           ,3    ,-31.8584070796461     ,-10.6194690265487
201502   ,13           ,2    ,4.37405731523378      ,2.18702865761689
201906   ,08           ,12   ,-38.19327244425898    ,-3.1827727036882485
201905   ,14           ,7    ,-12.511081976292479   ,-1.7872974251846399
202004   ,09           ,5    ,7.03178781129785      ,1.40635756225957
201706   ,17           ,13   ,-47.105844828276467   ,-3.6235265252520357
201706   ,10           ,2    ,-3.7388977934176197   ,-1.8694488967088099
201804   ,02           ,9    ,-30.035180448979567   ,-3.3372422721088411
201710   ,01           ,38   ,-134.41445932211772   ,-3.5372226137399405
201508   ,04           ,264  ,-333.14145521667763   ,-1.2618994515783242
201603   ,04           ,86   ,-104.93944367745026   ,-1.2202260892726766
201511   ,06           ,18   ,-58.904497431438031   ,-3.2724720795243352
201809   ,18           ,33   ,-158.02853921968659   ,-4.7887436127177754
201909   ,19           ,287  ,-1462.217916239307    ,-5.0948359450846965
201606   ,03           ,161  ,-99.630539806024217   ,-0.61882322860884609
202002   ,01           ,15   ,-21.908717618200342   ,-1.4605811745466895
201908   ,06           ,26   ,-88.9442056744693     ,-3.4209309874795881
201808   ,13           ,3    ,-10.052070620779439   ,-3.3506902069264797
201902   ,19           ,92   ,-469.30916445526316   ,-5.1011865701659032
201903   ,18           ,8    ,-46.413559316811174   ,-5.8016949146013967
202004   ,15           ,5    ,-6.0109437917897992   ,-1.2021887583579598
201704   ,01           ,41   ,-124.66767820127434   ,-3.0406750780798619
201706   ,07           ,20   ,-7.1278116974181485   ,-0.35639058487090741
201610   ,18           ,3    ,-15.508659758003258   ,-5.169553252667753
201802   ,03           ,63   ,-140.56621540683076   ,-2.231209768362393
201803   ,12           ,44   ,-135.10108551969194   ,-3.0704792163566337
201801   ,03           ,49   ,-131.26650001174085   ,-2.6789081635049152
201611   ,15           ,1    ,0.30581039755352      ,0.30581039755352
201512   ,12           ,36   ,-88.009716051028818   ,-2.4447143347507994
201507   ,05           ,48   ,-46.608724559637174   ,-0.97101509499244132
201504   ,01           ,61   ,-161.58150407966608   ,-2.6488771160600995
201801   ,10           ,2    ,-11.51016875811338    ,-5.75508437905669
201501   ,04           ,5    ,0.27793562318226994   ,0.055587124636453947
202002   ,02           ,9    ,-9.8223838097655314   ,-1.0913759788628368
201907   ,05           ,68   ,-70.722389515883037   ,-1.0400351399394567
201907   ,03           ,35   ,-20.169684617546331   ,-0.57627670335846659
201806   ,08           ,32   ,-129.35609679505103   ,-4.0423780248453447
201903   ,01           ,44   ,-96.478387111986663   ,-2.192690616181515
201806   ,05           ,34   ,-19.433580086468858   ,-0.571575884896143
201806   ,01           ,38   ,-83.836308862407208   ,-2.206218654273874
201903   ,16           ,11   ,-53.321037020824718   ,-4.8473670018931561
201812   ,07           ,5    ,6.5239774274331       ,1.3047954854866204
201704   ,05           ,95   ,105.8754080176213     ,1.1144779791328558
201610   ,03           ,37   ,-10.266118095364977   ,-0.27746265122608044
201612   ,17           ,14   ,-84.251064923149229   ,-6.0179332087963742
201701   ,12           ,5    ,-7.54744945851234     ,-1.5094898917024682
201805   ,09           ,7    ,-2.7681041035000695   ,-0.3954434433571527
201801   ,09           ,7    ,-40.88871562287337    ,-5.8412450889819105
201510   ,07           ,11   ,-25.618759910032235   ,-2.3289781736392934
201504   ,03           ,87   ,-114.66658974330228   ,-1.3180067786586467
201504   ,19           ,127  ,-532.61006732923329   ,-4.193780057710498
201504   ,07           ,16   ,-34.660936190823669   ,-2.1663085119264793
201604   ,03           ,34   ,-40.384447708512909   ,-1.1877778737797913
201601   ,07           ,15   ,-41.445126022696449   ,-2.7630084015130958
201503   ,16           ,6    ,1.16968027457586      ,0.19494671242930989
201910   ,17           ,22   ,-144.494970825887     ,-6.5679532193585013
201606   ,07           ,21   ,-11.649939999538979   ,-0.55475904759709427
201905   ,04           ,163  ,-198.32170391336771   ,-1.2166975700206608
201903   ,06           ,30   ,-104.30572376129352   ,-3.4768574587097834
202001   ,14           ,7    ,-31.35437939641476    ,-4.47919705663068
201911   ,13           ,1    ,-0.39032006245121     ,-0.39032006245121
201811   ,10           ,8    ,-29.338935290067262   ,-3.6673669112584077
201707   ,03           ,277  ,323.45739907676784    ,1.1677162421543963
201702   ,02           ,54   ,-74.307362698171943   ,-1.3760622721883689
201611   ,05           ,86   ,10.440235298762783    ,0.12139808486933484
201704   ,07           ,20   ,-19.31290213259085    ,-0.96564510662954284
201801   ,18           ,12   ,-60.822287877884449   ,-5.0685239898237038
201711   ,09           ,5    ,-7.29142423745091     ,-1.4582848474901822
201510   ,03           ,21   ,0.86665061518088971   ,0.041269076913375696
201812   ,02           ,46   ,-68.329842566739586   ,-1.485431360146513
201908   ,11           ,63   ,-228.22166643641376   ,-3.6225661339113295
201903   ,05           ,40   ,-39.184743395970052   ,-0.97961858489925135
201808   ,20           ,9    ,-43.33399143572327    ,-4.8148879373025864
201810   ,16           ,1    ,-1.93470374848852     ,-1.93470374848852
202005   ,03           ,3    ,-6.05966480149449     ,-2.01988826716483
201704   ,09           ,17   ,-58.199369584412743   ,-3.4234923284948673
201706   ,18           ,5    ,-15.941394525180588   ,-3.1882789050361175
201709   ,02           ,142  ,-684.380729822354     ,-4.8195826043827745
201709   ,17           ,47   ,-195.00052553183289   ,-4.1489473517411266
201701   ,16           ,1    ,-5.19902518277823     ,-5.19902518277823
201712   ,07           ,8    ,5.21153488391378      ,0.65144186048922248
201709   ,08           ,59   ,-331.89073435507322   ,-5.6252666839842913
201711   ,17           ,23   ,-148.99849294736575   ,-6.4781953455376415
201507   ,09           ,10   ,-13.422814063038018   ,-1.342281406303802
201508   ,12           ,17   ,-32.449090194530896   ,-1.9087700114429942
201602   ,12           ,27   ,-42.839805705556941   ,-1.5866594705761832
201509   ,16           ,15   ,-72.867424047666631   ,-4.8578282698444406
201510   ,12           ,6    ,-9.30744204605313     ,-1.5512403410088551
201605   ,12           ,12   ,-39.452312127887069   ,-3.2876926773239217
201910   ,04           ,186  ,-235.73674279861368   ,-1.2674018430032994
201606   ,01           ,119  ,-80.75065412529014    ,-0.67857692542260628
201808   ,19           ,97   ,-393.23314013324966   ,-4.0539498982809246
201905   ,19           ,97   ,-511.650540538561     ,-5.2747478406037223
201502   ,17           ,3    ,-4.2744023742253905   ,-1.4248007914084635
201702   ,12           ,14   ,-14.98313005440952    ,-1.0702235753149654
201604   ,06           ,19   ,0.67722754276532049   ,0.035643554882385159
201610   ,17           ,16   ,-58.288076377924483   ,-3.64300477362028
201802   ,18           ,13   ,-53.655176606660874   ,-4.1273212774354517
201801   ,04           ,251  ,-517.30429158838365   ,-2.0609732732604935
201801   ,02           ,47   ,-131.02730168900493   ,-2.7878149295532961
201505   ,02           ,56   ,-58.376112620880448   ,-1.0424305825157221
201807   ,01           ,27   ,-110.91074912198647   ,-4.1078055230365358
201504   ,02           ,39   ,-77.835759715731584   ,-1.9957887106597842
201504   ,08           ,29   ,-119.76647954831871   ,-4.12987860511444
201605   ,17           ,22   ,-62.24222667569466    ,-2.8291921216224845
201901   ,05           ,34   ,-50.047128223351379   ,-1.4719743595103347
201908   ,12           ,26   ,-140.55508820342806   ,-5.40596493090108
201909   ,17           ,17   ,-50.960085920692578   ,-2.9976521129819163
201501   ,07           ,1    ,1.06382978723404      ,1.06382978723404
201606   ,16           ,3    ,-4.3899838524001105   ,-1.4633279508000367
201901   ,18           ,7    ,-36.00806811356491    ,-5.1440097305092731
201909   ,10           ,22   ,-29.082049624536008   ,-1.3219113465698187
201903   ,03           ,30   ,2.8393742799791477    ,0.094645809332638331
202004   ,16           ,9    ,-21.70292721677189    ,-2.4114363574190989
201702   ,17           ,20   ,-58.985333644267911   ,-2.9492666822133953
201708   ,04           ,168  ,-115.90905469018882   ,-0.68993484934636218
201704   ,06           ,11   ,-0.25470592553881177  ,-0.023155084139891396
201609   ,08           ,14   ,-25.153750307867845   ,-1.7966964505619891
201803   ,08           ,45   ,-245.01389877316359   ,-5.4447533060703019
201509   ,04           ,186  ,-294.73917130209645   ,-1.5846192005489053
201602   ,02           ,42   ,-72.649854745056544   ,-1.72975844631087
201603   ,06           ,13   ,-24.14572580396112    ,-1.8573635233816246
201603   ,12           ,17   ,-24.800737646274236   ,-1.4588669203690725
201503   ,15           ,4    ,-3.30532212885155     ,-0.82633053221288744
201911   ,19           ,52   ,-207.82400573605051   ,-3.9966154949240478
201907   ,01           ,60   ,-29.799619145727593   ,-0.49666031909545982
201902   ,01           ,75   ,-216.65864493529176   ,-2.888781932470557
201902   ,06           ,26   ,-23.403460620621086   ,-0.90013310079311881
201901   ,10           ,3    ,-15.96130592503026    ,-5.32043530834342
202001   ,19           ,110  ,-543.85025575258283   ,-4.9440932341143879
201708   ,05           ,77   ,-212.01982764264636   ,-2.7535042550993043
201609   ,12           ,32   ,-120.94072358806807   ,-3.7793976121271267
201707   ,14           ,9    ,-15.643047368677149   ,-1.7381163742974612
201703   ,09           ,11   ,-32.915105008456848   ,-2.9922822734960768
201805   ,16           ,3    ,-13.67539414414416    ,-4.55846471471472
201504   ,16           ,27   ,-94.353272852566221   ,-3.4945656612061571
201602   ,17           ,28   ,-91.1524345868794     ,-3.2554440923885508
201506   ,01           ,38   ,-80.029315239142335   ,-2.1060346115563773
201510   ,18           ,5    ,-21.182992441102382   ,-4.2365984882204755
201910   ,07           ,38   ,-11.233595348299851   ,-0.29562093021841707
201809   ,08           ,19   ,-92.239943480803362   ,-4.8547338674107028
201901   ,07           ,9    ,7.9038648686361       ,0.87820720762623328
201911   ,06           ,13   ,-56.447800660777276   ,-4.3421385123674838
201911   ,03           ,35   ,-54.299516164062339   ,-1.5514147475446385
201908   ,03           ,59   ,-86.971518182362615   ,-1.4740935285146206
201912   ,09           ,8    ,-3.6019567017154497   ,-0.45024458771443143
202003   ,03           ,21   ,-48.802608179635371   ,-2.32393372283978
201609   ,19           ,72   ,-303.85935086610118   ,-4.2202687620291837
201610   ,07           ,11   ,-17.4787739279042     ,-1.5889794479912909
201506   ,05           ,58   ,-54.277534992819454   ,-0.935819568841715
201503   ,07           ,6    ,-4.58481600654361     ,-0.76413600109060165
201506   ,06           ,4    ,-11.196370459588731   ,-2.7990926148971829
201502   ,02           ,8    ,-34.035090389170989   ,-4.2543862986463736
201603   ,09           ,4    ,-15.63571113151604    ,-3.90892778287901
201601   ,08           ,6    ,-21.090282215973261   ,-3.5150470359955435
201508   ,06           ,8    ,-30.186896713137948   ,-3.7733620891422439
201809   ,05           ,50   ,-163.4707523133288    ,-3.2694150462665759
201901   ,16           ,7    ,-32.9249973194774     ,-4.7035710456396282
202003   ,07           ,17   ,-10.838303650547719   ,-0.63754727356163043
201905   ,05           ,72   ,-130.51784963673856   ,-1.8127479116213694
201905   ,02           ,33   ,-72.407471835881069   ,-2.1941658132085173
201902   ,14           ,12   ,-84.315830003437441   ,-7.0263191669531224
201509   ,09           ,4    ,-17.914629456682981   ,-4.4786573641707452
201703   ,11           ,58   ,-226.97447843120122   ,-3.9133530764000217
201702   ,08           ,19   ,-35.104644632335877   ,-1.847612875386099
201702   ,14           ,2    ,-0.0095683315563599991,-0.0047841657781799718
201702   ,16           ,2    ,-6.4516129032258      ,-3.2258064516129
201701   ,06           ,51   ,-87.552606462785278   ,-1.7167177737801034
201803   ,07           ,20   ,-3.9281783457015385   ,-0.19640891728507687
201801   ,19           ,97   ,-484.27078481195781   ,-4.99248231764905
201705   ,02           ,34   ,-57.781142179325357   ,-1.6994453582154516
201705   ,08           ,21   ,-82.149011322113267   ,-3.911857682005393
201709   ,16           ,7    ,-11.941385255109381   ,-1.70591217930134
201510   ,13           ,5    ,-19.5081296904603     ,-3.90162593809206
201605   ,01           ,33   ,-35.866622945324146   ,-1.0868673619795204
201606   ,13           ,13   ,-29.416264398428872   ,-2.2627895691099136
202002   ,12           ,6    ,-4.7024075615933      ,-0.78373459359888309
202002   ,07           ,10   ,-34.843481495806444   ,-3.4843481495806441
201906   ,11           ,26   ,-83.6728867485257     ,-3.2181879518663732
201904   ,14           ,2    ,-16.26666666666674    ,-8.13333333333337
202005   ,11           ,6    ,-15.765481776318639   ,-2.6275802960531065
201702   ,18           ,14   ,-62.920700973188765   ,-4.4943357837991975
201708   ,02           ,58   ,-251.82853897637273   ,-4.3418713616615987
201802   ,02           ,98   ,-427.17936060366475   ,-4.3589730673843343
201803   ,05           ,81   ,-74.258462463895768   ,-0.91677114152957717
201705   ,14           ,6    ,-42.411704584998859   ,-7.0686174308331431
201708   ,15           ,2    ,-12.28668941979522    ,-6.14334470989761
201508   ,05           ,50   ,-68.705657371167788   ,-1.3741131474233554
201801   ,15           ,2    ,-5.1948051948052      ,-2.5974025974026
201910   ,13           ,3    ,-6.1738369071165105   ,-2.0579456357055035
201608   ,13           ,5    ,-25.30150005636386    ,-5.0603000112727718
201910   ,12           ,8    ,-40.376181477689272   ,-5.047022684711159
201809   ,07           ,8    ,-3.8494238028442487   ,-0.4811779753555312
201807   ,10           ,2    ,-17.9775280898877     ,-8.98876404494385
201707   ,19           ,48   ,-161.15485645238266   ,-3.3573928427579727
201611   ,01           ,41   ,-7.784319404264501    ,-0.18986144888450041
201706   ,12           ,6    ,-6.6651305931377607   ,-1.1108550988562933
201709   ,06           ,15   ,13.461599139988278    ,0.89743994266588523
201710   ,19           ,70   ,-360.43470838258924   ,-5.1490672626084173
201804   ,14           ,7    ,-26.58421310602661    ,-3.797744729432373
201504   ,06           ,19   ,-52.686081255530432   ,-2.7729516450279168
201911   ,11           ,25   ,-88.71761242500817    ,-3.548704497000327
201809   ,02           ,29   ,-121.72156635131167   ,-4.1972953914245394
201904   ,04           ,153  ,-236.47081101243293   ,-1.5455608562904113
201607   ,09           ,10   ,-67.266191135032216   ,-6.7266191135032214
202001   ,13           ,11   ,-31.392981387245339   ,-2.8539073988404855
201912   ,10           ,5    ,-5.02037255693015     ,-1.00407451138603
201701   ,05           ,74   ,4.8527882523214458    ,0.065578219625965772
201704   ,08           ,10   ,-24.960738564556689   ,-2.496073856455669
201706   ,01           ,30   ,-74.6563539058385     ,-2.4885451301946162
201701   ,19           ,197  ,-681.81388061170378   ,-3.4609841655416433
201803   ,06           ,25   ,-57.432720683132686   ,-2.2973088273253075
201508   ,19           ,54   ,-210.19708398179819   ,-3.892538592255522
201509   ,05           ,121  ,-115.51825490295369   ,-0.95469632151201422
201504   ,17           ,69   ,-366.04947322202781   ,-5.3050648293047509
201807   ,07           ,12   ,-24.2992005875879     ,-2.0249333822989914
201812   ,12           ,9    ,-36.503749883708707   ,-4.0559722093009674
201510   ,20           ,2    ,-7.11656441717792     ,-3.55828220858896
201606   ,11           ,59   ,-132.21176832338031   ,-2.2408774292098359
201912   ,03           ,43   ,-97.552720633360252   ,-2.2686679217060517
202001   ,06           ,34   ,-146.47328778297731   ,-4.3080378759699212
201905   ,12           ,25   ,-74.140200490303641   ,-2.9656080196121462
202005   ,09           ,2    ,-9.71563981042654     ,-4.85781990521327
202004   ,14           ,31   ,-130.36870878051334   ,-4.2054422187262368
201703   ,18           ,15   ,-51.9614726240817     ,-3.46409817493878
201702   ,09           ,9    ,-9.4333529922101889   ,-1.0481503324677988
201708   ,01           ,84   ,-255.4144652450581    ,-3.0406483957745007
201604   ,19           ,76   ,-366.6514472756997    ,-4.8243611483644715
201708   ,10           ,17   ,-92.156281618795333   ,-5.4209577422820781
201609   ,17           ,43   ,-161.36389222811627   ,-3.7526486564678208
201803   ,13           ,4    ,-3.4244090159428193   ,-0.85610225398570527
201605   ,11           ,14   ,-41.982745479821091   ,-2.9987675342729352
201605   ,18           ,18   ,-68.470545472750871   ,-3.8039191929306053
201601   ,01           ,230  ,-398.36917090634466   ,-1.7320398735058455
201511   ,19           ,60   ,-168.00753259953774   ,-2.8001255433256285
201502   ,12           ,4    ,-22.119097025718421   ,-5.5297742564296053
201504   ,13           ,4    ,-16.755882671545312   ,-4.188970667886327
201909   ,11           ,80   ,-320.60177870110965   ,-4.0075222337638712
201503   ,09           ,3    ,-11.0546378653113     ,-3.6848792884371
201905   ,01           ,36   ,-114.74554425436362   ,-3.187376229287878
201806   ,14           ,1    ,-3.81773399014778     ,-3.81773399014778
201912   ,15           ,1    ,-2.42130750605327     ,-2.42130750605327
201703   ,03           ,92   ,180.32410112959388    ,1.9600445774955857
201702   ,06           ,11   ,-29.94285124294624    ,-2.7220773857223852
201802   ,10           ,7    ,-43.329292051255663   ,-6.1898988644650945
201712   ,08           ,10   ,-5.176445332713655    ,-0.5176445332713655
201705   ,19           ,19   ,-77.654046451728      ,-4.0870550764067373
201705   ,11           ,15   ,-27.828305944323063   ,-1.8552203962882039
201807   ,04           ,125  ,-49.730568536374996   ,-0.39784454829099991
201502   ,09           ,11   ,-47.372873128953458   ,-4.3066248299048606
201505   ,09           ,5    ,-17.9369918699187     ,-3.5873983739837403
201502   ,07           ,3    ,-21.510883482714451   ,-7.17029449423815
201809   ,04           ,143  ,-194.59993928503792   ,-1.3608387362590062
202002   ,11           ,18   ,-45.73041660198799    ,-2.5405787001104438
201903   ,08           ,10   ,-19.0275532254513     ,-1.90275532254513
201806   ,10           ,2    ,-6.17760617760618     ,-3.08880308880309
201907   ,10           ,1    ,-4.17933130699088     ,-4.17933130699088
202005   ,05           ,6    ,-13.91498362030295    ,-2.3191639367171586
201708   ,11           ,88   ,-436.3735930843427    ,-4.9587908305038955
201704   ,11           ,16   ,-65.113499225320979   ,-4.0695937015825612
201612   ,03           ,52   ,-42.490649710024194   ,-0.81712787903892659
201612   ,02           ,69   ,-231.57773739538419   ,-3.3561990926867273
201608   ,18           ,11   ,-41.298628923653069   ,-3.7544208112411885
201712   ,05           ,51   ,-17.289505056246274   ,-0.33900990306365231
201801   ,11           ,75   ,-312.36413019951766   ,-4.1648550693269017
201505   ,04           ,284  ,-84.451253044565192   ,-0.297363567058328
201505   ,19           ,117  ,-440.36309597675722   ,-3.7637871451004892
201510   ,06           ,13   ,-6.09037378241521     ,-0.46849029095501615
201603   ,17           ,18   ,-22.36420687032868    ,-1.242455937240482
201909   ,09           ,24   ,-82.3898403287881     ,-3.4329100136995043
201906   ,04           ,150  ,-267.94241957906667   ,-1.7862827971937778
201811   ,19           ,60   ,-362.50643539159859   ,-6.0417739231933094
201712   ,14           ,1    ,-0.46511627906977     ,-0.46511627906977
201904   ,16           ,2    ,-7.83817951959546     ,-3.91908975979773
201703   ,05           ,99   ,-78.719082824709758   ,-0.79514225075464384
201702   ,03           ,68   ,-11.523512942985644   ,-0.16946342563214192
201708   ,07           ,16   ,-50.4785391351921     ,-3.1549086959495067
201708   ,18           ,7    ,-48.714101196332543   ,-6.9591573137617928
201803   ,10           ,15   ,-51.847698081796644   ,-3.4565132054531102
201711   ,13           ,4    ,-7.82838410438824     ,-1.9570960260970598
201505   ,03           ,107  ,-64.847208951904733   ,-0.606048681793502
201512   ,01           ,55   ,-111.27621138960099   ,-2.0232038434472912
201810   ,02           ,50   ,-132.3384846089877    ,-2.6467696921797534
201808   ,05           ,58   ,-198.01302196143956   ,-3.4140176200248202
201808   ,04           ,222  ,-462.69345446149214   ,-2.084204749826541
201611   ,11           ,33   ,-91.879915468493039   ,-2.7842398626816074
201612   ,06           ,17   ,-26.556867253697586   ,-1.5621686619822113
201706   ,06           ,2    ,-3.18338223807815     ,-1.591691119039075
201712   ,15           ,4    ,-14.103819784525      ,-3.52595494613125
201507   ,01           ,41   ,-147.46354089716576   ,-3.5966717291991634
201810   ,19           ,46   ,-189.3959740773353    ,-4.1173037842898976
201810   ,01           ,62   ,-158.96497214513474   ,-2.5639511636312053
201902   ,07           ,20   ,-30.011352367632679   ,-1.5005676183816341
201902   ,18           ,3    ,-23.856035757926559   ,-7.9520119193088528
202003   ,11           ,9    ,-18.362383996827582   ,-2.0402648885363979
201610   ,06           ,10   ,-24.101539977760687   ,-2.4101539977760686
201708   ,13           ,13   ,-32.67177784518401    ,-2.51321368039877
201711   ,10           ,8    ,-38.418115802986165   ,-4.8022644753732715
201509   ,17           ,27   ,-27.502612835997777   ,-1.01861529022214
201506   ,12           ,4    ,-10.832935332412799   ,-2.7082338331031997
201807   ,11           ,29   ,-90.527361907504385   ,-3.12163316922429
201511   ,10           ,8    ,-36.270530961801022   ,-4.5338163702251268
201812   ,01           ,63   ,-175.31628266874276   ,-2.7827981375990909
201502   ,10           ,2    ,-3.14497403119538     ,-1.57248701559769
201605   ,10           ,2    ,0.0                   ,0.0
201809   ,17           ,15   ,-34.8271401900931     ,-2.3218093460062059
201907   ,13           ,4    ,-10.101366523384879   ,-2.5253416308462198
201908   ,13           ,25   ,-40.926609926620444   ,-1.6370643970648178
201911   ,16           ,8    ,-36.093508714235412   ,-4.5116885892794265
201503   ,10           ,1    ,-2.18978102189781     ,-2.18978102189781
202005   ,19           ,6    ,-14.18374463600323    ,-2.3639574393338716
201606   ,20           ,2    ,-4.70588235294116     ,-2.35294117647058
201608   ,10           ,11   ,-31.36109683141693    ,-2.8510088028560845
201611   ,03           ,83   ,-64.462392250282619   ,-0.77665532831665829
201708   ,03           ,63   ,-148.9788225778349    ,-2.3647432155211896
201706   ,16           ,9    ,-11.25769469193474    ,-1.2508549657705266
201612   ,19           ,327  ,-1646.3746248665739   ,-5.0347847855246908
201804   ,09           ,7    ,-23.804091270677809   ,-3.4005844672396872
201508   ,01           ,95   ,-104.95145346047534   ,-1.1047521416892137
201605   ,03           ,66   ,-71.577763856086563   ,-1.0845115735770694
201512   ,17           ,18   ,-72.968517267794368   ,-4.0538065148774658
201601   ,06           ,11   ,-14.474852599959352   ,-1.3158956909053956
201908   ,17           ,34   ,-163.5840719712393    ,-4.8112962344482151
201909   ,01           ,156  ,-657.15163663879559   ,-4.2125104912743314
201906   ,05           ,115  ,-381.921435868902     ,-3.3210559640774084
201505   ,15           ,1    ,-4.90506329113924     ,-4.90506329113924
202004   ,02           ,21   ,-24.895839580295508   ,-1.1855161704902626
201707   ,08           ,36   ,-48.288032701918759   ,-1.3413342417199658
201610   ,02           ,24   ,-10.302939846895201   ,-0.4292891602873
201703   ,06           ,16   ,-19.0125395926906     ,-1.1882837245431626
201709   ,19           ,143  ,-652.27659010629009   ,-4.5613747559880427
201802   ,11           ,155  ,-758.60087082409927   ,-4.8941991666070912
201803   ,11           ,84   ,-404.41378883045445   ,-4.8144498670292188
201712   ,11           ,21   ,-57.978502316633708   ,-2.7608810626968427
201609   ,14           ,2    ,-2.3831830662594697   ,-1.1915915331297349
201511   ,01           ,76   ,-136.24687846974282   ,-1.7927220851281942
201510   ,02           ,12   ,-13.936801677478091   ,-1.161400139789841
201607   ,15           ,52   ,-174.86392523179273   ,-3.3627677929190916
201506   ,16           ,2    ,-3.0094608452309997   ,-1.5047304226154998
202002   ,18           ,3    ,-11.911248918285029   ,-3.97041630609501
201904   ,01           ,71   ,-108.40985454519227   ,-1.5268993597914404
201904   ,09           ,3    ,-9.47135902010399     ,-3.1571196733679967
201808   ,14           ,1    ,-5.05050505050505     ,-5.05050505050505
202004   ,11           ,6    ,-15.413611803367381   ,-2.56893530056123
201711   ,01           ,91   ,-190.63186066356494   ,-2.0948556116875268
201804   ,08           ,27   ,0.02523374244474752   ,0.00093458305350932469
201709   ,03           ,58   ,-77.8973889664634     ,-1.3430584304562654
201801   ,01           ,84   ,-263.56480265415115   ,-3.1376762220732273
201801   ,05           ,79   ,-225.63109163920126   ,-2.8560897675848262
201711   ,06           ,20   ,-2.3773741061633258   ,-0.11886870530816623
201710   ,03           ,26   ,-31.17064457405715    ,-1.198870945156044
201506   ,04           ,220  ,-131.50909034223463   ,-0.59776859246470315
201512   ,06           ,13   ,-17.6331594958943     ,-1.3563968842995615
201507   ,18           ,19   ,-79.010262095384235   ,-4.1584348471254851
201605   ,14           ,3    ,-7.0325082016105007   ,-2.3441694005368334
201509   ,12           ,12   ,-42.584954989824183   ,-3.5487462491520154
201506   ,18           ,5    ,-12.610987382487059   ,-2.522197476497412
201812   ,08           ,16   ,-64.169728390982243   ,-4.0106080244363911
201808   ,06           ,11   ,-20.344026691319812   ,-1.8494569719381642
201811   ,12           ,22   ,-61.967994150642618   ,-2.8167270068473917
201903   ,04           ,157  ,-157.17437412028056   ,-1.0011106631865005
201809   ,13           ,9    ,-47.332506557190065   ,-5.25916739524334
202004   ,04           ,69   ,-163.98434020191152   ,-2.3765846406074145
202005   ,02           ,11   ,-47.43741211169641    ,-4.3124920101542195
201707   ,16           ,9    ,-48.5192857136999     ,-5.3910317459666537
201706   ,13           ,3    ,-12.96962041715247    ,-4.32320680571749
201612   ,13           ,20   ,-52.306028993384686   ,-2.6153014496692348
201712   ,09           ,22   ,-38.619141675458451   ,-1.7554155307026575
201605   ,08           ,13   ,-48.879354789527085   ,-3.7599503684251605
201602   ,18           ,14   ,-70.224737101400379   ,-5.0160526501000264
201605   ,09           ,10   ,-33.422282494075695   ,-3.3422282494075692
201505   ,12           ,6    ,-8.46949391102136     ,-1.4115823185035599
202003   ,12           ,19   ,-85.2486691792686     ,-4.48677206206677
201906   ,02           ,14   ,-14.622026197042359   ,-1.0444304426458828
201907   ,12           ,6    ,-23.324097471471873   ,-3.8873495785786449
201904   ,18           ,4    ,-11.041293185244189   ,-2.7603232963110473
201808   ,02           ,16   ,-53.615184916052613   ,-3.3509490572532878
201902   ,09           ,13   ,-23.954640297509826   ,-1.8426646382699867
201806   ,11           ,46   ,-198.56452752061489   ,-4.3166201634916277
202001   ,17           ,51   ,-288.36436622503669   ,-5.6542032593144453
201810   ,09           ,11   ,-2.2378382438765443   ,-0.20343984035241311
202004   ,07           ,9    ,-34.561552436868126   ,-3.8401724929853476
201708   ,17           ,10   ,-59.806425352918069   ,-5.9806425352918069
201805   ,06           ,6    ,-4.7580122481912      ,-0.79300204136520036
201709   ,07           ,20   ,-16.6710292993268     ,-0.83355146496634
201711   ,19           ,69   ,-354.7844138724131    ,-5.1418030996001907
201712   ,02           ,25   ,-58.27976063940536    ,-2.3311904255762141
201712   ,18           ,12   ,-52.917725619193916   ,-4.40981046826616
201710   ,14           ,2    ,-15.44502617801048    ,-7.72251308900524
201504   ,04           ,404  ,-698.47421011322831   ,-1.7288965596862083
201511   ,09           ,11   ,-16.60652046388185    ,-1.5096836785347136
201505   ,11           ,25   ,-98.8398660908774     ,-3.9535946436350975
201902   ,10           ,11   ,-19.5849926630325     ,-1.7804538784575001
202001   ,02           ,22   ,-56.697521197954487   ,-2.5771600544524764
202001   ,12           ,16   ,-38.274527971171764   ,-2.3921579981982353
201903   ,15           ,5    ,2.7029632746102408    ,0.54059265492204789
202001   ,16           ,6    ,-18.1893753397295     ,-3.0315625566215831
202004   ,17           ,20   ,-93.962427989027731   ,-4.6981213994513871
201702   ,19           ,59   ,-227.07229477781408   ,-3.8486829623358325
201702   ,11           ,27   ,-88.039516360922917   ,-3.2607228281823306
201607   ,04           ,457  ,-986.577256490866     ,-2.15881237744172
201608   ,07           ,18   ,-52.277828164274482   ,-2.9043237869041385
201605   ,06           ,20   ,-39.177336559844761   ,-1.9588668279922379
201510   ,05           ,95   ,-81.605023686863916   ,-0.85900024933540953
201505   ,05           ,116  ,-238.80556678269113   ,-2.0586686791611304
201806   ,17           ,18   ,-47.59038618865592    ,-2.6439103438142175
201507   ,07           ,23   ,-77.990602068552363   ,-3.3908957421109727
201601   ,11           ,128  ,-355.54839733558282   ,-2.7777218541842394
201511   ,11           ,53   ,-202.6870281443033    ,-3.824283549892515
201604   ,17           ,32   ,-139.09987531539315   ,-4.3468711036060341
201507   ,08           ,10   ,-6.2125115282457308   ,-0.62125115282457333
201602   ,09           ,7    ,-9.5571795178446983   ,-1.3653113596920998
201512   ,18           ,7    ,-22.7880985460306     ,-3.2554426494329429
201908   ,09           ,20   ,-102.9487090373497    ,-5.1474354518674845
201606   ,04           ,360  ,-216.44366064694384   ,-0.60123239068595535
201906   ,01           ,52   ,-128.98742980874275   ,-2.4805274963219759
201808   ,11           ,33   ,-106.88509344934434   ,-3.2389422257377074
201903   ,12           ,6    ,-4.3554006968641      ,-0.72590011614401662
202001   ,18           ,16   ,-53.566097930073738   ,-3.3478811206296091
201505   ,13           ,2    ,-6.49087221095334     ,-3.24543610547667
201603   ,13           ,2    ,-12.639455666884459   ,-6.3197278334422293
201812   ,09           ,1    ,-1.3953488372093      ,-1.3953488372093
201608   ,11           ,20   ,-76.840010392729383   ,-3.842000519636469
201709   ,10           ,35   ,-178.61808748346553   ,-5.1033739280990149
201609   ,10           ,5    ,-20.856469369827913   ,-4.171293873965582
201507   ,04           ,154  ,-206.15218991415321   ,-1.338650583858138
201505   ,01           ,75   ,-188.49880726805057   ,-2.5133174302406744
201607   ,16           ,4    ,-8.54267379797826     ,-2.135668449494565
201804   ,16           ,3    ,-16.10039364583043    ,-5.3667978819434765
201512   ,07           ,12   ,-15.183191663334011   ,-1.2652659719445007
201509   ,06           ,19   ,-42.474774179945314   ,-2.235514430523438
201810   ,14           ,4    ,-32.368018344538157   ,-8.09200458613454
201909   ,13           ,34   ,-165.53466331684871   ,-4.8686665681426105
201910   ,02           ,57   ,-110.14388503133655   ,-1.9323488601988867
202003   ,02           ,29   ,-71.576828021989684   ,-2.4681664835168857
201906   ,12           ,8    ,-13.274481844968882   ,-1.6593102306211105
201904   ,08           ,13   ,-52.103049694043229   ,-4.007926899541788
202001   ,09           ,12   ,-55.460459985569258   ,-4.6217049987974379
201908   ,18           ,25   ,-105.41961541625486   ,-4.2167846166501946
201608   ,03           ,75   ,-25.676282888713132   ,-0.34235043851617508
201701   ,07           ,46   ,-44.373112583807341   ,-0.96463288225668142
201602   ,05           ,59   ,-4.7912800183223156   ,-0.081208135903768075
201706   ,05           ,78   ,-51.172888131781008   ,-0.65606266835616678
201707   ,20           ,4    ,-39.367197589324135   ,-9.8417993973310338
201610   ,10           ,4    ,-5.3952139231327      ,-1.348803480783175
201511   ,03           ,37   ,-29.43289881112787    ,-0.79548375165210439
201503   ,01           ,50   ,-104.0109393005301    ,-2.080218786010601
201601   ,09           ,25   ,-81.763753957287847   ,-3.2705501582915142
201901   ,13           ,5    ,-8.91556622477785     ,-1.7831132449555698
201901   ,03           ,34   ,-72.2108004201465     ,-2.1238470711807795
201502   ,11           ,10   ,-69.7371107772683     ,-6.973711077726831
201903   ,07           ,30   ,-24.316553478173162   ,-0.810551782605772
201902   ,03           ,39   ,-56.951542687715616   ,-1.4602959663516821
201708   ,16           ,4    ,-7.67829120620636     ,-1.91957280155159
201612   ,09           ,12   ,-65.270319862200992   ,-5.439193321850083
201609   ,07           ,6    ,-3.3951390159597876   ,-0.56585650265996446
201705   ,05           ,44   ,-60.392018816963073   ,-1.3725458822037064
201601   ,03           ,149  ,-60.481111989275071   ,-0.405913503283725
201512   ,05           ,49   ,-24.476795208698128   ,-0.49952643283057413
201607   ,05           ,86   ,-126.97157462134824   ,-1.4764136583877703
201607   ,17           ,57   ,-330.65549570859304   ,-5.8009736089226829
201812   ,17           ,22   ,-139.1075441434584    ,-6.3230701883390177
201606   ,19           ,59   ,-147.95888501003822   ,-2.5077777120345464
201906   ,03           ,36   ,-47.000614629397312   ,-1.3055726285943696
201806   ,04           ,226  ,21.935899385453776    ,0.09706150170554792
201508   ,16           ,4    ,-5.89680589680592     ,-1.47420147420148
201903   ,02           ,26   ,-42.260062996961736   ,-1.6253870383446825
201808   ,17           ,43   ,-198.45683854148547   ,-4.615275314918267
201905   ,16           ,9    ,-30.386116666599047   ,-3.3762351851776722
201909   ,16           ,5    ,-4.4859499428145693   ,-0.89718998856291376
201702   ,05           ,144  ,-74.218596202371643   ,-0.51540691807202532
201708   ,08           ,55   ,-327.02117127930677   ,-5.9458394778055768
201602   ,11           ,57   ,-181.31087376787073   ,-3.1808925222433468
201708   ,14           ,2    ,-6.2732342007435      ,-3.13661710037175
201709   ,11           ,130  ,-817.1544705759668    ,-6.2858036198151286
201509   ,02           ,34   ,-96.015965039889878   ,-2.8239989717614669
201601   ,05           ,95   ,-168.120159370635     ,-1.7696858881119475
201601   ,02           ,92   ,-201.6830602431493    ,-2.1922071765559705
201603   ,02           ,30   ,-44.632854063686239   ,-1.4877618021228753
201608   ,15           ,1    ,-0.42553191489361     ,-0.42553191489361
201909   ,04           ,286  ,-1041.7850109941044   ,-3.6426049335458206
201911   ,12           ,11   ,-20.790709653698517   ,-1.8900645139725927
201901   ,12           ,15   ,-29.891254286870879   ,-1.9927502857913921
201806   ,15           ,7    ,-14.35313219777078    ,-2.0504474568243971
202003   ,01           ,30   ,-84.105318519484584   ,-2.8035106173161526
201701   ,03           ,74   ,32.961090464280559    ,0.44542014140919667
201611   ,04           ,169  ,-169.7406765752886    ,-1.0043827016289268
201709   ,13           ,27   ,-127.59331501745721   ,-4.7256783339798965
201803   ,17           ,42   ,-280.19569672257893   ,-6.6713261124423555
201601   ,17           ,14   ,-59.301012787540017   ,-4.2357866276814287
201710   ,13           ,8    ,-29.014853472500981   ,-3.6268566840626226
201604   ,02           ,24   ,-50.010406613354235   ,-2.0837669422230936
201602   ,16           ,5    ,-21.842941747971985   ,-4.368588349594396
201503   ,12           ,13   ,-39.838619624114827   ,-3.0645092018549867
201901   ,08           ,10   ,-11.35863509032794    ,-1.135863509032794
201506   ,20           ,3    ,-16.481455122209102   ,-5.4938183740697006
201606   ,18           ,12   ,-60.523085295934806   ,-5.0435904413279005
201606   ,12           ,14   ,-14.455001184585791   ,-1.0325000846132708
201812   ,18           ,3    ,-19.687958613727019   ,-6.56265287124234
201902   ,02           ,12   ,-3.5860779465208079   ,-0.298839828876734
201607   ,18           ,11   ,-78.901112433210415   ,-7.1728284030191274
201808   ,09           ,2    ,-3.97022332506202     ,-1.98511166253101
201909   ,20           ,3    ,-15.23851056692385    ,-5.07950352230795
202004   ,05           ,28   ,-43.989994273715034   ,-1.5710712240612512
201708   ,19           ,120  ,-677.49546942484244   ,-5.6457955785403531
201511   ,17           ,30   ,-199.31323226506169   ,-6.6437744088353892
201706   ,14           ,1    ,-2.85132382892057     ,-2.85132382892057
201801   ,12           ,29   ,-112.6869184036955    ,-3.8857558070239833
201503   ,05           ,47   ,-48.519875050233821   ,-1.0323377670262517
201508   ,11           ,23   ,-50.4170401559562     ,-2.1920452241720083
201605   ,05           ,65   ,-27.720670112332066   ,-0.42647184788203168
201507   ,17           ,37   ,-216.25261130561464   ,-5.8446651704220169
201511   ,05           ,76   ,-66.5724596385182     ,-0.87595341629629231
201605   ,07           ,25   ,14.681133241093656    ,0.58724532964374632
201911   ,07           ,20   ,4.5533573530474989    ,0.22766786765237496
201609   ,18           ,30   ,-117.44137873497965   ,-3.9147126244993209
201609   ,06           ,6    ,-19.620334805083029   ,-3.2700558008471718
201711   ,12           ,23   ,-74.671844799811851   ,-3.2466019478179069
201608   ,09           ,13   ,-25.251280986220102   ,-1.9424062297092386
201804   ,18           ,16   ,-52.492433438764714   ,-3.2807770899227946
201511   ,04           ,221  ,-392.62349619903461   ,-1.7765769058779852
201511   ,15           ,6    ,-15.908147315977141   ,-2.65135788599619
201508   ,13           ,7    ,-24.537087541418803   ,-3.5052982202026857
201505   ,20           ,3    ,-9.470989761092131    ,-3.15699658703071
201810   ,05           ,51   ,-48.843845192840739   ,-0.95772245476158313
201907   ,19           ,43   ,-174.2861746275122    ,-4.05316685180261
201904   ,12           ,17   ,-63.317077109831054   ,-3.72453394763712
201607   ,02           ,41   ,-157.83243609660971   ,-3.849571612112431
202001   ,07           ,16   ,-53.83531523393583    ,-3.3647072021209894
201707   ,12           ,36   ,-143.94307767525564   ,-3.9984188243126546
201611   ,19           ,64   ,-241.789488273159     ,-3.7779607542681095
201612   ,01           ,98   ,-427.35610444827859   ,-4.3607765760028423
201610   ,12           ,4    ,3.53643116801012      ,0.88410779200253
201511   ,02           ,29   ,-38.746009542502222   ,-1.3360692945690424
201503   ,19           ,40   ,-81.2069927794283     ,-2.0301748194857074
201512   ,19           ,53   ,-67.666458342842361   ,-1.2767256291102336
201512   ,13           ,12   ,-20.8659135163125     ,-1.7388261263593749
201601   ,18           ,12   ,-77.138604336348834   ,-6.4282170280290689
201510   ,09           ,9    ,-0.98347137596284062  ,-0.10927459732920451
201911   ,02           ,35   ,-134.04549923920962   ,-3.8298714068345596
201912   ,11           ,39   ,-198.59444607618096   ,-5.092165284004639
201906   ,07           ,44   ,-33.970864289991141   ,-0.77206509749979857
202001   ,01           ,108  ,-515.99675482512475   ,-4.7777477298622655
201511   ,14           ,1    ,-4.64834276475344     ,-4.64834276475344
201808   ,07           ,6    ,9.7276354824737       ,1.6212725804122834
201908   ,16           ,5    ,-8.9137124666973815   ,-1.782742493339476
201807   ,16           ,4    ,-9.60015360245762     ,-2.4000384006144051
202004   ,06           ,8    ,-23.689970231920856   ,-2.9612462789901075
201608   ,08           ,13   ,-16.26593337497409    ,-1.2512256442287766
201611   ,07           ,14   ,-32.70095422666224    ,-2.3357824447615885
201610   ,04           ,140  ,-149.71927981814727   ,-1.0694234272724803
201805   ,08           ,7    ,-22.340939294963789   ,-3.1915627564233984
201711   ,05           ,83   ,-147.08716466519928   ,-1.7721345140385458
201712   ,04           ,82   ,-12.169260474884091   ,-0.1484056155473665
201701   ,18           ,15   ,-37.743202072195729   ,-2.5162134714797153
201801   ,07           ,13   ,-33.418311503620153   ,-2.57063934643232
201801   ,08           ,25   ,-33.058102527472663   ,-1.3223241010989066
201509   ,11           ,38   ,-155.14632530067689   ,-4.0827980342283405
201510   ,01           ,50   ,-120.52426439564815   ,-2.4104852879129637
201505   ,07           ,7    ,-20.224136538285961   ,-2.8891623626122795
201909   ,02           ,103  ,-494.22174818879665   ,-4.7982693998912289
201909   ,06           ,24   ,-53.72285009812456    ,-2.238452087421857
201606   ,17           ,31   ,-156.6501473053934    ,-5.0532305582384982
201912   ,01           ,89   ,-211.91242319797823   ,-2.3810384628986316
201811   ,06           ,20   ,-99.544863917559084   ,-4.9772431958779544
202001   ,03           ,38   ,-103.57944710290789   ,-2.725774923760734
201603   ,18           ,3    ,-11.538461538461521   ,-3.84615384615384
201906   ,10           ,8    ,-22.414431028516091   ,-2.8018038785645114
201812   ,10           ,3    ,-3.5019455252918394   ,-1.16731517509728
202004   ,19           ,37   ,-140.98890118006653   ,-3.8105108427045002
201707   ,01           ,140  ,-172.55303889487405   ,-1.2325217063919578
201704   ,18           ,20   ,-115.17151066004932   ,-5.7585755330024657
201612   ,08           ,42   ,-225.54591092331626   ,-5.3701407362694367
201803   ,02           ,61   ,-120.78476081657887   ,-1.980078046173424
201803   ,19           ,121  ,-376.08187163025531   ,-3.1081146415723575
201709   ,14           ,2    ,-5.46448087431694     ,-2.73224043715847
201712   ,03           ,34   ,2.2949562587611965    ,0.067498713492976314
201803   ,18           ,8    ,-19.336790780868188   ,-2.417098847608524
201804   ,13           ,9    ,-21.510106488990861   ,-2.3900118321100954
201506   ,03           ,107  ,-217.69213270109665   ,-2.0345059130943612
201512   ,08           ,23   ,-15.101731223555063   ,-0.65659700971978541
201508   ,18           ,8    ,-28.554995265072623   ,-3.5693744081340775
201601   ,14           ,15   ,-19.889146637981579   ,-1.3259431091987721
201901   ,04           ,160  ,-315.73136610557742   ,-1.9733210381598592
201909   ,07           ,12   ,-13.81227662732312    ,-1.1510230522769267
201606   ,02           ,71   ,-48.2887719043752     ,-0.68012354794894647
201606   ,09           ,8    ,-15.715559218702291   ,-1.9644449023377863
201511   ,16           ,2    ,-7.05467372134038     ,-3.52733686067019
201506   ,15           ,9    ,8.48280360098584      ,0.942533733442871
201905   ,03           ,35   ,3.9923077326453722    ,0.114065935218439
201902   ,05           ,59   ,-87.874549306214533   ,-1.4893991407832972
201908   ,10           ,3    ,-6.12579679117985     ,-2.0419322637266166
201812   ,13           ,3    ,-3.95153450909596     ,-1.3171781696986535
201808   ,10           ,1    ,-2.63157894736842     ,-2.63157894736842
201709   ,05           ,99   ,-271.78469382421116   ,-2.7452999376182947
201702   ,10           ,8    ,-32.004766333410821   ,-4.0005957916763526
201703   ,13           ,17   ,-60.215637490233085   ,-3.5420963229548872
201801   ,17           ,29   ,-153.24065297637623   ,-5.28416044746125
201601   ,13           ,66   ,-200.97446483626274   ,-3.0450676490342832
201807   ,02           ,36   ,-69.222948565329659   ,-1.9228596823702677
201807   ,18           ,12   ,-51.715038403392      ,-4.3095865336160006
201506   ,08           ,15   ,-35.165151089573726   ,-2.3443434059715824
201510   ,16           ,3    ,3.95556899392695      ,1.3185229979756499
201602   ,10           ,6    ,-14.803143065434714   ,-2.4671905109057848
201509   ,13           ,9    ,-48.368671093024417   ,-5.3742967881138233
201811   ,17           ,55   ,-414.56731635923785   ,-7.5375875701679611
201601   ,15           ,2    ,-2.38450074515648     ,-1.19225037257824
201901   ,14           ,2    ,-3.56265356265356     ,-1.78132678132678
201602   ,15           ,3    ,-1.84748771514574     ,-0.61582923838191339
202004   ,12           ,7    ,-8.45514792706942     ,-1.2078782752956314
201701   ,02           ,49   ,-99.3913653093757     ,-2.0283952103954226
201611   ,02           ,45   ,4.8277444348432184    ,0.10728320966318261
201707   ,10           ,11   ,-28.693236898425237   ,-2.6084760816750219
201802   ,04           ,369  ,-919.84818338078765   ,-2.4928135050969846
201609   ,16           ,3    ,-5.49016056984183     ,-1.8300535232806099
201711   ,08           ,43   ,-84.018488797179756   ,-1.9539183441204593
201506   ,19           ,77   ,-204.69357456223051   ,-2.6583581111978
201502   ,01           ,26   ,-47.100955019574478   ,-1.8115751930605577
201511   ,18           ,13   ,-53.586826227321779   ,-4.1220635559478289
201602   ,14           ,10   ,-4.3391055248457837   ,-0.43391055248457844
201812   ,05           ,44   ,-47.699108991645346   ,-1.0840706589010309
201506   ,14           ,2    ,-6.22177621675866     ,-3.11088810837933
201902   ,08           ,3    ,-19.21147292692163    ,-6.4038243089738769
201902   ,04           ,178  ,-375.37498662674409   ,-2.1088482394760906
202001   ,08           ,48   ,-239.81188530405228   ,-4.9960809438344231
202001   ,20           ,2    ,-8.9704305547852385   ,-4.48521527739262
201810   ,07           ,9    ,-16.193062468200992   ,-1.7992291631334436
201905   ,10           ,15   ,-79.438855366121587   ,-5.2959236910747727
202005   ,01           ,9    ,-44.003604594810845   ,-4.8892893994234274
201707   ,09           ,2    ,-0.89506545820745009  ,-0.447532729103725
201707   ,07           ,25   ,-50.185437643801436   ,-2.0074175057520574
201703   ,17           ,40   ,-181.81989967596351   ,-4.5454974918990869
201704   ,02           ,20   ,-46.889048116890635   ,-2.3444524058445317
201805   ,19           ,72   ,-230.45484304688478   ,-3.20076170898451
201503   ,02           ,24   ,-19.744686815263762   ,-0.82269528396932334
201807   ,06           ,13   ,-44.186146948479028   ,-3.398934380652233
201508   ,03           ,62   ,-121.10700159720341   ,-1.953338735438765
201601   ,12           ,30   ,-77.813208572309279   ,-2.593773619076976
201910   ,03           ,37   ,-19.255308146156089   ,-0.52041373367989441
201905   ,06           ,17   ,-21.798347963838577   ,-1.2822557625787396
202004   ,13           ,6    ,-2.9143961880174802   ,-0.48573269800291319
201608   ,19           ,120  ,-597.730167464739     ,-4.9810847288728244
201607   ,03           ,105  ,-206.34548589484672   ,-1.9651951037604451
201711   ,14           ,2    ,-0.11585567692816978  ,-0.057927838464084669
201509   ,01           ,66   ,-146.19913492640313   ,-2.2151384079758047
201603   ,05           ,43   ,-93.623156684903392   ,-2.177282713602406
201603   ,10           ,3    ,-1.80851063829787     ,-0.60283687943262332
201603   ,14           ,7    ,-25.805193807517966   ,-3.686456258216853
201911   ,04           ,183  ,-232.04662622717774   ,-1.2680143509681843
201912   ,02           ,6    ,-19.251637567369972   ,-3.2086062612283288
201607   ,10           ,12   ,-57.955279462119904   ,-4.8296066218433253
201906   ,16           ,2    ,-6.58114674441206     ,-3.29057337220603
201502   ,08           ,3    ,-7.10224166211045     ,-2.36741388737015
202004   ,03           ,10   ,-1.4728076097122305   ,-0.14728076097122311
201701   ,04           ,321  ,-410.92906325761805   ,-1.2801528450393087
201611   ,18           ,10   ,-27.342290926668596   ,-2.73422909266686
201503   ,11           ,29   ,-73.038508462723669   ,-2.5185692573352996
201503   ,06           ,12   ,-27.373717368280612   ,-2.2811431140233842
201607   ,19           ,115  ,-549.19904990943314   ,-4.77564391225594
201507   ,15           ,1    ,-2.56410256410256     ,-2.56410256410256
201904   ,02           ,14   ,-52.804234269322379   ,-3.7717310192373117
201607   ,12           ,6    ,-25.770269351772829   ,-4.2950448919621387
201602   ,03           ,105  ,-95.666258643781276   ,-0.91110722517886933
201706   ,11           ,35   ,-96.850533777660218   ,-2.7671581079331489
201510   ,19           ,68   ,-260.13740123501003   ,-3.8255500181619104
201612   ,14           ,11   ,0.47707948607684036   ,0.043370862370621821
201610   ,13           ,3    ,-13.857189592794999   ,-4.6190631975983329
201510   ,04           ,142  ,-159.5929345424727    ,-1.1238939052286805
201512   ,02           ,34   ,-43.406949683386706   ,-1.2766749906878443
201508   ,14           ,3    ,-12.29281791268637    ,-4.0976059708954571
201503   ,17           ,3    ,-1.24740124740126     ,-0.41580041580041993
201512   ,10           ,10   ,-20.59630093004186    ,-2.059630093004186
201511   ,07           ,7    ,6.70198383804426      ,0.95742626257775132
201907   ,18           ,18   ,-30.72922752488725    ,-1.7071793069381804
201911   ,01           ,48   ,-87.314841839431068   ,-1.8190592049881471
201707   ,17           ,14   ,-68.968907612168181   ,-4.9263505437262989
201701   ,11           ,28   ,20.099774456583351    ,0.71784908773511946
201702   ,01           ,104  ,-139.95163073344708   ,-1.3456887570523759
201805   ,04           ,135  ,-33.419135849936239   ,-0.24754915444397232
201805   ,11           ,39   ,-187.12264009449913   ,-4.7980164126794653
201802   ,17           ,38   ,-157.71316717014093   ,-4.1503465044773931
201803   ,04           ,428  ,-493.99206899470948   ,-1.1541870770904425
201711   ,11           ,40   ,-141.56062428071161   ,-3.53901560701779
201504   ,11           ,53   ,-186.2464204661359    ,-3.5140834050214331
201607   ,07           ,31   ,-60.987943059558688   ,-1.9673530019212484
201602   ,13           ,10   ,-37.754049189577728   ,-3.7754049189577725
201510   ,08           ,14   ,-26.18548693250359    ,-1.8703919237502564
201505   ,16           ,3    ,1.1516314779270629    ,0.383877159309021
201904   ,03           ,32   ,-44.401477472879584   ,-1.3875461710274872
201902   ,11           ,35   ,-155.49943548968238   ,-4.4428410139909253
201910   ,15           ,1    ,-3.07692307692308     ,-3.07692307692308
201611   ,06           ,12   ,-9.3557499581466743   ,-0.77964582984555619
201611   ,13           ,8    ,-25.856515549639358   ,-3.2320644437049197
201609   ,01           ,47   ,-118.06295741580939   ,-2.5119778173576468
201803   ,01           ,108  ,-413.12208692254046   ,-3.8252045085420412
201710   ,04           ,117  ,-153.60120105582251   ,-1.3128307782548938
201707   ,06           ,4    ,-8.06832050954778     ,-2.017080127386945
201807   ,15           ,4    ,-6.3460443938531608   ,-1.5865110984632904
201506   ,09           ,1    ,-0.82150858849888     ,-0.82150858849888
201603   ,01           ,45   ,-73.286031514302266   ,-1.6285784780956063
201607   ,01           ,113  ,-395.35708456689218   ,-3.4987352616539127
201908   ,04           ,248  ,-571.88432116755666   ,-2.3059851659982131
201905   ,07           ,11   ,-6.67629880011611     ,-0.60693625455600986
201703   ,07           ,66   ,-179.99111766077993   ,-2.7271381463754549
201704   ,20           ,2    ,-16.1067098374208     ,-8.0533549187104
201610   ,19           ,53   ,-223.84729652839721   ,-4.2235338967622109
201612   ,18           ,85   ,-455.39911308567559   ,-5.35763662453736
201805   ,13           ,6    ,-8.27479328705172     ,-1.37913221450862
201709   ,09           ,8    ,-18.664991493601722   ,-2.3331239367002152
201801   ,06           ,20   ,-3.70779746365519     ,-0.18538987318275932
201802   ,09           ,4    ,-2.82559427876678     ,-0.706398569691695
201710   ,11           ,44   ,-247.94325621610926   ,-5.6350740049115746
201710   ,12           ,21   ,-69.034989081648561   ,-3.287380432459456
201512   ,14           ,8    ,-17.212365456210946   ,-2.1515456820263688
201507   ,03           ,33   ,-67.555918468609732   ,-2.047149044503326
201508   ,02           ,41   ,-47.457699868901173   ,-1.1575048748512482
201503   ,18           ,4    ,-28.5677285677285     ,-7.1419321419321253
201507   ,12           ,15   ,-49.874864965145854   ,-3.3249909976763909
201809   ,11           ,51   ,-265.1270320901624    ,-5.1985692566698525
201507   ,14           ,3    ,-10.400000000000009   ,-3.46666666666667
201809   ,06           ,8    ,-14.238498865029509   ,-1.7798123581286887
201909   ,08           ,78   ,-256.61136294649469   ,-3.2898892685448038
201808   ,16           ,4    ,-8.10887483426827     ,-2.0272187085670677
201910   ,06           ,14   ,-58.991195404191089   ,-4.2136568145850779
201811   ,11           ,48   ,-270.59819347410792   ,-5.6374623640439143
201905   ,11           ,41   ,-160.31716637945209   ,-3.9101747897427348
201912   ,13           ,5    ,-13.26284692040795    ,-2.6525693840815903
202003   ,17           ,44   ,-176.19698910920474   ,-4.0044770252091988
201708   ,20           ,3    ,-31.2796208530806     ,-10.4265402843602
201802   ,20           ,5    ,-42.342785104980621   ,-8.4685570209961227
201710   ,20           ,2    ,-9.93227990970656     ,-4.96613995485328
201504   ,05           ,120  ,-218.61538154118378   ,-1.821794846176531
201601   ,19           ,74   ,-208.56723151707055   ,-2.8184761015820339
201809   ,03           ,21   ,-0.68194426388947793  ,-0.032473536375689616
201901   ,19           ,91   ,-486.6465971926329    ,-5.3477648043146484
201505   ,18           ,9    ,-40.140857679006508   ,-4.4600952976673911
201911   ,09           ,3    ,-18.998015873015881   ,-6.33267195767196
201912   ,07           ,41   ,-94.989496927037223   ,-2.31681699822042
201910   ,09           ,11   ,-50.845354437587794   ,-4.6223049488716175
201811   ,01           ,59   ,-221.72790745973717   ,-3.758100126436223
201907   ,09           ,5    ,-3.46349992963227     ,-0.6926999859264541
201806   ,19           ,40   ,-167.97500042999545   ,-4.1993750107498862
201907   ,11           ,19   ,-51.227680925251256   ,-2.696193732907961
201910   ,20           ,1    ,-4.83271375464684     ,-4.83271375464684
201904   ,13           ,2    ,-2.7785344592754      ,-1.3892672296377
201905   ,13           ,1    ,-2.10210210210211     ,-2.10210210210211
201703   ,19           ,66   ,-229.50851994875262   ,-3.4774018174053429
201802   ,08           ,34   ,-97.505512609731085   ,-2.8678091944038551
201802   ,07           ,20   ,-43.334332585108385   ,-2.1667166292554194
201807   ,12           ,16   ,-22.22522721839443    ,-1.3890767011496519
201502   ,03           ,16   ,-45.198953059591723   ,-2.8249345662244818
201508   ,07           ,13   ,-9.8715325408845978   ,-0.759348656991123
201506   ,17           ,25   ,-144.56268455058242   ,-5.7825073820232973
201509   ,08           ,17   ,-71.5347169583018     ,-4.20792452695893
201501   ,01           ,6    ,-24.228695130750648   ,-4.0381158551251088
201809   ,09           ,5    ,-27.811853215971837   ,-5.5623706431943676
201910   ,19           ,94   ,-432.23909585571255   ,-4.598288253784176
201911   ,05           ,73   ,-64.816606170986859   ,-0.887898714671053
201905   ,18           ,30   ,-174.41447827722124   ,-5.813815942574041
202005   ,04           ,27   ,-94.977186163639288   ,-3.51767356161627
201701   ,17           ,45   ,-179.70964372976903   ,-3.9935476384393116
201703   ,01           ,70   ,-227.547673541295     ,-3.2506810505899284
201609   ,15           ,12   ,-6.94502006716991     ,-0.578751672264159
201509   ,10           ,10   ,-40.129642161655312   ,-4.012964216165531
201908   ,19           ,134  ,-592.22190713822567   ,-4.4195664711807892
201908   ,05           ,183  ,-740.93481375531553   ,-4.0488241188815071
201606   ,14           ,5    ,-23.094527823472649   ,-4.61890556469453
201807   ,09           ,13   ,-56.6084171416057     ,-4.3544936262773621
201912   ,17           ,4    ,-18.4371290854849     ,-4.6092822713712254
202002   ,13           ,7    ,-14.812511303888288   ,-2.1160730434126123
201604   ,13           ,5    ,-15.570896107556012   ,-3.1141792215112019
201808   ,18           ,6    ,-22.949871956139731   ,-3.8249786593566215
201707   ,04           ,1009 ,-230.56109682024743   ,-0.22850455581788731
201610   ,09           ,5    ,8.73324906243279      ,1.7466498124865582
201612   ,04           ,236  ,-684.27335933544191   ,-2.8994633870145838
201612   ,05           ,140  ,-124.16176006952904   ,-0.88686971478235066
201609   ,02           ,17   ,-52.950942542984691   ,-3.114761326057923
201805   ,12           ,11   ,-34.471649065953613   ,-3.1337862787230555
201802   ,05           ,112  ,-283.71175368383962   ,-2.5331406578914253
201608   ,12           ,13   ,-26.98670472264487    ,-2.075900363280375
201712   ,13           ,35   ,-81.306524690083961   ,-2.3230435625738282
201805   ,15           ,7    ,-24.396124199985611   ,-3.4851605999979451
201710   ,05           ,41   ,-33.239007014472882   ,-0.81070748815787519
201710   ,09           ,5    ,-7.301073264302679    ,-1.4602146528605358
201807   ,05           ,72   ,-67.45834668888395    ,-0.93692148179005508
201502   ,19           ,25   ,-90.096592012581127   ,-3.603863680503244
201509   ,20           ,4    ,-4.7656727812612      ,-1.1914181953153
201812   ,19           ,35   ,-155.12561844554108   ,-4.43216052701546
201912   ,04           ,280  ,-959.37976771056856   ,-3.4263563132520281
201810   ,12           ,33   ,-109.21215752913781   ,-3.309459319064783
201907   ,04           ,277  ,-244.72416272591414   ,-0.88348073186250631
201904   ,11           ,16   ,-65.557704292595886   ,-4.0973565182872438
201811   ,13           ,15   ,-90.0525350798834     ,-6.003502338658893
