MonthYear,EventRootCode,f0_,f1_                   ,f2_
201608   ,04           ,124,-162.51652930750248   ,-1.3106171718346975
201608   ,19           ,14 ,-78.920155650332788   ,-5.6371539750237689
201702   ,17           ,19 ,-58.159047119862691   ,-3.0610024799927738
201803   ,12           ,4  ,-4.8503431157833194   ,-1.2125857789458299
201711   ,02           ,24 ,-20.472585864972249   ,-0.85302441104051074
201503   ,04           ,118,-160.10560720398604   ,-1.3568271796947977
201507   ,04           ,86 ,52.795519404357961    ,0.61390138842276709
201802   ,08           ,20 ,-47.953425736979526   ,-2.397671286848976
201509   ,12           ,12 ,-98.297625834246929   ,-8.1914688195205763
201902   ,12           ,5  ,-8.86270690357241     ,-1.7725413807144821
201508   ,03           ,8  ,4.8741385609716       ,0.60926732012145
201607   ,05           ,58 ,-61.468469059709832   ,-1.0598011906846521
201903   ,03           ,11 ,-8.48840006285076     ,-0.77167273298643257
201806   ,17           ,3  ,-6.2609562580484495   ,-2.0869854193494826
202004   ,07           ,6  ,5.37053833508583      ,0.89508972251430463
201702   ,12           ,6  ,-23.050985235734462   ,-3.8418308726224097
201706   ,17           ,5  ,-10.11948387416836    ,-2.0238967748336729
201603   ,04           ,81 ,-153.88668689108601   ,-1.899835640630692
201803   ,07           ,4  ,5.30920821912556      ,1.3273020547813896
201802   ,07           ,24 ,22.122874593654252    ,0.92178644140226007
201712   ,08           ,7  ,-21.21115958523276    ,-3.0301656550332519
201511   ,14           ,1  ,-4.1025641025641      ,-4.1025641025641
201509   ,02           ,20 ,-72.928736170618478   ,-3.6464368085309236
201911   ,05           ,12 ,12.737076523189831    ,1.0614230435991525
201908   ,17           ,8  ,-39.521768941437784   ,-4.9402211176797231
201912   ,05           ,25 ,22.590283374016781    ,0.90361133496067114
201703   ,17           ,7  ,-31.550446998722848   ,-4.5072067141032637
201904   ,18           ,4  ,-27.253049712757729   ,-6.8132624281894323
201703   ,02           ,9  ,-6.0430414732371336   ,-0.67144905258190357
201609   ,11           ,2  ,1.1778516924281002    ,0.58892584621405009
201508   ,08           ,2  ,-13.0                 ,-6.5
201705   ,16           ,8  ,2.1781044008156707    ,0.27226305010195861
201602   ,04           ,108,-106.88112878134426   ,-0.98964008130874348
201712   ,11           ,22 ,-15.324198937380714   ,-0.69655449715366891
201804   ,06           ,16 ,-23.100424816927863   ,-1.4437765510579912
201905   ,15           ,2  ,4.04040404040404      ,2.02020202020202
202001   ,02           ,15 ,-6.1865220095010409   ,-0.41243480063340265
201606   ,08           ,15 ,7.2758231052349993    ,0.485054873682333
201811   ,09           ,4  ,-1.55038759689924     ,-0.38759689922481
201611   ,07           ,5  ,-6.5816850183677094   ,-1.316337003673542
201704   ,19           ,4  ,-18.038388553156491   ,-4.5095971382891218
201709   ,10           ,1  ,-0.6006006006006      ,-0.6006006006006
201709   ,08           ,3  ,-4.18366248985142     ,-1.3945541632838065
201508   ,06           ,18 ,-14.003401786498845   ,-0.77796676591660219
201512   ,18           ,1  ,0.83333333333333      ,0.83333333333333
201510   ,17           ,10 ,-6.6803742017221808   ,-0.66803742017221812
201802   ,09           ,5  ,0.76905876151992025   ,0.15381175230398436
201603   ,17           ,1  ,-6.64819944598338     ,-6.64819944598338
201810   ,06           ,5  ,-12.211862211862179   ,-2.4423724423724353
201512   ,01           ,14 ,-40.548551207689471   ,-2.8963250862635332
202002   ,06           ,7  ,-10.986598443751349   ,-1.5695140633930498
201809   ,19           ,8  ,0.34269657519758745   ,0.04283707189969832
201812   ,18           ,6  ,-11.1753346515943     ,-1.8625557752657167
201610   ,11           ,79 ,-202.80695084085335   ,-2.5671765929221939
201610   ,17           ,16 ,-126.18910184905987   ,-7.8868188655662408
201706   ,07           ,8  ,-8.85599789544094     ,-1.1069997369301174
201610   ,12           ,16 ,-101.62793812565525   ,-6.3517461328534521
201701   ,08           ,8  ,-35.398795696786344   ,-4.424849462098293
201805   ,05           ,30 ,4.2151572400559854    ,0.14050524133519954
201503   ,03           ,29 ,17.620261032779769    ,0.60759520802688849
201806   ,01           ,5  ,-6.0140444558096      ,-1.20280889116192
201804   ,01           ,18 ,-9.0966213234519415   ,-0.50536785130288586
201507   ,12           ,2  ,-2.0414423011382903   ,-1.0207211505691451
202002   ,04           ,267,-176.79617669490628   ,-0.66215796514946135
201909   ,10           ,5  ,-14.42409968380446    ,-2.8848199367608922
201909   ,06           ,4  ,-1.977928692699495    ,-0.49448217317487375
201606   ,03           ,68 ,-21.306588377179985   ,-0.31333218201735269
201707   ,12           ,9  ,-22.767669668766903   ,-2.5297410743074336
201708   ,12           ,38 ,-97.892233778626945   ,-2.5761114152270235
201903   ,05           ,22 ,9.7000249953680679    ,0.44091022706218475
201712   ,03           ,9  ,-1.3376981817062097   ,-0.14863313130068995
201506   ,01           ,16 ,-26.161754180257621   ,-1.6351096362661011
201904   ,09           ,1  ,0.43103448275862      ,0.43103448275862
201904   ,11           ,21 ,-38.744670511769918   ,-1.8449843100842813
201509   ,03           ,29 ,-40.469025942935119   ,-1.3954836532046588
201903   ,04           ,86 ,-119.716399705964     ,-1.3920511593716742
202001   ,17           ,9  ,-43.891827176339142   ,-4.876869686259905
201608   ,03           ,48 ,-38.271531175217767   ,-0.79732356615037
201704   ,07           ,2  ,-0.81687584113173006  ,-0.40843792056586503
201609   ,02           ,12 ,-10.999354130669792   ,-0.91661284422248246
201707   ,01           ,30 ,-4.447129714996743    ,-0.14823765716655843
201705   ,01           ,43 ,30.970550141851767    ,0.72024535213608765
201807   ,04           ,68 ,-61.686550743352967   ,-0.90715515799048452
201509   ,09           ,2  ,-0.83440034144258979  ,-0.41720017072129512
201507   ,02           ,18 ,11.460470209740151    ,0.6366927894300084
201807   ,13           ,5  ,-17.802340900368954   ,-3.5604681800737912
201809   ,06           ,4  ,-7.07081210356658     ,-1.7677030258916451
201907   ,04           ,92 ,-124.52505491229385   ,-1.3535332055684117
201805   ,18           ,3  ,-16.121560920831019   ,-5.373853640277007
201907   ,09           ,2  ,-3.16101415870926     ,-1.58050707935463
201611   ,16           ,8  ,-38.086420642049895   ,-4.7608025802562359
201610   ,14           ,4  ,-20.902703853523533   ,-5.2256759633808825
201503   ,01           ,26 ,-66.6442539081783     ,-2.5632405349299354
201709   ,13           ,11 ,-14.960898803017329   ,-1.3600817093652116
201809   ,04           ,80 ,-107.77968723050371   ,-1.3472460903812964
201605   ,05           ,27 ,-21.892032216421505   ,-0.81081600801561149
201512   ,12           ,7  ,-3.9202766009237      ,-0.5600395144176713
201907   ,05           ,29 ,45.790172025067648    ,1.5789714491402638
201503   ,19           ,4  ,-6.7158333455645005   ,-1.6789583363911251
201912   ,01           ,26 ,-30.110098378177668   ,-1.1580807068529873
201809   ,18           ,2  ,-7.86324786324786     ,-3.93162393162393
202003   ,04           ,66 ,-16.080681229693386   ,-0.24364668529838451
202004   ,12           ,2  ,-3.91107451626184     ,-1.95553725813092
201708   ,01           ,51 ,-135.8072764361643    ,-2.6628877732581238
201610   ,06           ,4  ,-1.19402985074627     ,-0.29850746268656753
201611   ,18           ,1  ,-2.16802168021681     ,-2.16802168021681
201701   ,18           ,7  ,-54.750863294044422   ,-7.8215518991492035
201511   ,05           ,87 ,-185.74573992885411   ,-2.135008504929357
201701   ,17           ,5  ,-10.752179141048353   ,-2.1504358282096709
201712   ,17           ,2  ,-11.84856728968661    ,-5.9242836448433049
201502   ,18           ,1  ,-8.07453416149068     ,-8.07453416149068
201503   ,08           ,10 ,-17.677179821495546   ,-1.7677179821495539
201810   ,19           ,12 ,-17.383897902287231   ,-1.4486581585239358
201505   ,17           ,7  ,-26.455652532711575   ,-3.7793789332445105
201909   ,04           ,63 ,-26.336279638904102   ,-0.41803618474450965
201909   ,11           ,7  ,-4.9989369671937194   ,-0.71413385245624517
201812   ,10           ,1  ,-1.98347107438017     ,-1.98347107438017
202005   ,10           ,4  ,-22.023332118118859   ,-5.5058330295297147
201702   ,19           ,11 ,-11.727309119048279   ,-1.0661190108225709
201705   ,08           ,19 ,-63.378107045562629   ,-3.3356898445032956
201803   ,14           ,1  ,-7.69230769230769     ,-7.69230769230769
201601   ,04           ,41 ,-5.4070441276337959   ,-0.1318791250642391
201809   ,03           ,34 ,-6.9751295119421775   ,-0.20515086799829929
201709   ,16           ,3  ,-6.61226875788745     ,-2.2040895859624836
201607   ,11           ,30 ,-153.84864388171576   ,-5.1282881293905245
201806   ,03           ,14 ,19.429326509838592    ,1.3878090364170421
201912   ,02           ,14 ,-11.657734589025459   ,-0.83269532778753308
201711   ,13           ,5  ,-33.474490824763038   ,-6.6948981649526074
201704   ,12           ,7  ,-18.050660557723081   ,-2.57866579396044
201708   ,09           ,3  ,-18.2034912718204     ,-6.0678304239401335
201708   ,13           ,4  ,-8.96376941636258     ,-2.2409423540906448
201609   ,12           ,5  ,-4.6743896122930213   ,-0.9348779224586039
201803   ,02           ,17 ,-5.8069992154272683   ,-0.34158818914278077
201710   ,09           ,6  ,-5.267014427793125    ,-0.87783573796552083
201801   ,14           ,4  ,-26.681016330541439   ,-6.67025408263536
201507   ,13           ,10 ,-8.67886201119273     ,-0.86788620111927284
201508   ,02           ,15 ,-11.077092932589721   ,-0.73847286217264807
201807   ,03           ,18 ,-39.04545782158673    ,-2.1691921011992639
201909   ,03           ,17 ,-0.89452576616068025  ,-0.052619162715334122
201903   ,07           ,4  ,5.33269748653501      ,1.3331743716337525
201907   ,03           ,15 ,24.107640321850727    ,1.6071760214567155
201906   ,09           ,5  ,-42.642819674017026   ,-8.5285639348034046
201806   ,10           ,4  ,16.311692320025671    ,4.0779230800064177
201812   ,09           ,6  ,8.53820260848351      ,1.4230337680805851
201707   ,04           ,126,-123.84454517332219   ,-0.98289321566128729
201610   ,16           ,89 ,-160.90676411031993   ,-1.8079411697788761
201705   ,02           ,42 ,6.7203307236661729    ,0.16000787437300423
201707   ,17           ,5  ,-1.69187505116314     ,-0.33837501023262795
201803   ,05           ,37 ,-44.506164082689168   ,-1.2028692995321397
201504   ,17           ,33 ,-217.60009975548485   ,-6.5939424168328751
201509   ,17           ,4  ,-20.9184629803186     ,-5.2296157450796494
201804   ,02           ,6  ,-11.677788505882859   ,-1.94629808431381
201802   ,12           ,3  ,-5.26315789473684     ,-1.75438596491228
201809   ,17           ,8  ,-4.9484158211779583   ,-0.61855197764724479
201711   ,09           ,6  ,-5.1901165394131805   ,-0.86501942323553038
201606   ,18           ,3  ,-14.852452608950571   ,-4.9508175363168565
202003   ,12           ,1  ,-0.83682008368201     ,-0.83682008368201
201909   ,16           ,5  ,-22.037944261426109   ,-4.4075888522852225
201804   ,09           ,1  ,3.40909090909091      ,3.40909090909091
202004   ,02           ,6  ,-5.1682352000526706   ,-0.86137253334211172
201704   ,18           ,3  ,-16.668375034811529   ,-5.556125011603843
201706   ,09           ,3  ,-4.00190360820282     ,-1.33396786940094
201701   ,06           ,15 ,-70.24950085936068    ,-4.6833000572907126
201804   ,04           ,110,-103.36402472611266   ,-0.93967295205556967
201702   ,14           ,4  ,-11.94198030062182    ,-2.985495075155455
201504   ,07           ,10 ,-5.70385592087676     ,-0.57038559208767592
201511   ,12           ,8  ,-35.286603534468419   ,-4.4108254418085524
201812   ,01           ,83 ,-145.63522410308573   ,-1.7546412542540448
201605   ,08           ,14 ,-44.802818606085751   ,-3.2002013290061249
201506   ,06           ,10 ,-9.09808123735935     ,-0.909808123735935
201807   ,08           ,4  ,-9.31798629204229     ,-2.3294965730105726
201605   ,18           ,5  ,-34.122592865647      ,-6.8245185731293994
201903   ,13           ,3  ,1.69532086403428      ,0.56510695467809291
201910   ,19           ,8  ,-2.0670846316179303   ,-0.25838557895224129
201907   ,08           ,4  ,-3.87049235729838     ,-0.967623089324595
201711   ,17           ,6  ,-19.212648814107311   ,-3.2021081356845515
201710   ,02           ,16 ,-18.053273821071429   ,-1.1283296138169643
202002   ,05           ,87 ,58.551951875207934    ,0.67301094109434412
202002   ,16           ,25 ,-43.078652708648626   ,-1.7231461083459449
201606   ,05           ,48 ,46.069622826955907    ,0.95978380889491477
202001   ,10           ,2  ,-0.88757396449704     ,-0.44378698224852
202003   ,05           ,27 ,-47.302430950566865   ,-1.7519418870580326
201703   ,04           ,104,-187.01059365296936   ,-1.7981787851247053
201706   ,02           ,22 ,-62.375227446281336   ,-2.8352376111946063
201506   ,04           ,67 ,33.375759627653785    ,0.49814566608438487
201712   ,04           ,79 ,-8.9495923525944576   ,-0.11328597914676534
201510   ,08           ,16 ,-41.6226405004363     ,-2.6014150312772686
201602   ,01           ,18 ,-28.320590262113917   ,-1.5733661256729958
201911   ,17           ,38 ,-115.6402488116299    ,-3.043164442411312
201904   ,06           ,4  ,-2.7498613422074181   ,-0.68746533555185441
202003   ,08           ,6  ,-13.0645128872673     ,-2.17741881454455
201611   ,17           ,4  ,-16.74489414206657    ,-4.1862235355166426
201707   ,06           ,5  ,0.25047980291993888   ,0.050095960583988131
201706   ,10           ,6  ,-28.41837804160598    ,-4.736396340267663
201608   ,16           ,1  ,0.371747211895911     ,0.371747211895911
201711   ,04           ,132,-25.641035781296619   ,-0.19425027107042905
201805   ,09           ,3  ,5.1582785515795306    ,1.7194261838598437
201805   ,06           ,10 ,-4.36754259060862     ,-0.43675425906086207
201601   ,14           ,2  ,-2.90556900726392     ,-1.45278450363196
201901   ,10           ,4  ,-6.08880665063944     ,-1.52220166265986
201904   ,02           ,11 ,-16.0592403801283     ,-1.4599309436480272
201606   ,07           ,6  ,-4.09069076550961     ,-0.68178179425160168
201608   ,01           ,41 ,-106.76674036459166   ,-2.6040668381607719
201507   ,03           ,22 ,24.538586483235278    ,1.1153902946925129
201612   ,16           ,2  ,-3.43642611683848     ,-1.71821305841924
201903   ,08           ,2  ,-0.9967282964315598   ,-0.49836414821578012
202001   ,11           ,7  ,-17.415740027695563   ,-2.487962861099366
201908   ,14           ,1  ,4.30463576158941      ,4.30463576158941
201606   ,02           ,28 ,-25.397542016188396   ,-0.90705507200672852
201605   ,09           ,2  ,-2.41587575496118     ,-1.20793787748059
202003   ,02           ,2  ,4.01529636711282      ,2.00764818355641
201910   ,09           ,2  ,5.5363321799308       ,2.7681660899654
201703   ,18           ,3  ,-6.45062982527428     ,-2.1502099417580931
201612   ,01           ,31 ,-88.0402723645447     ,-2.8400087859530552
201902   ,05           ,28 ,-24.323067842238693   ,-0.86868099436566759
201806   ,04           ,50 ,-2.092043714166941    ,-0.041840874283338741
201811   ,03           ,40 ,17.718756309313591    ,0.44296890773283976
201607   ,02           ,17 ,-30.1313056671019     ,-1.7724297451236413
201911   ,11           ,44 ,-117.3437362436579    ,-2.6669030964467706
201707   ,16           ,2  ,0.37659970052973007   ,0.188299850264865
201709   ,07           ,4  ,-14.06713780918728    ,-3.51678445229682
201905   ,17           ,3  ,-17.013276333334392   ,-5.6710921111114647
201704   ,17           ,2  ,-8.44378157486763     ,-4.2218907874338152
201707   ,05           ,21 ,-29.898682763045041   ,-1.42374679824024
201801   ,11           ,11 ,-10.065008847688739   ,-0.91500080433534
201905   ,11           ,13 ,6.70338115164717      ,0.51564470397285955
201808   ,10           ,2  ,-0.37066454858354     ,-0.18533227429177
201908   ,16           ,3  ,-0.21421616358325002  ,-0.071405387861083414
202003   ,13           ,2  ,-9.30833872010342     ,-4.65416936005171
202001   ,06           ,2  ,-0.56818181818182     ,-0.28409090909091
201807   ,14           ,3  ,-7.03399765533414     ,-2.34466588511138
201703   ,12           ,20 ,-83.32725580511665    ,-4.1663627902558318
201706   ,05           ,34 ,-53.467284790116452   ,-1.5725671997093071
201612   ,19           ,22 ,-126.98871397906875   ,-5.7722142717758524
201701   ,11           ,30 ,-93.732257200955019   ,-3.1244085733651672
201608   ,09           ,3  ,-8.6818239435807989   ,-2.8939413145269324
201507   ,08           ,9  ,-1.5368601495338661   ,-0.17076223883709621
201801   ,18           ,4  ,-43.230565461029059   ,-10.807641365257265
201811   ,04           ,139,-188.0924952040312    ,-1.3531834187340379
201607   ,13           ,24 ,-109.38747457568837   ,-4.5578114406536816
201909   ,08           ,7  ,-21.402717706188998   ,-3.0575311008841428
201906   ,05           ,32 ,-25.617830266830023   ,-0.8005571958384381
201606   ,01           ,29 ,-65.833211238485674   ,-2.2701107323615752
201512   ,16           ,1  ,-6.13107822410148     ,-6.13107822410148
201705   ,03           ,73 ,133.25864372283633    ,1.8254608729155666
201507   ,01           ,25 ,-8.7370916039373618   ,-0.34948366415749438
201504   ,01           ,46 ,-59.226967510034818   ,-1.2875427719572781
201805   ,16           ,4  ,-21.194202233822541   ,-5.2985505584556352
201802   ,02           ,3  ,2.1618948721752402    ,0.72063162405841341
201506   ,05           ,19 ,-11.67787854934868    ,-0.6146251868078253
201903   ,01           ,30 ,-35.446935772457572   ,-1.1815645257485856
201510   ,01           ,34 ,-73.583287895582245   ,-2.1642143498700661
201512   ,05           ,36 ,-73.004201351277672   ,-2.0278944819799358
201812   ,05           ,65 ,-49.38668269580316    ,-0.75979511839697156
201810   ,01           ,39 ,-72.8125817291342     ,-1.8669892751060051
201811   ,14           ,3  ,-5.25196055594378     ,-1.7506535186479268
201506   ,17           ,3  ,3.03561937276046      ,1.0118731242534866
201806   ,13           ,1  ,-3.2258064516129      ,-3.2258064516129
201701   ,19           ,1  ,-4.53074433656958     ,-4.53074433656958
201804   ,07           ,2  ,2.9385184557598403    ,1.4692592278799201
201610   ,19           ,8  ,-29.85505462703205    ,-3.7318818283790067
201609   ,19           ,4  ,-10.827155546650641   ,-2.70678888666266
201604   ,12           ,5  ,-13.17933535901358    ,-2.635867071802716
201801   ,04           ,64 ,-71.4766021872745     ,-1.116821909176164
201802   ,04           ,89 ,-105.487719472068     ,-1.185255274967056
201508   ,04           ,64 ,-80.9984939706005     ,-1.2656014682906329
201902   ,06           ,44 ,-182.53140991043202   ,-4.148441134328
201808   ,11           ,5  ,2.9795889716162405    ,0.59591779432324843
201607   ,06           ,9  ,-4.7646932626573      ,-0.52941036251747775
201902   ,02           ,18 ,-47.399095211872044   ,-2.6332830673262246
202001   ,03           ,23 ,-25.930046974757751   ,-1.1273933467285979
201911   ,14           ,2  ,-11.746361746361741   ,-5.87318087318087
201807   ,11           ,1  ,-4.9469964664311      ,-4.9469964664311
201705   ,13           ,2  ,2.57199122340787      ,1.2859956117039351
202004   ,04           ,18 ,-47.82068284992549    ,-2.6567046027736385
201707   ,19           ,6  ,-21.993124153052719   ,-3.6655206921754537
201707   ,08           ,20 ,-35.477968238462509   ,-1.7738984119231256
201703   ,11           ,91 ,-298.13906443767877   ,-3.2762534553591083
201803   ,17           ,16 ,-191.62466921980928   ,-11.976541826238082
201507   ,19           ,8  ,-3.16341566018485     ,-0.39542695752310625
201809   ,09           ,2  ,-6.5247745197931994   ,-3.2623872598966
201801   ,08           ,8  ,-54.5998832045496     ,-6.8249854005687
201901   ,02           ,19 ,-29.71582936144403    ,-1.5639910190233703
201904   ,07           ,10 ,-31.218811612034674   ,-3.1218811612034667
201509   ,06           ,3  ,1.8348623853211201    ,0.61162079510704
201805   ,07           ,2  ,2.2756245263387602    ,1.13781226316938
201909   ,05           ,29 ,-75.914786578315855   ,-2.6177512613212368
201601   ,16           ,2  ,3.82414000504453      ,1.912070002522265
201601   ,13           ,2  ,-3.43891402714934     ,-1.71945701357467
201902   ,14           ,8  ,-28.164390808141111   ,-3.5205488510176384
201905   ,05           ,28 ,4.0241241746910426    ,0.14371872052467993
201803   ,06           ,1  ,-0.76687116564417     ,-0.76687116564417
201611   ,08           ,2  ,-5.49639427567911     ,-2.7481971378395551
201708   ,04           ,114,-135.22571419734018   ,-1.1861904754152643
201612   ,12           ,25 ,-51.081017950947427   ,-2.0432407180378966
201703   ,19           ,19 ,-61.255581641840095   ,-3.2239779811494791
201803   ,18           ,7  ,-20.6521570946412     ,-2.9503081563773144
201803   ,01           ,25 ,-16.549020165361746   ,-0.66196080661446977
201502   ,04           ,44 ,-122.91199285695345   ,-2.7934543831125782
201505   ,03           ,28 ,-2.2003548825965136   ,-0.078584102949875459
201806   ,12           ,4  ,5.76271580918929      ,1.4406789522973225
201809   ,12           ,8  ,-13.119532561810761   ,-1.6399415702263451
201901   ,11           ,44 ,-178.56578546992102   ,-4.0583133061345693
201906   ,01           ,11 ,-4.793719216635       ,-0.43579265605772721
201909   ,07           ,4  ,-4.4276837500225188   ,-1.1069209375056297
201606   ,17           ,10 ,-50.156484228171188   ,-5.0156484228171188
201905   ,07           ,3  ,6.14436886679623      ,2.0481229555987435
201810   ,08           ,5  ,-22.244025191514091   ,-4.4488050383028188
201611   ,11           ,19 ,-56.40880306097948    ,-2.9688843716304989
201706   ,12           ,13 ,-26.880486262533051   ,-2.0677297125025422
201505   ,04           ,91 ,46.758418160392019    ,0.51382877099331881
201801   ,05           ,18 ,-5.6691679097082286   ,-0.31495377276156822
201710   ,03           ,33 ,-7.3829291719907708   ,-0.22372512642396267
201805   ,11           ,17 ,-7.75848897683499     ,-0.45638170451970517
201612   ,17           ,13 ,-61.128934079225388   ,-4.7022256984019535
201902   ,03           ,21 ,13.903318933499222    ,0.66206280635710568
201504   ,08           ,11 ,-59.114482709915237   ,-5.3740438827195671
201907   ,12           ,2  ,-1.19453924914676     ,-0.59726962457338
201912   ,03           ,26 ,20.54483010654597     ,0.79018577332869122
202001   ,01           ,81 ,-298.11018761238518   ,-3.6803726865726567
201805   ,17           ,13 ,-17.3270275952316     ,-1.332848276556277
201912   ,08           ,9  ,-11.4561055587284     ,-1.272900617636489
201704   ,08           ,15 ,-99.230604049137909   ,-6.6153736032758585
201704   ,02           ,16 ,-11.332799469918019   ,-0.7082999668698764
201708   ,11           ,108,-416.3275720548495    ,-3.8548849264337917
201704   ,11           ,12 ,-39.6685086194415     ,-3.3057090516201253
201706   ,08           ,16 ,-14.083749461923391   ,-0.880234341370212
201705   ,18           ,1  ,-0.68027210884354     ,-0.68027210884354
201710   ,01           ,46 ,-117.15810224319064   ,-2.5469152661563186
201801   ,17           ,7  ,-10.935926132882431   ,-1.562275161840347
201711   ,06           ,5  ,4.58448872062362      ,0.91689774412472391
201810   ,10           ,6  ,-3.91066681819682     ,-0.65177780303280419
201510   ,07           ,2  ,4.5922636837161628    ,2.2961318418580814
201901   ,12           ,3  ,-17.564512076947928   ,-5.8548373589826435
201512   ,06           ,5  ,-2.24510952434794     ,-0.449021904869588
201604   ,08           ,2  ,0.513259195893932     ,0.256629597946966
201906   ,18           ,3  ,-15.900877569878929   ,-5.3002925232929767
201512   ,15           ,1  ,3.06010928961749      ,3.06010928961749
202001   ,16           ,13 ,-25.11764461800211    ,-1.9321265090770854
201804   ,16           ,2  ,-7.28476821192052     ,-3.64238410596026
202003   ,18           ,1  ,-2.89156626506024     ,-2.89156626506024
201707   ,02           ,9  ,-13.167131811976759   ,-1.4630146457751956
201608   ,13           ,4  ,-41.4507772020728     ,-10.3626943005182
201705   ,04           ,131,45.417137913629851    ,0.34669570926434973
201612   ,03           ,8  ,-6.1982192908570806   ,-0.77477741135713507
201609   ,07           ,9  ,-18.594517521988      ,-2.0660575024431109
201510   ,04           ,116,-114.45798836805513   ,-0.98670679627633784
201605   ,04           ,92 ,-70.600066424623265   ,-0.76739202635460069
201507   ,11           ,4  ,-7.26852058080717     ,-1.8171301452017925
201610   ,09           ,1  ,-2.97029702970297     ,-2.97029702970297
201510   ,19           ,13 ,-52.397205884231809   ,-4.0305542987870613
201603   ,01           ,17 ,-1.5468901170897493   ,-0.090993536299397049
201708   ,10           ,2  ,-4.34782608695652     ,-2.17391304347826
201607   ,19           ,31 ,-140.48979944481559   ,-4.5319290143488891
201911   ,18           ,15 ,-74.300793777279054   ,-4.9533862518186043
201606   ,04           ,123,-167.42500684716353   ,-1.361178917456614
201611   ,13           ,9  ,-1.4262234322195819   ,-0.15846927024662022
201605   ,12           ,3  ,-6.2893081761006311   ,-2.09643605870021
201702   ,01           ,9  ,-27.983996934291127   ,-3.1093329926990148
201510   ,05           ,27 ,2.2148662505561565    ,0.08203208335393164
201602   ,11           ,3  ,-7.7779052426293394   ,-2.5926350808764465
201504   ,12           ,3  ,-1.9179679467037882   ,-0.63932264890126267
201806   ,05           ,24 ,34.725688025640281    ,1.4469036677350118
201808   ,06           ,9  ,-10.7828463058393     ,-1.1980940339821444
202003   ,11           ,6  ,-16.750015859129981   ,-2.7916693098549965
201506   ,08           ,3  ,-20.15037593984956    ,-6.7167919799498526
201904   ,17           ,10 ,-87.423974679228849   ,-8.7423974679228849
201502   ,14           ,2  ,4.11899313501144      ,2.05949656750572
201805   ,12           ,7  ,-34.584569379728329   ,-4.9406527685326189
201712   ,14           ,3  ,-0.59595959595960046  ,-0.19865319865319986
202002   ,10           ,4  ,-1.154884561173652    ,-0.288721140293413
201910   ,07           ,1  ,1.73965569314407      ,1.73965569314407
201704   ,04           ,81 ,-128.23424472020832   ,-1.583138823706276
201807   ,02           ,18 ,-43.742280995165089   ,-2.4301267219536165
201512   ,14           ,9  ,27.309568342685282    ,3.0343964825205862
201511   ,17           ,16 ,-106.98572387889931   ,-6.6866077424312049
201809   ,08           ,4  ,3.4864297077291595    ,0.87160742693228976
201905   ,14           ,1  ,-5.53447185325743     ,-5.53447185325743
201808   ,13           ,1  ,-5.53359683794467     ,-5.53359683794467
201808   ,09           ,3  ,8.66425992779784      ,2.88808664259928
201912   ,11           ,1  ,1.48698884758364      ,1.48698884758364
201704   ,03           ,10 ,-9.0213828369463016   ,-0.90213828369463023
201604   ,05           ,25 ,-12.095500310582514   ,-0.48382001242330064
201511   ,11           ,89 ,-576.37411448927423   ,-6.4761136459469029
201801   ,03           ,14 ,-11.257271712746366   ,-0.80409083662474046
201904   ,01           ,56 ,-79.799864546755927   ,-1.42499758119207
201503   ,15           ,1  ,-2.19653179190752     ,-2.19653179190752
201602   ,17           ,4  ,-14.998693445765621   ,-3.7496733614414053
201812   ,03           ,116,-48.75380854351004    ,-0.42029145296129339
201811   ,12           ,4  ,-3.43952545633604     ,-0.85988136408401006
201902   ,04           ,81 ,-95.027984616530446   ,-1.173184995265808
201810   ,11           ,9  ,-36.646806856659751   ,-4.07186742851775
201812   ,11           ,17 ,-26.13137335674741    ,-1.5371396092204359
201607   ,04           ,265,-770.64713046736483   ,-2.9081023791221319
201607   ,03           ,20 ,-44.430095140515505   ,-2.2215047570257753
201602   ,16           ,4  ,-2.4488496411889304   ,-0.61221241029723228
201906   ,02           ,9  ,4.6942567610810588    ,0.52158408456456218
201906   ,12           ,5  ,1.6671900843749192    ,0.3334380168749842
202002   ,09           ,3  ,0.46801872074883      ,0.15600624024961
201609   ,16           ,2  ,-4.4943820224719      ,-2.24719101123595
202004   ,08           ,7  ,-26.271981318089161   ,-3.7531401882984512
201803   ,10           ,1  ,-1.12781954887218     ,-1.12781954887218
201811   ,08           ,13 ,-19.693904610185236   ,-1.5149157392450181
201504   ,06           ,2  ,-6.60919540229885     ,-3.304597701149425
201710   ,20           ,2  ,-2.44088482074752     ,-1.22044241037376
201910   ,08           ,1  ,0.0                   ,0.0
201910   ,18           ,1  ,-5.35714285714286     ,-5.35714285714286
202002   ,03           ,52 ,-5.7561784619056349   ,-0.11069573965203161
202002   ,13           ,2  ,0.34651283900171981   ,0.17325641950086013
201508   ,12           ,3  ,-10.392228739002931   ,-3.46407624633431
201710   ,10           ,2  ,-2.5445292620865      ,-1.27226463104325
201704   ,01           ,23 ,-55.150697889390884   ,-2.3978564299735168
201609   ,08           ,4  ,0.7964943939244904    ,0.1991235984811226
201610   ,03           ,59 ,-43.381067852763294   ,-0.73527233648751311
201801   ,07           ,61 ,-89.032126888647213   ,-1.4595430637483153
201509   ,11           ,1  ,-1.27388535031847     ,-1.27388535031847
201504   ,02           ,35 ,-88.472833112952458   ,-2.5277952317986414
201510   ,03           ,29 ,-26.250758672498492   ,-0.90519857491374134
201906   ,19           ,13 ,-45.868959534308495   ,-3.5283815026391157
201603   ,09           ,4  ,2.3292697360634609    ,0.58231743401586511
201712   ,19           ,5  ,-3.9059376170599514   ,-0.78118752341199016
201912   ,14           ,1  ,-3.56798457087753     ,-3.56798457087753
201710   ,07           ,1  ,1.19521912350598      ,1.19521912350598
201509   ,04           ,62 ,-65.385242314687218   ,-1.0546006824949554
201712   ,01           ,25 ,7.2286479757797943    ,0.2891459190311918
201811   ,06           ,4  ,5.71396048537991      ,1.4284901213449774
201512   ,08           ,8  ,3.4373963418495403    ,0.42967454273119254
201602   ,08           ,5  ,-7.08972719522591     ,-1.417945439045182
201808   ,05           ,27 ,14.804517653164559    ,0.54831546863572445
201910   ,13           ,3  ,-12.469629691689009   ,-4.1565432305630035
201908   ,12           ,12 ,-25.1755040952918     ,-2.09795867460765
201703   ,10           ,1  ,-0.34965034965035     ,-0.34965034965035
201612   ,02           ,10 ,-15.653292514279238   ,-1.5653292514279238
201511   ,01           ,74 ,-305.0451271206781    ,-4.12223144757673
201804   ,19           ,10 ,-28.712858365040738   ,-2.8712858365040739
201901   ,04           ,82 ,-107.83683026085782   ,-1.3150832958641199
201502   ,01           ,3  ,-16.302765647743833   ,-5.43425521591461
201708   ,03           ,7  ,-11.692319173046021   ,-1.6703313104351456
201903   ,06           ,8  ,-1.87956398560193     ,-0.23494549820024124
201601   ,03           ,6  ,3.8843153440366418    ,0.64738589067277375
201910   ,03           ,19 ,-23.400625854129352   ,-1.2316118870594397
201905   ,04           ,39 ,-15.835940986717885   ,-0.40604976889020206
201808   ,07           ,2  ,3.2051282051282       ,1.6025641025641
201506   ,11           ,6  ,-10.638735799211361   ,-1.7731226332018932
201911   ,07           ,2  ,-2.5                  ,-1.25
201805   ,20           ,1  ,-10.0558659217877     ,-10.0558659217877
202002   ,18           ,4  ,5.24530487300407      ,1.3113262182510175
201609   ,01           ,22 ,-35.178738902525076   ,-1.5990335864784124
201711   ,05           ,24 ,12.845239138175337    ,0.53521829742397264
201711   ,01           ,41 ,-38.366343007548316   ,-0.93576446359873955
201504   ,19           ,41 ,-272.79840533626623   ,-6.6536196423479579
201505   ,11           ,4  ,-3.0620508148597789   ,-0.76551270371494473
201703   ,14           ,3  ,-14.995898933722769   ,-4.9986329779075893
201509   ,07           ,4  ,-10.39490445859872    ,-2.59872611464968
201505   ,12           ,2  ,-16.86746987951808    ,-8.43373493975904
201806   ,16           ,3  ,-19.275123558484349   ,-6.42504118616145
201811   ,13           ,4  ,-15.04989001880838    ,-3.762472504702095
201603   ,14           ,2  ,5.98184818481849      ,2.9909240924092448
201503   ,07           ,2  ,-12.12779710902363    ,-6.0638985545118151
201712   ,12           ,4  ,-12.153916456104508   ,-3.0384791140261269
201606   ,19           ,18 ,-41.291475577896634   ,-2.2939708654387014
201809   ,02           ,13 ,-22.784905879213262   ,-1.7526850676317893
201801   ,09           ,3  ,-6.45599728168536     ,-2.15199909389512
201510   ,11           ,17 ,-45.389775427157524   ,-2.6699867898327958
201510   ,18           ,3  ,-13.405901265183839   ,-4.46863375506128
201512   ,13           ,1  ,-8.6687306501548      ,-8.6687306501548
201808   ,04           ,45 ,3.3879111892420246    ,0.075286915316489386
201807   ,05           ,34 ,-60.23685126251938    ,-1.7716720959564523
201810   ,14           ,1  ,-0.60240963855422     ,-0.60240963855422
201502   ,03           ,4  ,-18.750637950392981   ,-4.6876594875982445
201904   ,05           ,27 ,-1.4311721517982079   ,-0.053006375992526111
201808   ,17           ,3  ,-9.7859327217125411   ,-3.26197757390418
201908   ,19           ,3  ,-0.21331609566903964  ,-0.071105365223013361
201901   ,14           ,3  ,-9.80707053518251     ,-3.2690235117275033
201607   ,17           ,16 ,-60.136205719045904   ,-3.7585128574403694
201912   ,06           ,2  ,-1.2539280360960903   ,-0.62696401804804514
201705   ,12           ,11 ,12.55986709696297     ,1.1418060997239061
201708   ,18           ,10 ,-60.907996108378491   ,-6.09079961083785
201502   ,08           ,14 ,-61.038613867535339   ,-4.3599009905382387
201602   ,02           ,10 ,-14.415545636674755   ,-1.4415545636674756
201511   ,08           ,28 ,-32.969715529309589   ,-1.1774898403324852
201802   ,17           ,6  ,-27.766902800120008   ,-4.6278171333533349
202003   ,01           ,8  ,-3.12817465953862     ,-0.39102183244232724
201908   ,05           ,31 ,-74.238196314555253   ,-2.3947805262759752
201901   ,06           ,13 ,-11.933260747453598   ,-0.91794313441950792
202002   ,01           ,45 ,-121.3739840349421    ,-2.6971996452209352
201605   ,17           ,10 ,-40.61053617584254    ,-4.0610536175842542
201705   ,06           ,5  ,0.34611210512420021   ,0.069222421024840219
201801   ,06           ,6  ,1.75033584106244      ,0.29172264017707322
201803   ,11           ,5  ,-7.6646706586826205   ,-1.5329341317365239
201903   ,02           ,15 ,-17.46292502171729    ,-1.1641950014478193
201508   ,05           ,16 ,-6.9567364094877568   ,-0.434796025592985
201510   ,02           ,20 ,-46.005556478299745   ,-2.3002778239149873
201903   ,19           ,8  ,-11.533406538818218   ,-1.4416758173522775
201911   ,02           ,20 ,-40.967412576981893   ,-2.0483706288490944
201906   ,06           ,1  ,-0.94043887147335     ,-0.94043887147335
201806   ,06           ,1  ,1.37672090112641      ,1.37672090112641
201910   ,02           ,12 ,-28.286411288157318   ,-2.3572009406797765
201710   ,18           ,2  ,-13.74045801526718    ,-6.87022900763359
201911   ,06           ,3  ,-11.858974358974349   ,-3.9529914529914496
201611   ,01           ,31 ,6.45370995273265      ,0.20818419202363397
201706   ,13           ,4  ,-10.470811963349259   ,-2.6177029908373148
201601   ,12           ,9  ,-38.755748212608516   ,-4.3061942458453908
201604   ,04           ,61 ,-5.7912197839039825   ,-0.094938029244327815
201601   ,05           ,11 ,-14.58026108059148    ,-1.325478280053771
201902   ,19           ,14 ,-12.150043326234481   ,-0.86786023758817721
201504   ,18           ,7  ,-57.009612048647867   ,-8.14423029266398
201802   ,18           ,1  ,-2.29276895943562     ,-2.29276895943562
201511   ,10           ,6  ,-39.205609704744944   ,-6.5342682841241579
201812   ,16           ,7  ,-17.07371806811155    ,-2.4391025811587927
201907   ,19           ,10 ,-17.063507605855929   ,-1.706350760585593
201606   ,09           ,9  ,-0.10482739384885176  ,-0.011647488205427881
201701   ,07           ,8  ,-18.345548442384871   ,-2.2931935552981089
201609   ,04           ,91 ,-26.87750520680364    ,-0.29535720007476551
201609   ,03           ,29 ,-20.241439617240815   ,-0.69798067645658
201804   ,05           ,13 ,-4.2266876495665562   ,-0.32512981919742778
201810   ,17           ,14 ,-16.317549411941506   ,-1.165539243710108
201607   ,01           ,77 ,-181.09208618455503   ,-2.3518452751240915
201911   ,09           ,4  ,-16.041759695431718   ,-4.01043992385793
201503   ,16           ,1  ,-5.23560209424084     ,-5.23560209424084
201909   ,01           ,23 ,-72.524936362081945   ,-3.1532581026992155
201508   ,17           ,1  ,-2.33853006681514     ,-2.33853006681514
202003   ,16           ,4  ,-0.6950477845352      ,-0.1737619461338
201611   ,02           ,14 ,-17.731658972256607   ,-1.2665470694469005
201707   ,09           ,3  ,0.57803468208092      ,0.19267822736030665
201705   ,11           ,64 ,-109.38601891430957   ,-1.7091565455360866
201601   ,01           ,16 ,-18.409501397096388   ,-1.1505938373185243
201512   ,11           ,9  ,-34.794298885164629   ,-3.8660332094627368
201804   ,13           ,4  ,-4.6497792988975792   ,-1.1624448247243948
201811   ,17           ,10 ,20.157196308923844    ,2.0157196308923844
201710   ,17           ,15 ,-31.984926033907012   ,-2.1323284022604669
201908   ,01           ,39 ,-94.797785218073642   ,-2.4307124414890673
201502   ,16           ,2  ,4.14155162356601      ,2.0707758117830051
201912   ,12           ,1  ,-2.75229357798166     ,-2.75229357798166
201806   ,11           ,7  ,-0.3366608165851801   ,-0.04809440236931195
201602   ,07           ,1  ,-2.35294117647059     ,-2.35294117647059
202002   ,07           ,6  ,0.36673519207536032   ,0.061122532012560016
202002   ,08           ,6  ,-8.05956301211127     ,-1.3432605020185451
201606   ,14           ,3  ,-11.496427070197569   ,-3.8321423567325232
201504   ,14           ,1  ,-5.7421451787649      ,-5.7421451787649
201809   ,16           ,2  ,-2.516549765231       ,-1.2582748826155
202004   ,03           ,4  ,-9.12294323426508     ,-2.28073580856627
202004   ,06           ,1  ,1.7687074829932       ,1.7687074829932
201610   ,18           ,1  ,-2.09205020920503     ,-2.09205020920503
201701   ,16           ,5  ,-9.6643150258360588   ,-1.9328630051672118
201703   ,06           ,3  ,1.35170745937695      ,0.45056915312564971
201709   ,05           ,25 ,-1.3734151973062172   ,-0.054936607892248912
201711   ,03           ,47 ,12.959425918545996    ,0.27573246635204252
201506   ,03           ,26 ,-10.057153638514352   ,-0.38681360148132127
201505   ,08           ,6  ,-12.043818757929191   ,-2.0073031263215322
201507   ,05           ,22 ,50.048460438380658    ,2.2749300199263933
201612   ,11           ,8  ,-10.014747629009136   ,-1.251843453626142
201607   ,08           ,10 ,-19.008411666374521   ,-1.9008411666374521
201603   ,19           ,3  ,-15.556383027921662   ,-5.18546100930722
201908   ,13           ,8  ,-31.40477317236088    ,-3.9255966465451104
201912   ,19           ,5  ,-14.7857699414502     ,-2.9571539882900404
201912   ,18           ,3  ,-9.90783410138249     ,-3.3026113671274961
201703   ,13           ,5  ,-22.378167641325511   ,-4.4756335282651021
201810   ,13           ,2  ,0.73260073260074      ,0.36630036630037
201703   ,03           ,18 ,-0.0050505218828611476,-0.00028058454904781715
201609   ,15           ,3  ,-15.916167664670642   ,-5.30538922155688
201704   ,16           ,3  ,-17.325475371687059   ,-5.7751584572290193
201512   ,19           ,4  ,-5.50407923572963     ,-1.3760198089324076
201503   ,09           ,5  ,3.7495884844310692    ,0.7499176968862139
201604   ,19           ,7  ,-19.417611104391092   ,-2.7739444434844414
202005   ,04           ,5  ,-6.9380530332626806   ,-1.387610606652536
201604   ,06           ,9  ,-2.71861271753814     ,-0.30206807972646005
201806   ,19           ,11 ,-0.03055902225742102  ,-0.0027780929324926484
201910   ,11           ,23 ,-81.0260240059318     ,-3.5228706089535562
201502   ,05           ,14 ,37.798546209761255    ,2.69989615784009
201808   ,02           ,11 ,-23.173612263975031   ,-2.10669202399773
201712   ,16           ,1  ,-4.33371958285052     ,-4.33371958285052
201808   ,01           ,6  ,-24.605559918621857   ,-4.1009266531036435
201502   ,17           ,1  ,-5.6140350877193      ,-5.6140350877193
201503   ,02           ,7  ,26.926045774766546    ,3.846577967823793
201710   ,05           ,29 ,20.304610004953492    ,0.70015896568805158
201803   ,16           ,1  ,-0.81521739130434     ,-0.81521739130434
201907   ,17           ,4  ,-14.43787386048221    ,-3.6094684651205524
201911   ,19           ,10 ,-14.85447570555289    ,-1.485447570555289
201910   ,05           ,11 ,-2.9557828227535543   ,-0.2687075293412321
201805   ,13           ,2  ,0.0                   ,0.0
201802   ,14           ,10 ,-35.063023992926773   ,-3.506302399292677
201906   ,08           ,1  ,-6.93069306930693     ,-6.93069306930693
201703   ,09           ,1  ,2.5706940874036       ,2.5706940874036
201605   ,19           ,6  ,-15.20603466657175    ,-2.5343391110952918
201711   ,12           ,4  ,-0.53817736682187611  ,-0.13454434170546903
201903   ,11           ,13 ,-59.429157987328459   ,-4.5714736913329581
201712   ,05           ,16 ,36.4049204892614      ,2.2753075305788384
201811   ,02           ,17 ,1.9741003670591688    ,0.11612355100348054
201503   ,11           ,9  ,-23.552185865578444   ,-2.6169095406198268
201901   ,19           ,5  ,-12.396679838355649   ,-2.47933596767113
201906   ,04           ,66 ,-26.3770305340408     ,-0.39965197778849704
201906   ,03           ,5  ,-1.7863470557582106   ,-0.35726941115164212
201806   ,07           ,1  ,-3.27868852459016     ,-3.27868852459016
201908   ,06           ,1  ,1.14213197969543      ,1.14213197969543
201608   ,06           ,12 ,5.0504568377590493    ,0.42087140314658744
201610   ,02           ,26 ,-25.814485493513118   ,-0.99286482667358156
201706   ,06           ,5  ,14.725130927475929    ,2.9450261854951858
201503   ,14           ,4  ,-5.52413273001508     ,-1.3810331825037698
201512   ,17           ,6  ,-22.796700833007581   ,-3.7994501388345965
201811   ,01           ,34 ,-18.200329156716844   ,-0.535303798726966
201605   ,01           ,16 ,-63.81877710152137    ,-3.9886735688450852
201903   ,17           ,5  ,-52.887509838193829   ,-10.577501967638765
201812   ,06           ,6  ,-13.210987030540979   ,-2.20183117175683
201607   ,16           ,5  ,-10.807676358522489   ,-2.1615352717044978
201910   ,17           ,5  ,-59.800493887749319   ,-11.960098777549863
202001   ,12           ,17 ,-80.48020312082943    ,-4.7341295953429068
201906   ,17           ,3  ,-1.0472828119725981   ,-0.34909427065753262
202002   ,02           ,27 ,26.499746396748385    ,0.98147208876845837
201905   ,08           ,7  ,2.15687110995092      ,0.30812444427870256
202004   ,13           ,1  ,-1.78571428571428     ,-1.78571428571428
202003   ,06           ,1  ,0.61349693251534      ,0.61349693251534
201609   ,17           ,5  ,-19.031558684036252   ,-3.8063117368072503
201704   ,14           ,4  ,-10.3253798487221     ,-2.5813449621805251
201608   ,17           ,13 ,-65.072582016038112   ,-5.0055832320029312
201608   ,10           ,2  ,-10.77654516640254    ,-5.38827258320127
201604   ,03           ,14 ,-0.43699189044929976  ,-0.031213706460664306
201901   ,05           ,45 ,9.36797769148721      ,0.20817728203304914
201510   ,10           ,4  ,-5.46398749287992     ,-1.36599687321998
202005   ,07           ,2  ,-2.80898876404496     ,-1.40449438202248
201812   ,08           ,22 ,-54.010754799291263   ,-2.4550343090586932
201911   ,01           ,24 ,-8.3120612561382      ,-0.346335885672425
202002   ,11           ,32 ,-79.686021889550247   ,-2.4901881840484457
202003   ,19           ,10 ,-8.28118494840581     ,-0.828118494840581
201905   ,18           ,4  ,-24.043715846994559   ,-6.01092896174864
201611   ,03           ,26 ,-34.79709346592233    ,-1.3383497486893206
201509   ,05           ,34 ,-78.513231391755355   ,-2.3092126879928037
201805   ,04           ,59 ,7.0526239113562639    ,0.11953599849756391
201710   ,11           ,16 ,-33.220528624233985   ,-2.0762830390146232
201809   ,05           ,15 ,-12.365155342548707   ,-0.82434368950324721
201511   ,02           ,29 ,-113.76686025500082   ,-3.9229951812069239
201504   ,05           ,28 ,11.59392315623187     ,0.41406868415113829
201505   ,19           ,11 ,-26.428443159487546   ,-2.4025857417715946
201811   ,19           ,4  ,11.743940763700541    ,2.9359851909251349
202005   ,09           ,2  ,-4.96150556030796     ,-2.48075278015398
201909   ,15           ,2  ,-7.90322580645162     ,-3.95161290322581
201911   ,12           ,8  ,-12.127109216874182   ,-1.5158886521092727
201803   ,03           ,46 ,-65.0262831350559     ,-1.4136148507620854
201711   ,14           ,10 ,-3.0957282717308505   ,-0.3095728271730851
201604   ,01           ,24 ,37.855507386385725    ,1.5773128077660727
201511   ,18           ,4  ,-7.33770101250746     ,-1.834425253126865
202005   ,17           ,2  ,-15.151515151515159   ,-7.57575757575758
201601   ,11           ,2  ,1.36363636363636      ,0.68181818181818
201908   ,08           ,12 ,-53.564255772519715   ,-4.463687981043309
201905   ,02           ,11 ,-1.48056236396586     ,-0.13459657854235096
201905   ,01           ,20 ,-16.743784248644651   ,-0.83718921243223254
201808   ,12           ,2  ,-0.82644628099172     ,-0.41322314049586
201703   ,08           ,20 ,-99.276906292035477   ,-4.9638453146017749
201803   ,08           ,5  ,-15.2056928388744     ,-3.0411385677748797
201506   ,02           ,4  ,-1.5768281185920809   ,-0.39420702964802024
201804   ,03           ,29 ,-96.374380421733989   ,-3.3232544973011731
201904   ,03           ,39 ,-3.4184093060295204   ,-0.087651520667423752
201902   ,13           ,7  ,-13.522797001084641   ,-1.9318281430120914
201603   ,08           ,2  ,6.3458010757702947    ,3.1729005378851474
201910   ,04           ,115,-205.89790189985797   ,-1.7904165382596346
201607   ,07           ,4  ,-9.5079011560080691   ,-2.3769752890020173
201908   ,04           ,107,-77.525552879252558   ,-0.72453787737619224
201810   ,07           ,3  ,4.54545454545453      ,1.51515151515151
201911   ,16           ,1  ,-7.72357723577236     ,-7.72357723577236
202001   ,18           ,4  ,-18.608906596728389   ,-4.6522266491820972
201610   ,01           ,58 ,-86.37388539236558    ,-1.4892049205580264
201612   ,05           ,22 ,-24.45028591237616    ,-1.1113766323807348
201805   ,19           ,6  ,-13.101232319409331   ,-2.1835387199015552
201702   ,08           ,11 ,-27.15207933826246    ,-2.4683708489329508
201602   ,19           ,13 ,-48.98171174274907    ,-3.7678239802114675
201604   ,17           ,5  ,-28.986455044810153   ,-5.79729100896203
201901   ,03           ,32 ,0.49991453783688122   ,0.015622329307402538
201810   ,18           ,4  ,-9.6691851833293612   ,-2.41729629583234
201607   ,18           ,6  ,-25.617521948449969   ,-4.2695869914083282
201911   ,03           ,4  ,3.22820676333357      ,0.80705169083339234
201901   ,18           ,3  ,1.20240480961923      ,0.40080160320641
201804   ,08           ,2  ,2.73224043715848      ,1.36612021857924
202003   ,03           ,2  ,1.95878841233597      ,0.979394206167985
201611   ,05           ,36 ,25.845561975338534    ,0.71793227709273677
201608   ,05           ,41 ,-58.010841190275556   ,-1.414898565616477
201706   ,11           ,20 ,-66.93435559196304    ,-3.3467177795981513
201611   ,09           ,3  ,-2.00860698937406     ,-0.66953566312468671
201610   ,13           ,7  ,-5.19315795922731     ,-0.74187970846104434
201803   ,04           ,86 ,-76.57120062571515    ,-0.89036279797343176
201502   ,11           ,21 ,-139.09326828588951   ,-6.6234889659947385
201801   ,19           ,3  ,-4.30238964051118     ,-1.4341298801703934
201812   ,17           ,12 ,33.896456436254638    ,2.8247047030212205
201911   ,08           ,11 ,-3.3368779437756784   ,-0.30335254034324355
201507   ,07           ,4  ,-18.589981447124302   ,-4.6474953617810755
201611   ,14           ,1  ,-5.6980056980057      ,-5.6980056980057
201802   ,15           ,2  ,-3.87323943661972     ,-1.93661971830986
202004   ,11           ,3  ,5.0569342206388       ,1.6856447402129333
201702   ,05           ,55 ,5.1930286912418664    ,0.094418703477124818
201703   ,07           ,3  ,-7.5313084678975493   ,-2.51043615596585
201511   ,03           ,43 ,-113.31150101476912   ,-2.63515118638998
201511   ,04           ,121,-205.25043156362528   ,-1.6962845583770689
201812   ,14           ,14 ,2.7923033651761089    ,0.1994502403697222
201807   ,06           ,11 ,-13.276591351523567   ,-1.2069628501385061
201904   ,08           ,22 ,-5.4049269394339614   ,-0.24567849724699825
201812   ,13           ,16 ,-28.657608890980381   ,-1.7911005556862738
201908   ,10           ,1  ,-1.76522506619593     ,-1.76522506619593
201606   ,12           ,7  ,-5.8998115921754106   ,-0.84283022745363012
201804   ,11           ,4  ,-40.265104216693992   ,-10.066276054173498
201704   ,05           ,34 ,-22.913094593843805   ,-0.67391454687775887
201612   ,04           ,42 ,-40.021969779595878   ,-0.95290404237133008
201511   ,19           ,28 ,-151.0214311756198    ,-5.3936225419864234
201509   ,01           ,26 ,-72.000058978629127   ,-2.769233037639582
201506   ,19           ,6  ,-34.755623721881385   ,-5.7926039536468963
201902   ,01           ,42 ,-129.03089675911315   ,-3.0721642085503125
201802   ,19           ,2  ,-4.80506822612086     ,-2.40253411306043
201604   ,11           ,11 ,-20.041879503608051   ,-1.82198904578255
201603   ,07           ,1  ,-1.82926829268293     ,-1.82926829268293
201608   ,15           ,3  ,-10.244845360824749   ,-3.41494845360825
201710   ,16           ,1  ,-5.46075085324232     ,-5.46075085324232
201710   ,08           ,10 ,-16.047824770976781   ,-1.6047824770976784
201608   ,02           ,19 ,-59.998852861842622   ,-3.1578343611496118
201609   ,05           ,44 ,-14.359699358765068   ,-0.32635680360829705
201512   ,02           ,19 ,4.94700942347762      ,0.26036891702513787
201603   ,12           ,2  ,-3.33919156414762     ,-1.66959578207381
201709   ,02           ,16 ,-1.0639893914939806   ,-0.066499336968373735
201503   ,17           ,35 ,-120.65754711120348   ,-3.4473584888915285
201712   ,06           ,13 ,-6.3195349778834009   ,-0.4861180752218
201705   ,17           ,10 ,-9.879941599902228    ,-0.98799415999022289
201604   ,02           ,12 ,-33.711311414024145   ,-2.8092759511686793
201902   ,08           ,9  ,-17.371959867466561   ,-1.9302177630518402
201502   ,09           ,17 ,-109.31590481074079   ,-6.4303473418082806
201910   ,12           ,2  ,-4.84728479895737     ,-2.4236423994786849
201912   ,17           ,5  ,-12.7031496228437     ,-2.54062992456874
201807   ,12           ,10 ,-22.973131876240419   ,-2.2973131876240425
201907   ,07           ,5  ,21.3261622679033      ,4.26523245358066
201809   ,07           ,7  ,13.877085929097078    ,1.9824408470138688
201805   ,01           ,12 ,-5.9360289299411892   ,-0.49466907749509914
201712   ,07           ,9  ,2.0703515074102596    ,0.23003905637891775
201811   ,05           ,44 ,12.476724225100519    ,0.28356191420682986
202001   ,19           ,6  ,-1.858221048333591    ,-0.30970350805559849
201908   ,11           ,4  ,-5.3500311859532506   ,-1.3375077964883124
201911   ,04           ,39 ,-42.487630158595422   ,-1.0894264143229595
201809   ,14           ,4  ,-26.461769115442266   ,-6.6154422788605673
201707   ,11           ,32 ,-96.6426882794766     ,-3.0200840087336438
201702   ,09           ,3  ,-6.6679510821200134   ,-2.2226503607066714
201508   ,01           ,10 ,-9.06631692765711     ,-0.906631692765711
201504   ,11           ,13 ,-56.080779570417704   ,-4.313906120801362
201807   ,07           ,20 ,-53.116930593752      ,-2.6558465296876
201705   ,07           ,5  ,10.606333495985719    ,2.1212666991971441
201503   ,18           ,5  ,-35.144473464384262   ,-7.0288946928768521
201910   ,01           ,24 ,-12.074346703628962   ,-0.50309777931787347
201910   ,06           ,1  ,5.23690773067332      ,5.23690773067332
201902   ,17           ,5  ,-24.416291748260328   ,-4.8832583496520652
201807   ,17           ,14 ,-68.586484354062875   ,-4.8990345967187769
201504   ,15           ,2  ,-11.67192429022082    ,-5.83596214511041
201905   ,19           ,7  ,-4.1831666525113107   ,-0.59759523607304421
201707   ,14           ,9  ,-4.60512083762829     ,-0.51168009306980977
201906   ,11           ,3  ,-2.19674926981578     ,-0.73224975660525993
201909   ,17           ,13 ,2.4517988653676914    ,0.18859991272059162
202001   ,07           ,5  ,-9.3458384325325312   ,-1.8691676865065063
202001   ,09           ,2  ,-5.2478134110787      ,-2.62390670553935
202002   ,14           ,1  ,-2.16010165184244     ,-2.16010165184244
201702   ,07           ,9  ,1.4277726067392673    ,0.15864140074880739
201706   ,19           ,10 ,-47.29300869518147    ,-4.7293008695181467
201701   ,05           ,53 ,-18.705974033737022   ,-0.352942906296925
201801   ,02           ,10 ,-7.56240995349753     ,-0.75624099534975264
201709   ,03           ,23 ,-26.012395054031959   ,-1.1309736980013894
201803   ,19           ,9  ,-59.349760131761734   ,-6.59441779241797
201605   ,11           ,11 ,7.3518776353732092    ,0.66835251230665527
201601   ,19           ,3  ,-13.77148442155953    ,-4.59049480718651
201802   ,16           ,4  ,-17.412182439049388   ,-4.3530456097623471
201603   ,02           ,7  ,-25.044490454617371   ,-3.5777843506596243
201504   ,10           ,7  ,-16.883871753649611   ,-2.4119816790928015
201903   ,09           ,1  ,1.05633802816901      ,1.05633802816901
201702   ,11           ,13 ,-37.095545718715165   ,-2.8535035168242429
201610   ,07           ,9  ,-13.10149357214164    ,-1.4557215080157375
201509   ,19           ,25 ,-129.0134514518941    ,-5.1605380580757627
201603   ,06           ,3  ,1.84994861253852      ,0.61664953751284
201605   ,06           ,8  ,-0.53045447438704008  ,-0.066306809298380065
201703   ,16           ,3  ,-8.9927029263522      ,-2.9975676421174002
201711   ,11           ,28 ,-80.624903643830976   ,-2.8794608444225345
201506   ,07           ,16 ,7.7312241662909491    ,0.48320151039318426
201712   ,02           ,10 ,11.341803115126478    ,1.1341803115126481
201804   ,17           ,4  ,-14.724290711431818   ,-3.681072677857955
201804   ,12           ,5  ,-4.5598337835392506   ,-0.91196675670785
201507   ,17           ,6  ,9.1583580180953       ,1.5263930030158832
201510   ,12           ,7  ,-14.64642348018945    ,-2.0923462114556357
201810   ,03           ,40 ,-119.30314813917683   ,-2.9825787034794207
201903   ,12           ,3  ,-0.30562347188265     ,-0.10187449062755
201711   ,16           ,1  ,-1.45348837209303     ,-1.45348837209303
201512   ,07           ,2  ,2.68817204301076      ,1.34408602150538
201712   ,10           ,3  ,-3.57224615512684     ,-1.1907487183756134
201605   ,14           ,2  ,-11.985347985347991   ,-5.9926739926739954
201905   ,06           ,2  ,7.60233918128654      ,3.80116959064327
201709   ,19           ,34 ,-50.273787306905973   ,-1.478640803144293
201612   ,06           ,13 ,-39.476619495662575   ,-3.03666303812789
201504   ,03           ,17 ,-32.44434645415987    ,-1.9084909678917574
201812   ,07           ,11 ,5.53806345062514      ,0.50346031369319444
201908   ,02           ,8  ,-16.766385980092739   ,-2.0957982475115924
201505   ,07           ,2  ,5.95613329565464      ,2.97806664782732
202001   ,08           ,3  ,-7.8097570932843405   ,-2.6032523644281134
201606   ,15           ,3  ,-12.280701754385969   ,-4.09356725146199
201808   ,08           ,1  ,-0.43149946062568     ,-0.43149946062568
201803   ,13           ,6  ,-49.201748231173781   ,-8.2002913718622974
201701   ,03           ,32 ,8.488413347059776     ,0.26526291709561789
201702   ,03           ,17 ,-17.960647880984322   ,-1.056508698881431
201708   ,02           ,70 ,-221.71084688074237   ,-3.1672978125820346
201706   ,16           ,1  ,-2.09424083769634     ,-2.09424083769634
201709   ,04           ,92 ,-81.216677118734381   ,-0.88278996868189552
201712   ,09           ,2  ,-0.81799933087989007  ,-0.40899966543994504
201609   ,09           ,2  ,-2.17391304347826     ,-1.08695652173913
201702   ,18           ,3  ,-6.5029757267940091   ,-2.1676585755980033
201801   ,01           ,11 ,-7.8011941896804977   ,-0.70919947178913634
201502   ,19           ,8  ,8.88110187577759      ,1.110137734472199
201809   ,01           ,15 ,-7.0141721552824112   ,-0.46761147701882722
201912   ,04           ,68 ,-59.14518365456663    ,-0.86978211256715632
202002   ,17           ,12 ,-15.36358034575802    ,-1.2802983621465014
201709   ,12           ,5  ,-16.854376605413929   ,-3.370875321082786
202004   ,01           ,7  ,-18.393391657235821   ,-2.6276273796051175
201703   ,05           ,47 ,-7.6371098841015863   ,-0.16249169966173563
201708   ,17           ,3  ,-13.242253859042881   ,-4.4140846196809607
201706   ,01           ,27 ,-54.969667180132589   ,-2.0359135992641706
201612   ,14           ,7  ,2.10171108110741      ,0.30024444015820118
201608   ,11           ,15 ,-57.81430799831476    ,-3.85428719988765
201512   ,04           ,91 ,-140.20392240677239   ,-1.5407024440304655
201605   ,03           ,14 ,1.8071232820031904    ,0.12908023442879935
201601   ,08           ,7  ,-19.23694459742326    ,-2.7481349424890373
201604   ,18           ,1  ,-1.52284263959391     ,-1.52284263959391
201506   ,16           ,2  ,-14.01869158878506    ,-7.00934579439253
202005   ,02           ,1  ,-2.75862068965517     ,-2.75862068965517
201511   ,06           ,1  ,-10.6870229007633     ,-10.6870229007633
201909   ,12           ,4  ,-8.1923580656043313   ,-2.0480895164010828
201605   ,13           ,2  ,-1.02289463114205     ,-0.51144731557102485
201708   ,19           ,32 ,-82.2228629003265     ,-2.5694644656352037
201609   ,14           ,3  ,-12.10700797045225    ,-4.0356693234840835
201706   ,14           ,14 ,-4.8123320034799      ,-0.3437380002485646
201511   ,13           ,19 ,-82.406956500934683   ,-4.3372082368912981
201709   ,01           ,10 ,-18.94307237605156    ,-1.8943072376051562
201602   ,05           ,17 ,6.0670983625843995    ,0.35688813897555294
201810   ,02           ,18 ,15.50224282180783     ,0.86123571232265772
201710   ,19           ,11 ,-36.199502687742381   ,-3.2908638807038528
201901   ,01           ,16 ,-28.799405486428739   ,-1.7999628429017962
201909   ,02           ,12 ,-37.506378631506919   ,-3.1255315526255769
201904   ,19           ,9  ,-2.81925215523907     ,-0.31325023947100772
201905   ,03           ,10 ,1.5828738823813762    ,0.15828738823813759
201707   ,03           ,28 ,-47.481387512628466   ,-1.6957638397367307
201703   ,01           ,10 ,-0.29070889109344833  ,-0.029070889109345188
201701   ,04           ,78 ,-114.56422119252736   ,-1.4687720665708637
201702   ,02           ,13 ,-15.211067471678831   ,-1.1700821132060639
201704   ,13           ,7  ,-12.481847461871702   ,-1.7831210659816714
201708   ,07           ,4  ,-0.534754458445545    ,-0.13368861461138626
201610   ,04           ,253,-397.95297375893404   ,-1.5729366551736521
201708   ,16           ,4  ,-11.31313131313132    ,-2.82828282828283
201709   ,11           ,61 ,-217.825610290453     ,-3.5709116441057862
201801   ,13           ,2  ,-9.72766614696411     ,-4.8638330734820547
201503   ,05           ,29 ,25.89849140283815     ,0.89305142768407419
201601   ,07           ,4  ,7.53826699502962      ,1.8845667487574049
201809   ,11           ,12 ,-10.94901143182731    ,-0.9124176193189425
201808   ,03           ,7  ,-1.59455323956356     ,-0.22779331993765134
201606   ,11           ,15 ,-55.0398561288072     ,-3.66932374192048
201812   ,12           ,10 ,-8.4616885683391      ,-0.84616885683390985
201502   ,02           ,3  ,-3.0809788544733094   ,-1.0269929514911034
201904   ,04           ,90 ,-212.05633401913246   ,-2.3561814891014721
201702   ,16           ,4  ,-11.03264416505562    ,-2.758161041263905
201603   ,03           ,11 ,22.489960736538638    ,2.0445418851398767
201509   ,13           ,6  ,-19.544763548214782   ,-3.25746059136913
201602   ,06           ,2  ,5.7142858505249023    ,2.8571429252624512
201907   ,01           ,10 ,-19.485607525650259   ,-1.9485607525650261
201810   ,09           ,1  ,1.09756097560975      ,1.09756097560975
201907   ,02           ,15 ,2.9051303780618554    ,0.19367535853745665
202001   ,04           ,59 ,-110.67345994755715   ,-1.8758213550433414
201807   ,10           ,2  ,-16.16438356164382    ,-8.08219178082191
202005   ,06           ,2  ,-8.67810292633704     ,-4.33905146316852
201909   ,18           ,2  ,7.73790621361279      ,3.8689531068063951
202004   ,19           ,3  ,0.884955752212383     ,0.294985250737461
201803   ,09           ,4  ,-14.93775933609956    ,-3.73443983402489
201609   ,13           ,1  ,-9.3457943925234      ,-9.3457943925234
201608   ,08           ,13 ,-17.90686120090713    ,-1.3774508616082408
201708   ,08           ,7  ,-1.5856968223262493   ,-0.22652811747517851
201706   ,04           ,85 ,-15.859842657173568   ,-0.18658638420204202
201802   ,05           ,28 ,41.729101791218014    ,1.4903250639720715
201710   ,04           ,93 ,-94.34363445364248    ,-1.014447682297231
201507   ,09           ,1  ,-2.11640211640212     ,-2.11640211640212
201602   ,14           ,1  ,-8.64197530864197     ,-8.64197530864197
201711   ,08           ,11 ,-22.739645145110309   ,-2.0672404677373009
201603   ,05           ,18 ,-17.403783453450767   ,-0.96687685852504257
201511   ,07           ,10 ,-23.11401741572692    ,-2.3114017415726922
201811   ,11           ,11 ,-10.550875299187059   ,-0.95917048174427832
202001   ,05           ,45 ,-128.29830023099845   ,-2.851073338466632
201606   ,06           ,9  ,18.624814133937431    ,2.0694237926597148
202001   ,14           ,1  ,-3.67647058823529     ,-3.67647058823529
201701   ,02           ,21 ,-15.902698496668718   ,-0.75727135698422465
201612   ,13           ,3  ,-1.16740217711093     ,-0.38913405903697651
201705   ,05           ,57 ,23.113874210325797    ,0.40550656509343525
201701   ,14           ,4  ,-9.75378307398383     ,-2.4384457684959564
201602   ,09           ,6  ,-37.590976146330306   ,-6.2651626910550515
201802   ,03           ,19 ,-42.974084040740713   ,-2.2617938968810907
201602   ,12           ,5  ,-16.223303791690689   ,-3.2446607583381377
201705   ,14           ,5  ,-3.07323798317379     ,-0.614647596634758
201601   ,02           ,11 ,-30.120755184005169   ,-2.7382504712731977
201810   ,04           ,114,-107.37674880188143   ,-0.94190130527966154
201604   ,09           ,1  ,-7.26744186046513     ,-7.26744186046513
201806   ,09           ,1  ,1.99335548172758      ,1.99335548172758
201806   ,08           ,1  ,-6.22710622710623     ,-6.22710622710623
201611   ,06           ,1  ,-0.93348891481913     ,-0.93348891481913
201607   ,14           ,3  ,5.09337860780985      ,1.69779286926995
201804   ,18           ,1  ,2.89855072463768      ,2.89855072463768
202005   ,11           ,2  ,-2.80898876404496     ,-1.40449438202248
201510   ,09           ,3  ,-0.56980056980057392  ,-0.18993352326685792
201807   ,01           ,15 ,12.557126662412209    ,0.83714177749414775
201601   ,06           ,7  ,0.95563225604009938   ,0.13651889372001402
201509   ,08           ,3  ,-6.54385250379966     ,-2.18128416793322
201902   ,11           ,31 ,-89.435346341433345   ,-2.885011172304301
201908   ,07           ,7  ,2.0593608018860796    ,0.29419440026944
201702   ,04           ,68 ,-74.351758330942829   ,-1.0934082107491592
201707   ,13           ,6  ,-13.181120895791441   ,-2.1968534826319068
201505   ,01           ,17 ,-7.8081678828810306   ,-0.45930399311064884
201602   ,13           ,10 ,-43.927654296572456   ,-4.3927654296572465
201802   ,01           ,43 ,-152.31588972160671   ,-3.5422299935257389
201812   ,02           ,48 ,-41.126314743435785   ,-0.85679822382157877
201812   ,04           ,286,-486.48024871932569   ,-1.7009798906270128
201810   ,05           ,18 ,-6.21652684321534     ,-0.34536260240085215
202002   ,19           ,6  ,-16.974098061072631   ,-2.8290163435121047
201606   ,13           ,6  ,0.052631578947379909  ,0.0087719298245632817
201702   ,06           ,4  ,-9.89180834621332     ,-2.47295208655333
201612   ,08           ,12 ,11.445000319023009    ,0.95375002658525032
201508   ,11           ,7  ,-13.25006358426268    ,-1.8928662263232399
201602   ,03           ,40 ,46.251091635578454    ,1.1562772908894616
201505   ,06           ,12 ,2.91368040055154      ,0.24280670004596155
201504   ,09           ,6  ,6.6756015724642594    ,1.1126002620773765
201901   ,17           ,2  ,-8.69565217391304     ,-4.34782608695652
201901   ,09           ,1  ,-3.04347826086956     ,-3.04347826086956
201510   ,13           ,2  ,-9.70873786407768     ,-4.85436893203884
201705   ,19           ,12 ,-29.602962549045067   ,-2.4669135457537554
201805   ,08           ,5  ,-0.27355378834168986  ,-0.05471075766833744
201812   ,19           ,5  ,-42.098024460947059   ,-8.4196048921894118
201807   ,19           ,13 ,-58.854491231263715   ,-4.5272685562510544
201911   ,13           ,6  ,-35.178618334646728   ,-5.8631030557744559
201806   ,02           ,6  ,-3.3236338968527597   ,-0.55393898280879306
201810   ,16           ,1  ,-5.06912442396313     ,-5.06912442396313
201906   ,14           ,2  ,-2.4623926797839797   ,-1.2311963398919898
201512   ,10           ,3  ,-1.98237885462555     ,-0.66079295154185
202005   ,05           ,2  ,0.0                   ,0.0
201607   ,12           ,4  ,8.69434248200389      ,2.1735856205009725
201605   ,02           ,1  ,-10.6194690265487     ,-10.6194690265487
201605   ,10           ,1  ,-1.63551401869159     ,-1.63551401869159
201604   ,10           ,1  ,-3.44827586206897     ,-3.44827586206897
202004   ,05           ,5  ,-11.82943202381645    ,-2.36588640476329
201708   ,05           ,16 ,-19.551367140977732   ,-1.2219604463111085
201610   ,08           ,23 ,-17.799314718171857   ,-0.77388324861616775
201706   ,03           ,33 ,-8.18036777720613     ,-0.24788993264260989
201701   ,12           ,4  ,-15.290417421978979   ,-3.8226043554947449
201504   ,04           ,147,-179.18223659924894   ,-1.2189267795867269
201701   ,13           ,3  ,-19.926199261992629   ,-6.64206642066421
201711   ,19           ,7  ,-14.648312350183639   ,-2.0926160500262343
201710   ,06           ,4  ,6.2312469471774605    ,1.5578117367943651
201805   ,03           ,21 ,15.416775085457729    ,0.73413214692655837
201608   ,12           ,8  ,-7.9259491888515479   ,-0.99074364860644348
201604   ,14           ,8  ,-23.642762966547117   ,-2.95534537081839
201507   ,06           ,7  ,-1.6893838342782308   ,-0.24134054775403302
201912   ,07           ,10 ,21.86834688775685     ,2.1868346887756851
201908   ,03           ,31 ,-0.56711529157568652  ,-0.018294041663731997
201907   ,14           ,1  ,-1.43678160919541     ,-1.43678160919541
201710   ,12           ,9  ,-23.01526522035569    ,-2.5572516911506322
201809   ,10           ,4  ,-9.19066937119678     ,-2.2976673427991949
201611   ,04           ,117,-156.89539658944429   ,-1.3409862956362761
201701   ,01           ,31 ,-48.881639340193566   ,-1.5768270754901152
201511   ,16           ,7  ,-49.274075071624594   ,-7.0391535816606554
201608   ,07           ,6  ,-3.3850601776307778   ,-0.56417669627179634
201505   ,05           ,30 ,-43.422210488214795   ,-1.4474070162738266
201512   ,03           ,25 ,-24.714098232213949   ,-0.98856392928855819
201510   ,06           ,2  ,-1.88772975658221     ,-0.94386487829110521
201704   ,06           ,5  ,1.265721099535569     ,0.25314421990711378
201503   ,06           ,3  ,0.097430276458399856  ,0.032476758819466767
202002   ,12           ,9  ,-18.583919558045405   ,-2.0648799508939333
201711   ,07           ,1  ,1.82481751824818      ,1.82481751824818
201909   ,19           ,9  ,-45.989275877209096   ,-5.1099195419121219
202004   ,09           ,5  ,-15.91979394381022    ,-3.1839587887620437
201611   ,19           ,12 ,-17.142775983748813   ,-1.4285646653124007
201610   ,05           ,83 ,-85.775145341005413   ,-1.0334354860362098
201801   ,12           ,4  ,-5.11190573957308     ,-1.27797643489327
201805   ,02           ,13 ,-17.798830062031112   ,-1.3691407740023931
201802   ,11           ,9  ,-13.51584846816252    ,-1.5017609409069466
201711   ,10           ,3  ,-6.8541432320959412   ,-2.2847144106986468
202005   ,01           ,1  ,-6.05263157894737     ,-6.05263157894737
201905   ,12           ,8  ,-8.5498657936764815   ,-1.0687332242095595
202003   ,14           ,1  ,-1.87265917602996     ,-1.87265917602996
