MonthYear,EventRootCode,Count,SumAvgTone         ,AvgAvgTone
201706   ,03           ,301  ,-453.439234177061  ,-1.5064426384619967
201805   ,17           ,52   ,-167.89917214626442,-3.2288302335820087
201705   ,16           ,42   ,-170.79754518684021,-4.0666082187342916
201603   ,19           ,63   ,-142.36099498032195,-2.2596983330209834
201804   ,12           ,40   ,-106.98764489258016,-2.674691122314504
201809   ,01           ,302  ,-855.41785986119282,-2.8325094697390485
201808   ,12           ,78   ,-129.62472412865023,-1.6618554375467978
201910   ,11           ,58   ,-196.17928636431895,-3.3824014890399821
201804   ,20           ,2    ,-15.75037147102524 ,-7.87518573551262
201703   ,02           ,225  ,-358.48675093725967,-1.5932744486100432
201611   ,12           ,82   ,-138.13771083261284,-1.6846062296660103
201701   ,10           ,35   ,-83.974728497875859,-2.399277957082167
201703   ,14           ,17   ,-28.391974140784459,-1.670116125928498
201606   ,05           ,358  ,-817.0022337580034 ,-2.2821291445754293
201507   ,13           ,28   ,-22.670221244953144,-0.80965075874832648
201810   ,10           ,11   ,-38.554528713782759,-3.5049571557984329
201810   ,18           ,16   ,-55.575167551635609,-3.473447971977226
201905   ,17           ,64   ,-254.05112996822473,-3.9695489057535114
201912   ,18           ,122  ,-648.2564565305297 ,-5.3135775125453257
201901   ,06           ,20   ,-25.428902034689131,-1.2714451017344566
201901   ,17           ,43   ,-144.157572031986  ,-3.3525016751624648
201810   ,15           ,2    ,-3.47868582979763  ,-1.7393429148988151
202002   ,16           ,28   ,-98.764088959591476,-3.5272888914139813
201702   ,13           ,102  ,-336.44055322394553,-3.2984367963131915
201703   ,08           ,61   ,-124.58669719992398,-2.0424048721299011
201611   ,08           ,61   ,-114.59732406345626,-1.878644656777972
201608   ,06           ,41   ,-95.311385246495036,-2.3246679328413422
201706   ,04           ,891  ,-1109.8747367171616,-1.2456506584928861
201609   ,13           ,44   ,-172.94234722841372,-3.930507891554857
201605   ,02           ,133  ,-428.31945533915456,-3.220447032625223
201511   ,08           ,72   ,-223.12600640352244,-3.0989723111600354
201604   ,18           ,19   ,-65.779073270986572,-3.4620564879466622
201806   ,02           ,116  ,-156.64804906821843,-1.3504142161053316
201811   ,16           ,99   ,-404.36428585353531,-4.084487735894295
201809   ,12           ,60   ,-147.39918785545854,-2.4566531309243085
201911   ,17           ,53   ,-187.28715047764479,-3.5337198203329194
201903   ,19           ,119  ,-303.82129887416249,-2.553120158606407
201903   ,11           ,109  ,-544.76785205365718,-4.9978702023271309
201904   ,10           ,7    ,-23.814059464143639,-3.4020084948776632
201906   ,14           ,16   ,-95.565102363788611,-5.97281889773679
202004   ,10           ,4    ,-1.37993072816186  ,-0.344982682040465
202004   ,09           ,18   ,-44.321407903894809,-2.4623004391052667
201706   ,17           ,41   ,-275.00545131178853,-6.7074500319948429
201706   ,10           ,17   ,-61.9458388595313  ,-3.6438728740900768
201606   ,03           ,218  ,-446.95386119232842,-2.0502470696895796
201603   ,04           ,714  ,-1957.5224159249465,-2.741628033508329
201710   ,01           ,239  ,-390.76160597880829,-1.6349857990745118
201508   ,04           ,559  ,-848.29639381197308,-1.5175248547620261
201511   ,06           ,50   ,-101.30726393724925,-2.0261452787449858
201804   ,02           ,327  ,-973.9927561974024 ,-2.9785711198697329
201909   ,19           ,206  ,-789.036872027241  ,-3.8302760778021407
201908   ,06           ,34   ,-40.307520162216228,-1.1855152988887125
201902   ,19           ,151  ,-525.49763675705708,-3.4801167997156095
201809   ,18           ,32   ,-114.25804649047372,-3.5705639528273037
201808   ,13           ,74   ,-355.37202538042652,-4.8023246673030613
201903   ,18           ,24   ,-138.72239250698215,-5.7800996877909236
202002   ,01           ,206  ,-499.46619282400064,-2.4245931690485465
202004   ,04           ,300  ,-742.02725312739017,-2.4734241770913
202003   ,12           ,21   ,-52.396903463516807,-2.4950906411198481
202005   ,02           ,39   ,-210.4193453794831 ,-5.3953678302431571
201602   ,18           ,67   ,-435.47083091753609,-6.4995646405602381
201707   ,16           ,90   ,-293.7346089056731 ,-3.2637178767297006
201706   ,13           ,42   ,-136.7194698137732 ,-3.2552254717565043
201612   ,13           ,198  ,-696.81885123424172,-3.5192871274456654
201712   ,09           ,26   ,-48.581749705211955,-1.8685288348158438
201605   ,08           ,184  ,-644.44549488270513,-3.5024211678407897
201505   ,12           ,200  ,-622.64151081720286,-3.1132075540860122
201605   ,09           ,51   ,-202.93820424276535,-3.9791804753483397
201501   ,06           ,3    ,-6.9315789352316193,-2.3105263117438732
201806   ,11           ,111  ,-309.69629158979643,-2.7900566809891569
201902   ,09           ,46   ,-42.305519677033523,-0.91968521037029416
201810   ,09           ,18   ,-37.07829493793124 ,-2.0599052743295139
201808   ,02           ,260  ,-414.46375195285344,-1.5940913536648209
201907   ,12           ,41   ,-98.571579930560816,-2.4041848763551417
202001   ,17           ,68   ,-328.20216777061455,-4.8265024672149188
201904   ,18           ,15   ,-59.591492658909971,-3.9727661772606648
201906   ,02           ,132  ,-370.71072691506242,-2.8084145978413813
202004   ,01           ,128  ,-277.82380037287226,-2.1704984404130641
201608   ,05           ,303  ,-582.3774911286315 ,-1.9220379245169357
201706   ,19           ,161  ,-622.09474281372593,-3.8639425019486096
201610   ,11           ,322  ,-1165.0583063558327,-3.6181934979994819
201612   ,12           ,55   ,-141.2611662387057 ,-2.56838484070374
201509   ,03           ,432  ,-761.52637724697627,-1.7627925399235571
201709   ,18           ,17   ,-63.200973895233034,-3.7177043467784134
201802   ,13           ,38   ,-111.22927641005769,-2.9270862213173072
201505   ,14           ,46   ,-214.13189663773184,-4.6550412312550407
201507   ,10           ,29   ,-117.76135646933832,-4.0607364299771822
201912   ,16           ,156  ,-786.20350379230331,-5.0397660499506625
201812   ,03           ,204  ,-435.70027551617818,-2.1357856642949917
201811   ,04           ,1025 ,-2584.968944440318 ,-2.521920921405187
201910   ,05           ,139  ,-233.56470654791246,-1.6803216298410961
201906   ,19           ,162  ,-440.37130600043918,-2.7183413950644386
201703   ,04           ,917  ,-1317.4247021666306,-1.4366681593965436
201611   ,14           ,5    ,-22.851362672003852,-4.57027253440077
201705   ,17           ,74   ,-151.95609773934183,-2.0534607802613762
201803   ,14           ,14   ,-12.73637075984162 ,-0.90974076856011576
201712   ,06           ,44   ,-132.56923303942312,-3.0129371145323445
201603   ,08           ,161  ,-541.59611946961263,-3.3639510526062919
201711   ,16           ,13   ,-10.690708568258207,-0.82236219755832352
201505   ,17           ,146  ,-403.51002076301387,-2.7637672655000944
201508   ,10           ,12   ,-42.874650363841482,-3.5728875303201235
201510   ,15           ,12   ,-38.929250492724805,-3.2441042077270672
201807   ,03           ,458  ,-632.41855393069363,-1.38082653696658
201810   ,04           ,641  ,-1078.6168546709523,-1.6827096016707526
201810   ,06           ,25   ,-12.752149880876111,-0.51008599523504439
201909   ,03           ,421  ,-728.63461885814559,-1.730723560233125
201909   ,12           ,56   ,-163.8743971830099 ,-2.9263285211251775
201912   ,19           ,492  ,-2800.7556219048711,-5.6925927274489263
201809   ,15           ,12   ,-38.4555090805404  ,-3.2046257567117009
201904   ,19           ,108  ,-169.8108770168208 ,-1.5723229353409331
202002   ,19           ,146  ,-432.71482969718738,-2.9638002034053934
202002   ,06           ,27   ,-103.98351630991189,-3.8512413448115512
201911   ,14           ,11   ,-11.459411933377138,-1.0417647212161034
201607   ,14           ,2    ,-1.056338028169    ,-0.5281690140845
202003   ,14           ,1    ,1.20603015075377   ,1.20603015075377
202004   ,02           ,54   ,-183.76528622807055,-3.4030608560753808
201707   ,08           ,167  ,-492.41497376771724,-2.9485926572917194
201511   ,01           ,222  ,-832.214638978446  ,-3.748714589993
201610   ,02           ,354  ,-1377.074618662386 ,-3.8900412956564585
201703   ,06           ,35   ,-78.834133133740551,-2.2524038038211591
201609   ,14           ,18   ,-61.356044716466982,-3.4086691509148319
201709   ,19           ,93   ,-288.96167117205044,-3.1071147437854885
201803   ,11           ,674  ,-3266.5180074328996,-4.846465886398958
201802   ,11           ,149  ,-630.09857653499739,-4.2288495069462915
201510   ,02           ,165  ,-500.65077210389688,-3.0342471036599807
201506   ,16           ,125  ,-324.4595957132662 ,-2.5956767657061288
201712   ,11           ,53   ,-197.76070985094447,-3.7313341481310278
201607   ,15           ,14   ,-24.255284694495611,-1.7325203353211149
201507   ,20           ,9    ,-42.369060442554961,-4.7076733825061066
201904   ,01           ,234  ,-378.82815870294172,-1.6189237551407762
201904   ,09           ,35   ,-64.57349646230378 ,-1.844957041780108
201808   ,14           ,10   ,-42.952432520189063,-4.2952432520189063
202002   ,18           ,22   ,-125.89310656495171,-5.7224139347705316
202003   ,05           ,119  ,-282.65441543631323,-2.3752471885404476
201701   ,09           ,41   ,-100.35825890316323,-2.4477624122722736
201708   ,09           ,31   ,-85.8788192724563  ,-2.7702844926598806
201609   ,09           ,29   ,-75.182594441857148,-2.592503256615764
201705   ,13           ,66   ,-232.49771627467703,-3.52269267082844
201711   ,03           ,108  ,-311.03260624197128,-2.8799315392775129
201507   ,11           ,135  ,-430.36383887404935,-3.1878802879559203
201802   ,15           ,10   ,1.7421276844272997 ,0.17421276844272993
201712   ,10           ,11   ,-32.690352125614218,-2.9718501932376564
201606   ,15           ,49   ,-137.42832865330058,-2.8046597684347052
202001   ,04           ,1659 ,-3762.0253696287391,-2.2676463951951416
201806   ,13           ,34   ,-104.7775904491136 ,-3.0816938367386357
201906   ,15           ,7    ,-28.992182764464271,-4.1417403949234668
201911   ,20           ,1    ,-0.16233766233767  ,-0.16233766233767
201702   ,07           ,53   ,-81.975124543352479,-1.5467004630821224
201701   ,15           ,24   ,-85.6758204651983  ,-3.5698258527165954
201704   ,17           ,49   ,-250.58638326560694,-5.11400782174708
201710   ,02           ,122  ,-299.25578782186329,-2.4529162936218305
201712   ,12           ,37   ,-71.985083886635948,-1.9455428077469177
201804   ,17           ,94   ,-367.09486514537514,-3.9052645228231393
201710   ,07           ,15   ,1.10406863740437   ,0.073604575826958007
201710   ,10           ,15   ,9.639116201378279  ,0.642607746758552
201807   ,08           ,53   ,-130.82039587369167,-2.46830935610739
201807   ,14           ,1    ,-0.88383838383838  ,-0.88383838383838
201912   ,06           ,83   ,-288.16856176748416,-3.4719103827407727
201811   ,02           ,354  ,-1336.3935222119517,-3.775122944101557
201910   ,08           ,112  ,-293.55715508756839,-2.6210460275675747
201910   ,18           ,12   ,-104.56826222351613,-8.7140218519596768
202002   ,04           ,808  ,-1985.4949920038953,-2.4572957821830381
202003   ,19           ,107  ,-289.71198375492122,-2.7075886332235632
202002   ,14           ,7    ,-31.277667133311052,-4.4682381619015787
201906   ,17           ,23   ,-85.224606355405044,-3.7054176676263064
201812   ,14           ,15   ,-30.710785958709586,-2.0473857305806393
201703   ,16           ,63   ,-143.33959070864898,-2.2752315985499836
201602   ,01           ,497  ,-1648.4973334433325,-3.3168960431455385
201704   ,04           ,682  ,-1303.3851910249798,-1.9111219809750442
201604   ,01           ,231  ,-500.13174442133095,-2.165072486672428
201704   ,10           ,65   ,-239.09759885390736,-3.6784245977524224
201610   ,16           ,148  ,-617.00620308025771,-4.1689608316233615
201705   ,18           ,28   ,-106.03838204818857,-3.787085073149592
201503   ,03           ,613  ,-874.58390691762963,-1.4267274174838982
201603   ,03           ,227  ,-687.80420446844425,-3.0299744690239838
201710   ,15           ,7    ,-43.334250530522539,-6.1906072186460772
201804   ,05           ,289  ,-655.89439605087932,-2.2695307821829735
201507   ,06           ,76   ,-181.7048659199834 ,-2.3908534989471493
201511   ,12           ,38   ,-97.348467854189778,-2.5618017856365727
201501   ,19           ,2    ,-26.7857142857142  ,-13.3928571428571
201605   ,16           ,42   ,-150.69518122362388,-3.5879805053243787
201909   ,18           ,40   ,-195.42267565457294,-4.8855668913643235
201905   ,09           ,10   ,-13.234225210520451,-1.3234225210520452
201912   ,08           ,99   ,-375.03928873257593,-3.7882756437633933
201809   ,14           ,18   ,-56.168207011437161,-3.1204559450798421
202002   ,09           ,34   ,-149.92624496326178,-4.4095954400959352
201911   ,18           ,11   ,-56.6473421404912  ,-5.1497583764082906
202005   ,04           ,69   ,-188.01293214575117,-2.7248251035616109
201703   ,01           ,420  ,-1026.578469268399 ,-2.444234450639045
201701   ,17           ,60   ,-165.3886236021726 ,-2.7564770600362105
201609   ,15           ,8    ,-38.395080482934063,-4.7993850603667578
201509   ,10           ,14   ,-37.8393929965128  ,-2.7028137854652
201604   ,13           ,23   ,-77.305215230346633,-3.3610963143628978
201606   ,14           ,8    ,-25.484252508707506,-3.1855315635884387
201807   ,09           ,32   ,-93.024574701611243,-2.9070179594253513
201908   ,19           ,226  ,-953.769390657198  ,-4.2202185427309633
201908   ,05           ,386  ,-969.85778064284   ,-2.5125849239451812
201912   ,17           ,399  ,-2218.4502700323692,-5.5600257394294959
201808   ,18           ,30   ,-156.36334518472981,-5.21211150615766
202002   ,13           ,35   ,-206.20546708565371,-5.8915847738758194
202003   ,01           ,85   ,-267.74931981760074,-3.1499919978541269
201611   ,04           ,785  ,-827.39532439748655,-1.0540067826719577
201701   ,03           ,201  ,-211.79892840984104,-1.0537260119892591
201709   ,13           ,29   ,-91.3260541875221  ,-3.1491742823283486
201803   ,17           ,449  ,-1900.3413405643171,-4.2323860591632947
201710   ,13           ,18   ,-52.432184673882915,-2.9128991485490507
201503   ,12           ,224  ,-333.07667907780831,-1.486949460168788
201604   ,02           ,247  ,-847.6726595606217 ,-3.4318731156300513
201602   ,16           ,50   ,-145.03946490543791,-2.9007892981087586
201601   ,17           ,26   ,-106.28207891367224,-4.0877722659104716
201607   ,18           ,22   ,-98.688374253683008,-4.4858351933492271
201606   ,12           ,60   ,-219.27889900700401,-3.6546483167834
201606   ,18           ,36   ,-151.97792571484075,-4.2216090476344652
201902   ,02           ,246  ,-503.69440320111357,-2.0475382243947711
201812   ,18           ,14   ,-46.889448366853358,-3.3492463119180971
201901   ,08           ,80   ,-193.43637994594559,-2.41795474932432
201808   ,09           ,30   ,-43.286234892880664,-1.4428744964293558
201909   ,20           ,2    ,-19.73094170403586 ,-9.86547085201793
201506   ,20           ,1    ,-1.48936170212766  ,-1.48936170212766
201706   ,15           ,3    ,-12.17482787967962 ,-4.0582759598932068
201610   ,14           ,15   ,-51.76921073199285 ,-3.4512807154661895
201710   ,17           ,33   ,-161.70005839560014,-4.9000017695636409
201805   ,01           ,334  ,-683.43547922319635,-2.0462140096502894
201804   ,04           ,748  ,-1906.6808422136019,-2.5490385591090932
201504   ,12           ,93   ,-194.285962576769  ,-2.0890963717932167
201604   ,15           ,6    ,-11.98161555250217 ,-1.9969359254170282
201810   ,11           ,232  ,-948.0088617670898 ,-4.0862450938236634
201607   ,08           ,46   ,-134.78838625169166,-2.9301823098193842
201908   ,07           ,47   ,-114.98414107600576,-2.4464710867235264
201811   ,07           ,31   ,-83.368346109733238,-2.6893014874107495
201806   ,07           ,21   ,-14.341281289174109,-0.68291815662733868
202003   ,03           ,59   ,-165.00122606797427,-2.7966309503046487
201703   ,09           ,41   ,-103.5403868372844 ,-2.5253752887142533
201708   ,05           ,266  ,-612.51840748432767,-2.3027007800162695
201609   ,12           ,122  ,-378.80954138234682,-3.1049962408389082
201707   ,14           ,23   ,-54.895820551657074,-2.3867748065937855
201805   ,16           ,32   ,-19.748084448493906,-0.61712763901543466
201504   ,16           ,115  ,-261.00566375063323,-2.2696144673968104
201506   ,01           ,302  ,-867.76244130900739,-2.8733855672483686
201510   ,18           ,17   ,-51.485802089171059,-3.0285765934806506
201602   ,17           ,49   ,-173.57144735718398,-3.5422744358608989
201502   ,14           ,20   ,-103.06805168249215,-5.1534025841246081
201908   ,03           ,393  ,-949.16792918517262,-2.4151855704457321
202005   ,16           ,3    ,-12.183098672470269,-4.061032890823423
201912   ,09           ,118  ,-724.15614231515951,-6.1369164602979627
201901   ,07           ,56   ,-211.69370881968862,-3.7802448003515829
201809   ,08           ,71   ,-200.51349989789037,-2.8241338013787383
201911   ,03           ,210  ,-461.62129220279172,-2.1981966295371036
201911   ,06           ,22   ,-7.1237490345350309,-0.3238067742970468
201910   ,07           ,17   ,-31.288839291492067,-1.8405199583230627
202005   ,05           ,57   ,-69.029372812696025,-1.2110416282929126
201704   ,11           ,183  ,-874.58095849098322,-4.7791309207157537
201708   ,11           ,132  ,-391.03385439352456,-2.9623776847994283
201510   ,06           ,58   ,-27.720133293177849,-0.47793333264099719
201612   ,03           ,159  ,-409.91745275215612,-2.5780971871204788
201612   ,02           ,142  ,-389.6922346420543 ,-2.7443115115637626
201608   ,18           ,25   ,-75.451305155078728,-3.0180522062031496
201801   ,11           ,49   ,-138.7749644946571 ,-2.8321421325440221
201712   ,05           ,122  ,-162.27814850431437,-1.330148758232085
201505   ,04           ,1346 ,-2342.73643934463  ,-1.74051741407476
201505   ,19           ,249  ,-940.41019686311461,-3.7767477785667225
201603   ,17           ,54   ,-116.93390598436048,-2.1654427034140826
201712   ,14           ,6    ,-27.654503161632849,-4.6090838602721416
201909   ,09           ,39   ,-109.15765918015437,-2.798914337952676
201811   ,19           ,83   ,-255.13897227578556,-3.0739635213950067
201904   ,16           ,13   ,-22.430458806049039,-1.7254199081576183
201906   ,04           ,589  ,-803.69860813442585,-1.3645137659328117
201701   ,01           ,273  ,-685.30126625731316,-2.5102610485615862
201706   ,09           ,52   ,-69.058144873729674,-1.3280412475717245
201707   ,18           ,25   ,-87.187297536535169,-3.4874919014614063
201711   ,04           ,567  ,-930.65694060856072,-1.6413702656235636
201710   ,06           ,37   ,-102.110724992239  ,-2.7597493241145674
201712   ,16           ,14   ,-53.294344735017511,-3.8067389096441082
201605   ,04           ,760  ,-1391.5308414394726,-1.8309616334729917
201502   ,04           ,515  ,-1725.9819328065871,-3.3514212287506546
201605   ,13           ,99   ,-303.75876203213636,-3.0682703235569329
201602   ,06           ,63   ,-173.41264792929582,-2.7525817131634249
201603   ,11           ,97   ,-356.42274499662511,-3.674461288625003
201604   ,08           ,66   ,-222.23244117928007,-3.3671581996860622
201508   ,08           ,113  ,-336.80416776128362,-2.9805678562945435
201912   ,12           ,102  ,-481.4752793159571 ,-4.72034587564664
201901   ,02           ,233  ,-430.73526898595941,-1.8486492231157059
202002   ,03           ,181  ,-534.73430717448412,-2.9543331888093038
201812   ,15           ,5    ,-20.253029028416588,-4.0506058056833174
201707   ,06           ,61   ,-176.49481502215244,-2.8933576233139746
201611   ,06           ,32   ,-48.230005550040687,-1.5071876734387715
201611   ,13           ,151  ,-757.30905084815686,-5.0152917274712383
201609   ,01           ,208  ,-521.57948456513043,-2.5075936757938959
201803   ,01           ,689  ,-2401.3302732119664,-3.4852398740376871
201710   ,04           ,643  ,-831.10749132041622,-1.2925466428000254
201603   ,01           ,198  ,-598.08507748902264,-3.0206317044900142
201506   ,09           ,53   ,-147.79604182499466,-2.7886045627357494
201607   ,01           ,252  ,-378.64155871987128,-1.5025458679359971
201807   ,15           ,4    ,-9.3584411158069489,-2.3396102789517372
201908   ,04           ,578  ,-708.8176845316583 ,-1.2263281739302048
201905   ,07           ,61   ,-58.986557111096744,-0.96699273952617615
202003   ,11           ,66   ,-256.51704177682853,-3.8866218451034613
201611   ,11           ,294  ,-1357.5260040440921,-4.6174353879050738
201706   ,06           ,49   ,-43.276919486987488,-0.88320243850994873
201612   ,06           ,38   ,-108.4264401231724 ,-2.8533273716624317
201507   ,01           ,162  ,-410.61246746054979,-2.5346448608675916
201810   ,19           ,108  ,-384.91028280750282,-3.5639841000694714
201810   ,01           ,162  ,-364.13796239554654,-2.24776519997251
201902   ,07           ,23   ,-21.718119819096582,-0.94426607909115612
202005   ,13           ,7    ,-39.68303479054174 ,-5.669004970077391
201712   ,15           ,3    ,-10.169491525423741,-3.38983050847458
201910   ,16           ,13   ,-31.0830291607976  ,-2.3910022431382769
201902   ,18           ,14   ,-26.324406461250327,-1.8803147472321662
201908   ,20           ,2    ,-9.3220338983051   ,-4.66101694915255
201702   ,17           ,117  ,-581.26158343487521,-4.9680477216656
201708   ,04           ,438  ,-1130.0189280491481,-2.5799518905231684
201704   ,06           ,44   ,-102.16775545239813,-2.3219944420999576
201609   ,08           ,64   ,-111.478473234531  ,-1.741851144289547
201509   ,04           ,890  ,-1731.7115753320102,-1.9457433430696742
201803   ,08           ,64   ,-119.58183439224501,-1.8684661623788288
201602   ,02           ,325  ,-1107.3624495502088,-3.407269075539106
201603   ,06           ,27   ,-34.330424268133832,-1.2714971951160676
201603   ,12           ,29   ,-105.92280546147313,-3.652510533154246
201501   ,03           ,7    ,-34.451924830216   ,-4.9217035471737143
201503   ,15           ,12   ,-23.5546730911309  ,-1.9628894242609081
201902   ,01           ,250  ,-491.31694285101958,-1.9652677714040789
201902   ,06           ,28   ,-47.042801689179413,-1.6801000603278364
201901   ,10           ,36   ,-112.83909350973784,-3.1344192641593844
201907   ,01           ,328  ,-586.47011128579811,-1.7880186319688967
201911   ,19           ,88   ,-217.6991555339786 ,-2.473854040158848
202001   ,19           ,140  ,-445.58207843844411,-3.1827291317031721
202004   ,05           ,66   ,-64.15384176807305 ,-0.9720279055768648
201511   ,05           ,293  ,-801.60856125558848,-2.7358653967767519
201708   ,19           ,101  ,-287.67638224283058,-2.8482810123052533
201706   ,14           ,15   ,-41.640919634978381,-2.7760613089985582
201503   ,05           ,366  ,-718.057018634215  ,-1.9619044224978561
201511   ,17           ,99   ,-227.62454130304872,-2.2992377909398845
201508   ,11           ,116  ,-438.6136185106169 ,-3.781151883712214
201605   ,05           ,236  ,-586.70693958663151,-2.4860463541806417
201507   ,17           ,35   ,-125.62780288753797,-3.5893657967867996
201801   ,12           ,15   ,-30.834115289939572,-2.0556076859959713
201605   ,07           ,33   ,-94.012062789562862,-2.8488503875625106
201911   ,07           ,35   ,-54.655780001241276,-1.5615937143211795
202005   ,01           ,23   ,-59.723291353893913,-2.5966648414736482
201703   ,17           ,48   ,-219.85067688000913,-4.5802224350001906
201707   ,09           ,84   ,-253.71294625125532,-3.0203922172768491
201707   ,07           ,45   ,-173.20697392620943,-3.8490438650268763
201704   ,02           ,174  ,-744.37519045458237,-4.2780183359458759
201805   ,19           ,117  ,-444.04283591457772,-3.79523791379981
201508   ,03           ,332  ,-473.42906418407154,-1.4259911571809361
201601   ,12           ,98   ,-559.41239430566452,-5.7082897378129
201503   ,02           ,187  ,-497.40159135088157,-2.6599015580261058
201604   ,10           ,11   ,-32.83477001700394 ,-2.9849790924549033
201807   ,06           ,151  ,-216.52470326604509,-1.433938432225464
201905   ,06           ,45   ,-32.981341410255965,-0.7329186980056881
201910   ,03           ,109  ,-192.98592822262682,-1.7705131029598788
202003   ,09           ,23   ,-67.20713750464013 ,-2.9220494567234838
202004   ,16           ,19   ,-56.656281112845591,-2.9819095322550311
201702   ,12           ,63   ,-19.054135729629305,-0.30244659888300507
201610   ,17           ,45   ,-272.38305891232022,-6.0529568647182277
201803   ,15           ,21   ,-64.382901000489042,-3.0658524285947153
201801   ,04           ,226  ,-391.28034473508541,-1.7313289590048024
201801   ,02           ,77   ,-245.33458669905076,-3.1861634636240361
201505   ,02           ,201  ,-624.1168562954208 ,-3.1050589865443814
201504   ,02           ,142  ,-413.66283754935557,-2.913118574291238
201504   ,08           ,151  ,-314.11334506183897,-2.0802208282240984
201605   ,17           ,24   ,-54.029590651123186,-2.2512329437967997
201604   ,06           ,32   ,-30.2761861004355  ,-0.946130815638609
201807   ,01           ,470  ,-764.38692891801918,-1.6263551679106791
201802   ,18           ,8    ,-39.939209638013658,-4.9924012047517072
201909   ,10           ,3    ,-1.75592625109746  ,-0.58530875036582009
201909   ,17           ,66   ,-386.79262588441429,-5.8604943315820348
201908   ,12           ,97   ,-110.96038688673852,-1.1439215142962733
201606   ,16           ,164  ,-420.83654651772741,-2.5660765031568742
201901   ,18           ,19   ,-76.292147391932971,-4.0153761785227875
201901   ,05           ,197  ,-275.03344949908694,-1.3961088807060253
201903   ,03           ,43   ,-64.259165558477235,-1.4943991990343544
202005   ,12           ,16   ,-31.599261165704064,-1.9749538228565047
202004   ,11           ,33   ,-71.231082961420711,-2.1585176654975973
201709   ,03           ,168  ,-201.38282450867598,-1.1987072887421186
201711   ,01           ,220  ,-425.3820533842441 ,-1.9335547881102002
201710   ,03           ,283  ,-465.57832490456434,-1.645153091535563
201801   ,01           ,127  ,-346.41415822324365,-2.7276705371908951
201801   ,05           ,88   ,-121.83175698240289,-1.3844517838909418
201711   ,06           ,45   ,-85.788187954961671,-1.9064041767769266
201506   ,04           ,854  ,-2269.5508072500675,-2.65755363846612
201507   ,18           ,14   ,-72.300772796805973,-5.16434091405757
201804   ,08           ,86   ,-248.34416125886753,-2.8877228053356685
201512   ,06           ,60   ,-160.76207701433671,-2.6793679502389462
201509   ,12           ,60   ,-162.97708903065393,-2.7162848171775651
201506   ,18           ,9    ,-47.466911785021964,-5.274101309446884
201605   ,14           ,8    ,-30.032172900821159,-3.7540216126026449
201811   ,12           ,101  ,-278.22971465963121,-2.7547496500953583
201808   ,06           ,79   ,-152.81163465367018,-1.9343244892869644
201809   ,13           ,52   ,-141.7554641840465 ,-2.7260666189239711
201812   ,08           ,74   ,-180.61299568057348,-2.4407161578455874
201903   ,04           ,286  ,-382.18228627448491,-1.3363017002604369
201707   ,19           ,100  ,-438.44054215526688,-4.3844054215526693
201611   ,01           ,384  ,-878.89177857690584,-2.2887806733773592
201706   ,12           ,79   ,-194.7799067260749 ,-2.4655684395705686
201709   ,06           ,32   ,-95.188642745379241,-2.9746450857931017
201710   ,19           ,102  ,-257.44531091728493,-2.5239736364439698
201711   ,15           ,8    ,-31.27194761807246 ,-3.9089934522590575
201504   ,06           ,48   ,-100.72275061901755,-2.0983906378961996
201607   ,09           ,37   ,-53.502954081110637,-1.4460257859759633
201912   ,10           ,47   ,-234.25280603758915,-4.9841022561189181
201904   ,04           ,517  ,-751.549813985602  ,-1.4536746885601588
201804   ,14           ,2    ,-1.88679245283018  ,-0.94339622641509
201809   ,02           ,164  ,-472.41377032592578,-2.8805717702800346
201911   ,11           ,79   ,-183.87594639773519,-2.3275436252877872
202001   ,13           ,26   ,-70.058029237920053,-2.6945395860738484
202005   ,17           ,10   ,-69.274993602363267,-6.9274993602363262
201702   ,04           ,1433 ,-1988.781271428443 ,-1.3878445718272456
201704   ,13           ,58   ,-343.53819024063534,-5.9230722455281954
201612   ,11           ,414  ,-1863.7186978050854,-4.5017359850364373
201711   ,02           ,94   ,-140.79523886683228,-1.497821690072684
201709   ,15           ,13   ,-38.839507942291327,-2.9876544570993326
201505   ,06           ,63   ,-196.38932699091231,-3.1172909046176569
201506   ,10           ,27   ,-75.58403157647858 ,-2.7994085769066137
201806   ,03           ,182  ,-297.28685010308686,-1.6334442313356423
202005   ,07           ,3    ,-5.07609431573989  ,-1.6920314385799633
201606   ,10           ,11   ,-42.466416276177171,-3.860583297834288
202003   ,13           ,31   ,-94.8903928467534  ,-3.0609804144114
201910   ,10           ,5    ,-23.22557240352798 ,-4.6451144807055957
202003   ,16           ,12   ,-34.805852286335323,-2.9004876905279442
201703   ,07           ,56   ,-178.25749896178155,-3.1831696243175274
201610   ,19           ,156  ,-485.46486245812821,-3.1119542465264631
201612   ,18           ,82   ,-511.04304969207715,-6.232232313318014
201709   ,09           ,39   ,-117.99226717562981,-3.0254427480930715
201710   ,11           ,151  ,-431.7955786070911 ,-2.8595733682588818
201710   ,12           ,44   ,-113.78842313367639,-2.5861005257653726
201802   ,09           ,16   ,-44.079892412016157,-2.7549932757510103
201801   ,06           ,73   ,-171.73077548687786,-2.3524763765325738
201507   ,03           ,470  ,-405.69708546666851,-0.863185288226954
201507   ,12           ,50   ,-168.32662641568825,-3.3665325283137659
201508   ,02           ,85   ,-248.43524363920702,-2.9227675722259656
201805   ,13           ,53   ,-77.210008089367435,-1.4567926054597629
201503   ,18           ,31   ,-169.41404675098678,-5.4649692500318334
201804   ,10           ,56   ,-154.48975813165995,-2.7587456809224995
201507   ,14           ,7    ,-23.518839599103451,-3.35983422844335
201909   ,08           ,61   ,-146.67922437139558,-2.4045774487114029
201905   ,11           ,123  ,-235.70519271124763,-1.9163023797662406
201912   ,14           ,22   ,-102.2640442887289 ,-4.6483656494876771
201912   ,13           ,106  ,-386.51126109832228,-3.6463326518709653
201512   ,14           ,2    ,-9.61810466760962  ,-4.80905233380481
201811   ,11           ,335  ,-1157.4595943655627,-3.4551032667628738
201809   ,11           ,162  ,-536.057138106952  ,-3.3089946796725429
201809   ,06           ,75   ,-81.290071653737215,-1.0838676220498296
201808   ,16           ,31   ,-77.482994221774319,-2.4994514265088497
201910   ,06           ,29   ,-41.852210131662424,-1.4431796597124973
201704   ,16           ,23   ,-57.047277389374507,-2.4803164082336737
201610   ,05           ,235  ,-606.81860741353887,-2.5822068400576126
201512   ,11           ,106  ,-393.43350461562812,-3.7116368359964915
201701   ,13           ,92   ,-288.22761297400649,-3.132908836673983
201805   ,10           ,20   ,-72.716588426907279,-3.6358294213453641
201505   ,10           ,49   ,-201.0019364098992 ,-4.1020803348958994
201502   ,05           ,199  ,-759.18307694948817,-3.81499033642959
201802   ,06           ,53   ,-147.37290345156757,-2.7806208198408977
201804   ,03           ,318  ,-629.04713027497439,-1.978135629795517
201504   ,18           ,32   ,-132.85886718419579,-4.1518395995061184
201509   ,19           ,118  ,-409.04072670885535,-3.4664468365157246
201603   ,07           ,17   ,-8.5183131469190663,-0.50107724393641584
201807   ,13           ,63   ,-173.55120216910109,-2.7547809868111282
201806   ,18           ,23   ,-102.26109513506817,-4.4461345710899218
201908   ,08           ,60   ,-206.06474404228504,-3.4344124007047494
201606   ,08           ,94   ,-266.65401554859079,-2.8367448462616047
201902   ,13           ,31   ,-71.484507614070012,-2.3059518585183874
201812   ,11           ,227  ,-842.41630623673245,-3.7110850495010239
201905   ,08           ,94   ,-157.95481278394212,-1.6803703487653412
201901   ,01           ,224  ,-482.44176898752363,-2.1537578972657303
201910   ,01           ,135  ,-423.66145454183641,-3.1382329966061957
201903   ,17           ,67   ,-395.9309758985994 ,-5.9094175507253635
202003   ,10           ,10   ,-16.2045904495563  ,-1.6204590449556302
201707   ,13           ,134  ,-652.67979699065484,-4.8707447536616044
201608   ,04           ,771  ,-2281.6767213009639,-2.9593731793786811
201705   ,04           ,1860 ,-3283.6596332022259,-1.7654084049474339
201711   ,18           ,18   ,-99.961439201621275,-5.55341328897896
201712   ,01           ,167  ,-413.41934804693472,-2.4755649583648784
201502   ,18           ,10   ,-68.907421316712174,-6.8907421316712165
201509   ,14           ,3    ,-11.819983513688911,-3.93999450456297
201511   ,20           ,5    ,-18.66769095697979 ,-3.733538191395958
201812   ,04           ,782  ,-1335.9811211760573,-1.7084157559796127
201811   ,15           ,2    ,-1.51806577969878  ,-0.7590328898493901
201809   ,16           ,9    ,-19.834430890407958,-2.2038256544897736
201907   ,07           ,25   ,-51.9318244678785  ,-2.0772729787151403
201907   ,08           ,105  ,-393.03657780360516,-3.743205502891477
201904   ,05           ,212  ,-145.68866557982088,-0.68721068669726859
201801   ,14           ,2    ,-2.0972354623451   ,-1.04861773117255
201701   ,19           ,123  ,-469.23951239082828,-3.8149553852912872
201701   ,05           ,296  ,-558.67902932557615,-1.8874291531269467
201704   ,08           ,64   ,-233.59326672326904,-3.6498947925510787
201706   ,01           ,228  ,-548.17745225204987,-2.4042870712809208
201803   ,06           ,83   ,-248.20968983099007,-2.99047819073482
201509   ,05           ,474  ,-943.83157998404022,-1.9912058649452316
201508   ,19           ,178  ,-624.51660893444864,-3.5085202749126339
201504   ,17           ,40   ,-98.7788390277772  ,-2.46947097569443
201606   ,11           ,160  ,-537.23412166137371,-3.3577132603835858
201807   ,07           ,57   ,-70.599169069060466,-1.2385819134922889
201905   ,12           ,59   ,-140.35674725082856,-2.3789279195055695
201912   ,03           ,365  ,-758.3550543867841 ,-2.0776850805117371
201812   ,12           ,51   ,-154.38296524359612,-3.0271169655607082
201501   ,05           ,3    ,-7.3843058350100605,-2.4614352783366868
202001   ,06           ,28   ,-100.04149119496893,-3.5729103998203189
201510   ,20           ,2    ,-6.84410646387834  ,-3.42205323193917
201608   ,09           ,32   ,-55.459315675251091,-1.7331036148515961
201511   ,04           ,796  ,-2033.9083045322891,-2.5551611865983523
201609   ,18           ,28   ,-87.3236178192157  ,-3.1187006364005607
201609   ,06           ,58   ,-116.62805277911414,-2.0108284961916234
201711   ,12           ,19   ,-59.666158177691919,-3.140324114615364
201508   ,13           ,26   ,-97.156084668677252,-3.7367724872568169
201804   ,18           ,27   ,-115.26104560374097,-4.2689276149533688
201511   ,15           ,10   ,-25.86106788744474 ,-2.5861067887444742
201810   ,05           ,197  ,-335.56708315129481,-1.7033862088898213
201607   ,02           ,133  ,-292.0159421595929 ,-2.1956085876661118
201907   ,19           ,164  ,-546.49009525347253,-3.3322566783748324
202001   ,07           ,29   ,-51.499635825369566,-1.77584951121964
201904   ,12           ,53   ,-99.389677548169288,-1.8752769348711185
202004   ,19           ,118  ,-259.56262152139442,-2.1996832332321561
201707   ,01           ,690  ,-1867.0068075862739,-2.705806967516339
201704   ,18           ,91   ,-434.8654018696451 ,-4.7787406798862113
201612   ,08           ,56   ,-205.09660699774008,-3.6624394106739304
201606   ,02           ,261  ,-735.668323931484  ,-2.818652582112966
201709   ,14           ,36   ,-149.65672181733353,-4.1571311615925977
201803   ,02           ,275  ,-913.11930672472022,-3.3204338426353459
201803   ,19           ,179  ,-730.30390415111276,-4.0799100790564973
201803   ,18           ,68   ,-371.76504199116431,-5.467132970458298
201506   ,03           ,380  ,-832.761771318241  ,-2.1914783455743194
201511   ,16           ,32   ,-122.5830761266828 ,-3.8307211289588379
201512   ,08           ,61   ,-181.3945788291449 ,-2.9736816201499163
201804   ,13           ,128  ,-520.84387143613742,-4.0690927455948227
201508   ,18           ,34   ,-135.54318589551531,-3.9865642910445676
201601   ,14           ,36   ,-233.781390655852  ,-6.493927518218114
201506   ,15           ,10   ,-16.400503620138458,-1.640050362013846
201712   ,03           ,79   ,-136.74054920457223,-1.7308930279059782
201909   ,07           ,29   ,-63.045834707673443,-2.1739943002646012
201908   ,10           ,30   ,-119.62626345091749,-3.9875421150305832
201606   ,09           ,57   ,-180.33522396584831,-3.1637758590499705
201902   ,05           ,223  ,-341.92780380157575,-1.5333085372267974
201905   ,03           ,156  ,-319.2534183397139 ,-2.0464962714084232
201901   ,04           ,554  ,-1086.9764244598443,-1.96205130768925
201808   ,10           ,22   ,-65.833006280323062,-2.9924093763783208
201812   ,13           ,46   ,-158.37212927228069,-3.4428723754843631
201702   ,01           ,472  ,-855.51695926463481,-1.8125359306454127
201701   ,11           ,286  ,-967.80299287481091,-3.3839265485133248
201707   ,17           ,65   ,-371.74086406934288,-5.7190902164514306
201711   ,11           ,72   ,-199.25756777755277,-2.7674662191326775
201803   ,04           ,646  ,-1544.3383753585401,-2.3906166801215791
201805   ,11           ,236  ,-751.44592710445124,-3.18409291145954
201805   ,04           ,1442 ,-2084.4927113706358,-1.4455566653055734
201802   ,17           ,75   ,-315.2614255428357 ,-4.2034856739044741
201504   ,11           ,224  ,-537.985780742505  ,-2.4017222354576107
201602   ,13           ,143  ,-727.60226902819966,-5.0881277554419535
201510   ,08           ,58   ,-133.33534909295784,-2.2988853291889284
201505   ,16           ,158  ,-493.80631584809987,-3.1253564294183516
201607   ,07           ,44   ,-44.479692425442934,-1.0109021005782481
201902   ,11           ,249  ,-661.82765166307979,-2.6579423761569472
201904   ,03           ,175  ,-196.77520534372383,-1.1244297448212788
201910   ,15           ,12   ,27.21127697123605  ,2.2676064142696708
201707   ,02           ,347  ,-896.38983625489448,-2.5832560122619435
201608   ,17           ,29   ,-159.67243968841396,-5.5059461961522054
201609   ,05           ,252  ,-350.19433728787016,-1.3896600686026594
201612   ,16           ,102  ,-384.88505244404951,-3.7733828670985261
201705   ,06           ,51   ,-106.13985030398308,-2.0811735353722174
201504   ,09           ,15   ,-36.464080934491015,-2.4309387289660673
201804   ,07           ,33   ,-88.602090633089716,-2.684911837366355
201904   ,06           ,48   ,-98.073776055739444,-2.0432036678279051
201906   ,06           ,38   ,-26.927327494238543,-0.70861388142732984
201906   ,13           ,41   ,-113.14018782973562,-2.759516776335015
202004   ,12           ,25   ,-99.462959415169976,-3.9785183766067993
201707   ,10           ,34   ,-105.59291117470238,-3.1056738580794825
201611   ,02           ,227  ,-378.80690362342978,-1.6687528793983692
201701   ,02           ,221  ,-557.48813576630334,-2.5225707500737711
201609   ,16           ,53   ,-99.353748799644862,-1.8745990339555632
201711   ,08           ,58   ,-163.39240749756692,-2.8171104740959816
201802   ,04           ,739  ,-2239.4191197312857,-3.0303371038312403
201502   ,01           ,123  ,-426.58750274249655,-3.4681910792072888
201506   ,19           ,135  ,-510.7428049276981 ,-3.7832800365014689
201602   ,14           ,29   ,-123.89996182114169,-4.2724124765910938
201511   ,18           ,9    ,-45.36892711265876 ,-5.0409919014065281
201506   ,14           ,12   ,-50.511946433411431,-4.2093288694509532
201810   ,07           ,32   ,-92.300030834640438,-2.8843759635825137
201902   ,04           ,637  ,-1270.0437165931351,-1.99378919402376
201902   ,08           ,83   ,-165.62868533120539,-1.9955263292916314
201905   ,10           ,50   ,-95.851444949194473,-1.9170288989838897
201812   ,05           ,209  ,-317.33027209384079,-1.5183266607360808
202001   ,08           ,116  ,-371.47632370400089,-3.2023821008965596
202004   ,08           ,25   ,-80.098252227499486,-3.2039300890999796
201707   ,05           ,420  ,-824.88089771340083,-1.9640021374128582
201705   ,03           ,629  ,-869.29991184945936,-1.3820348360086789
201511   ,13           ,63   ,-304.80369682796555,-4.8381539179042132
201610   ,15           ,9    ,-10.722003312954596,-1.1913337014393994
201512   ,16           ,24   ,-28.902024801935049,-1.2042510334139602
201604   ,07           ,44   ,-157.58750732155752,-3.5815342573081259
201804   ,15           ,5    ,-36.506360006109652,-7.301272001221931
201604   ,09           ,40   ,-150.12216156312815,-3.7530540390782026
201712   ,19           ,59   ,-263.15467610693122,-4.4602487475751049
201504   ,15           ,6    ,-24.10723748212531 ,-4.017872913687552
201811   ,03           ,262  ,-576.570422394436  ,-2.2006504671543352
201808   ,08           ,80   ,-169.44193729527217,-2.1180242161909022
202001   ,11           ,115  ,-402.32494305134867,-3.4984777656639023
201902   ,15           ,9    ,-3.6485995096361803,-0.40539994551513109
201811   ,14           ,5    ,-17.204819930961321,-3.4409639861922638
201706   ,11           ,229  ,-798.43027730745087,-3.4865950974124491
201510   ,04           ,844  ,-1988.4636413230858,-2.3559995750273539
201610   ,13           ,315  ,-1697.8409449921446,-5.3899712539433153
201612   ,14           ,34   ,-76.8319327732607  ,-2.259762728625315
201602   ,03           ,334  ,-931.66979366367559,-2.7894305199511229
201510   ,19           ,134  ,-525.01665916731372,-3.9180347699053275
201512   ,02           ,105  ,-246.657895140903  ,-2.3491228108657434
201503   ,17           ,46   ,-130.48547257237732,-2.8366407080951586
201511   ,07           ,38   ,-92.008968087445112,-2.4212886338801347
201508   ,14           ,11   ,-39.774221943345466,-3.6158383584859517
201911   ,01           ,170  ,-402.84462202725086,-2.3696742472191228
201910   ,14           ,5    ,-19.452825262908927,-3.8905650525817856
201907   ,18           ,9    ,-21.645612847258143,-2.4050680941397933
201702   ,05           ,327  ,-536.447420822052  ,-1.6405119902815044
201708   ,08           ,80   ,-327.35959364227108,-4.0919949205283883
201708   ,14           ,9    ,-20.82575575006036 ,-2.3139728611178176
201608   ,15           ,4    ,-7.2220454701530095,-1.8055113675382524
201709   ,11           ,257  ,-527.06343663658174,-2.0508304927493453
201602   ,11           ,621  ,-2755.8006599914147,-4.4376822222084
201603   ,02           ,240  ,-847.01904838244207,-3.5292460349268415
201601   ,05           ,213  ,-406.63043979000128,-1.9090630976056411
201601   ,02           ,207  ,-977.83638781489117,-4.7238472841299064
201509   ,02           ,157  ,-450.80571521716189,-2.8713739822749162
201909   ,04           ,559  ,-633.80496467130206,-1.1338192570148518
201901   ,12           ,42   ,-128.1958534942859 ,-3.0522822260544262
201911   ,12           ,47   ,-118.75771876870158,-2.5267599738021613
201806   ,15           ,5    ,-14.314898746559379,-2.8629797493118758
201608   ,14           ,5    ,-13.593320937334532,-2.718664187466906
202004   ,06           ,12   ,-23.996629455054126,-1.9997191212545107
201603   ,18           ,26   ,-96.058754203808562,-3.6945674693772519
201611   ,07           ,36   ,-47.148316282765414,-1.309675452299039
201608   ,08           ,130  ,-361.41984420373603,-2.7801526477210463
201610   ,04           ,1413 ,-3297.3541623966366,-2.3335839790492829
201701   ,18           ,19   ,-62.319334399083587,-3.2799649683728203
201711   ,05           ,214  ,-284.87591645311005,-1.3311958712762151
201805   ,08           ,151  ,-414.63774365407863,-2.7459453222124419
201801   ,08           ,53   ,-181.37413356891551,-3.4221534635644435
201712   ,04           ,338  ,-522.49455307591268,-1.5458418730056585
201801   ,07           ,12   ,-37.895812121327907,-3.1579843434439927
201510   ,01           ,460  ,-1637.4976189404501,-3.5597774324792386
201509   ,11           ,79   ,-192.35363541472333,-2.4348561444901669
201505   ,07           ,32   ,-82.25867859877421 ,-2.570583706211695
201909   ,02           ,96   ,-222.53849640845172,-2.3181093375880382
201909   ,06           ,26   ,-48.442199699517829,-1.8631615269045323
201606   ,17           ,97   ,-501.21527376774242,-5.1671677708014681
201912   ,01           ,347  ,-1198.4391577981512,-3.4537151521560561
201812   ,10           ,47   ,-149.80483531091852,-3.1873369215089045
201811   ,06           ,39   ,-102.31382841893789,-2.6234314979214846
202001   ,03           ,503  ,-1087.5831278755079,-2.1621930971680072
201906   ,10           ,27   ,-47.699663010556193,-1.7666541855761553
202003   ,06           ,13   ,-46.971690491251493,-3.6132069608654991
201604   ,04           ,521  ,-1092.7896120326989,-2.0974848599475995
201705   ,09           ,70   ,-233.06655123871326,-3.3295221605530467
201710   ,18           ,30   ,-107.48108083335657,-3.5827026944452189
201805   ,18           ,30   ,-113.38044018255589,-3.7793480060851956
201601   ,04           ,390  ,-957.16362462747441,-2.4542657041730123
201804   ,11           ,302  ,-1318.3973310760844,-4.3655540764108745
201607   ,13           ,28   ,-30.077195356687977,-1.074185548453142
201908   ,02           ,209  ,-756.92541771581921,-3.6216527163436334
201810   ,17           ,28   ,-113.995928635584  ,-4.0712831655565713
201811   ,18           ,12   ,-52.240167139913659,-4.3533472616594722
201703   ,12           ,91   ,-238.73937744198383,-2.6235096422196023
201609   ,04           ,700  ,-1046.5652429664133,-1.4950932042377332
201701   ,14           ,12   ,-28.785824081232811,-2.3988186734360677
201601   ,16           ,38   ,-243.31530287611329,-6.4030342862135115
201705   ,01           ,425  ,-715.42453849547462,-1.6833518552834694
201805   ,05           ,665  ,-1162.6951235054084,-1.7484137195570046
201502   ,06           ,39   ,-115.96041780255035,-2.9733440462192404
201603   ,16           ,31   ,-94.36305994974208 ,-3.0439696757981296
201801   ,16           ,31   ,-137.74250064539808,-4.4433064724321971
201807   ,19           ,188  ,-425.07162165607451,-2.261019264128056
201811   ,05           ,261  ,-691.88259125484831,-2.6508911542331357
201808   ,01           ,292  ,-532.649146084823  ,-1.8241409112493938
201907   ,02           ,118  ,-412.11032100706922,-3.492460347517536
201605   ,15           ,4    ,-17.44795541425373 ,-4.3619888535634326
201806   ,06           ,22   ,-38.369648075177366,-1.7440749125080619
202002   ,17           ,71   ,-472.61748377134887,-6.6565842784697038
201701   ,07           ,47   ,-95.859137860451128,-2.0395561246904492
201608   ,03           ,283  ,-774.68151087515821,-2.7373904977920787
201706   ,05           ,224  ,-299.3901621310024 ,-1.3365632237991181
201610   ,10           ,81   ,-228.66151375815713,-2.8229816513352737
201707   ,20           ,7    ,-16.71491686699067 ,-2.3878452667129531
201511   ,03           ,318  ,-936.77214025287583,-2.9458243404178455
201601   ,09           ,31   ,-202.87159047388502,-6.5442448539962914
201503   ,01           ,326  ,-799.64078163274462,-2.4528858332292778
201602   ,05           ,304  ,-721.32020644461261,-2.3727638369888577
201503   ,13           ,91   ,-463.38041077173489,-5.0920924260630214
201502   ,11           ,120  ,-435.02749792653333,-3.6252291493877777
201605   ,20           ,2    ,-17.27019498607234 ,-8.63509749303617
201902   ,03           ,180  ,-257.90405339066746,-1.432800296614819
201901   ,03           ,157  ,-260.90382398662229,-1.6618077960931359
201901   ,13           ,31   ,-104.74056416067873,-3.378727876150927
201903   ,07           ,28   ,-47.168122732572115,-1.6845758118775755
201701   ,12           ,52   ,-168.19306444447727,-3.2344820085476402
201704   ,05           ,244  ,-424.95118672686669,-1.7416032242904371
201604   ,03           ,166  ,-252.70020703160742,-1.5222904038048639
201610   ,03           ,416  ,-815.94936006021373,-1.9614167309139761
201606   ,07           ,53   ,-135.39564380499894,-2.5546347887735652
201612   ,17           ,65   ,-303.07374966000526,-4.6626730716923879
201801   ,09           ,18   ,-41.305990413522792,-2.2947772451957107
201805   ,09           ,39   ,-120.45934896113479,-3.0887012554137123
201504   ,19           ,191  ,-868.84283887909021,-4.54891538680152
201503   ,16           ,87   ,-230.72324652798255,-2.6519913394020986
201504   ,03           ,673  ,-784.51414758055193,-1.1656970989309829
201601   ,07           ,44   ,-160.08693258209323,-3.6383393768657544
201510   ,07           ,13   ,-34.717438328457654,-2.6705721791121264
201712   ,20           ,3    ,-4.7683942542554307,-1.5894647514184768
201504   ,07           ,25   ,-59.902598273330717,-2.3961039309332288
201905   ,04           ,683  ,-804.659150209706  ,-1.1781246708780468
202001   ,14           ,7    ,-2.4763061276348495,-0.3537580182335498
201903   ,06           ,26   ,-74.367494261576283,-2.8602882408298576
201910   ,17           ,34   ,-115.10370521556197,-3.3854030945753526
201811   ,10           ,69   ,-275.40818327140892,-3.991422945962448
201911   ,13           ,51   ,-130.48644922753016,-2.5585578279907866
202005   ,11           ,17   ,-55.597733506269364,-3.2704549121334927
201702   ,18           ,29   ,-115.94309540562982,-3.9980377726079239
201708   ,02           ,164  ,-430.63127739554142,-2.6258004719240331
201608   ,13           ,36   ,-83.422345263662052,-2.317287368435057
201708   ,15           ,3    ,-9.727708781336549 ,-3.24256959377885
201803   ,05           ,395  ,-777.33531610575142,-1.967937509128485
201801   ,15           ,9    ,-30.939179236272981,-3.437686581808109
201802   ,02           ,450  ,-1736.4807000961007,-3.8588460002135565
201705   ,14           ,16   ,-35.214149652441733,-2.2008843532776083
201508   ,05           ,329  ,-856.56555973850016,-2.6035427347674793
201809   ,07           ,17   ,-38.436774711218   ,-2.260986747718706
201910   ,12           ,74   ,-259.33729094265584,-3.5045579857115663
201807   ,10           ,26   ,-61.914666885427806,-2.3813333417472231
201910   ,13           ,36   ,-83.572266158452862,-2.3214518377348017
201611   ,10           ,24   ,-62.858107843254459,-2.6190878268022688
201708   ,06           ,54   ,-213.08197302057255,-3.945962463343935
201709   ,04           ,504  ,-598.495311856815  ,-1.1874906981286013
201802   ,12           ,48   ,-118.90799206687342,-2.4772498347265297
201810   ,08           ,51   ,-160.52630146671248,-3.1475745385629894
201810   ,03           ,149  ,-288.012735690247  ,-1.9329713804714559
201806   ,12           ,58   ,-102.93266051850752,-1.7747010434225436
201907   ,16           ,26   ,-77.590484170996149,-2.9842493911921597
201812   ,16           ,72   ,-239.48448319120126,-3.3261733776555733
202002   ,05           ,270  ,-567.93616226863332,-2.1034672676616046
202002   ,10           ,19   ,-62.895325312413746,-3.3102802796007236
202002   ,15           ,14   ,-32.230597848599743,-2.3021855606142676
202003   ,08           ,61   ,-179.37828868568647,-2.9406276833719094
201610   ,01           ,321  ,-1076.5918507958186,-3.35386869406797
201705   ,15           ,10   ,-32.479184544269508,-3.247918454426951
201505   ,08           ,276  ,-931.52657093759   ,-3.3750962715130077
201503   ,04           ,967  ,-1629.1119502714857,-1.684707290870203
201510   ,10           ,34   ,-129.99037875504263,-3.8232464339718431
201507   ,19           ,96   ,-322.00569649399415,-3.3542260051457728
201502   ,13           ,69   ,-335.46969152803661,-4.86187958736285
201602   ,19           ,130  ,-527.38987317632893,-4.0568451782794552
201804   ,06           ,45   ,-165.02397376714936,-3.6671994170477631
201712   ,17           ,21   ,-74.890504499733609,-3.5662144999873147
201807   ,17           ,66   ,-111.06019890793013,-1.6827302864837899
201908   ,01           ,388  ,-859.35930810249   ,-2.2148435775837374
201912   ,05           ,395  ,-1053.4809883997214,-2.6670404769613194
201906   ,08           ,95   ,-248.9676194441947 ,-2.620711783623102
201905   ,14           ,8    ,-36.269814836350811,-4.5337268545438514
201605   ,19           ,158  ,-319.02593983434713,-2.019151517938905
201805   ,14           ,7    ,-5.8133133731017006,-0.83047333901452858
201601   ,10           ,12   ,-41.341827257842752,-3.4451522714868958
201902   ,12           ,75   ,-155.43435856349842,-2.0724581141799789
201902   ,17           ,83   ,-360.56025464297909,-4.3440994535298687
202005   ,06           ,11   ,-46.586057648739185,-4.23509614988538
201901   ,11           ,162  ,-737.72368767391856,-4.5538499239130772
201809   ,19           ,106  ,-281.51055942298308,-2.655759994556445
201911   ,08           ,63   ,-126.33609676240401,-2.0053348692445079
201904   ,07           ,53   ,-100.9648949957005 ,-1.9049980187868023
201907   ,17           ,25   ,-134.7095573421112 ,-5.3883822936844474
201906   ,09           ,12   ,-49.773151751062045,-4.1477626459218371
202004   ,07           ,34   ,-78.88378787256994 ,-2.3201114080167629
201708   ,17           ,43   ,-231.57883124516266,-5.3855542150037836
201612   ,10           ,18   ,-67.0767630694855  ,-3.7264868371936384
201511   ,09           ,23   ,-116.35735331870438,-5.059015361682798
201709   ,07           ,39   ,-43.404444054325154,-1.112934462931414
201711   ,19           ,67   ,-221.29563079627346,-3.3029198626309468
201805   ,06           ,58   ,-142.50253179826427,-2.4569402034183496
201504   ,04           ,1054 ,-2224.4299446053983,-2.1104648430791269
201505   ,11           ,319  ,-1409.3414992534811,-4.4179984302616981
201710   ,14           ,1    ,-1.15671642883343  ,-1.15671642883343
201712   ,18           ,12   ,-61.804698028265577,-5.1503915023554647
201712   ,02           ,101  ,-192.40362082596621,-1.9049863448115467
201902   ,10           ,35   ,-121.46400303538924,-3.470400086725407
202001   ,02           ,150  ,-353.2288638690689 ,-2.3548590924604595
202001   ,12           ,40   ,-93.293951124809254,-2.332348778120231
202001   ,16           ,36   ,-98.368035098679556,-2.7324454194077656
201903   ,15           ,2    ,-9.82711555959964  ,-4.91355777979982
202004   ,14           ,3    ,3.7608856899535597 ,1.2536285633178532
202005   ,09           ,9    ,-30.504861168648063,-3.3894290187386731
201702   ,09           ,130  ,-188.44522828290468,-1.4495786790992666
201703   ,18           ,17   ,-96.356532245109321,-5.668031308535844
201708   ,01           ,222  ,-571.457638260165  ,-2.5741335056764187
201708   ,10           ,30   ,-128.60748724530691,-4.28691624151023
201609   ,17           ,31   ,-89.944791587097185,-2.90144488990636
201803   ,13           ,101  ,-323.84858221764256,-3.2064216061152728
201601   ,01           ,263  ,-1058.4212634644325,-4.024415450435102
201605   ,11           ,229  ,-787.55412692728862,-3.4391009909488597
201503   ,09           ,55   ,-184.82527763247947,-3.360459593317807
201604   ,19           ,76   ,-268.24094446274626,-3.5294861113519236
201605   ,18           ,40   ,-82.652748827913612,-2.0663187206978404
201504   ,13           ,65   ,-133.62602963565004,-2.0557850713176928
201502   ,12           ,32   ,-86.600536485215059,-2.70626676516297
201511   ,19           ,86   ,-323.71263790310917,-3.7641004407338268
201703   ,20           ,2    ,-8.9331619537275   ,-4.46658097686375
201806   ,14           ,10   ,-10.76044687670235 ,-1.076044687670235
201909   ,11           ,104  ,-383.9679971164399 ,-3.6919999722734609
201905   ,01           ,173  ,-305.92143677850197,-1.7683320045000117
201912   ,15           ,2    ,-3.14606741573034  ,-1.57303370786517
202005   ,19           ,34   ,-122.44599083404296,-3.601352671589499
201708   ,13           ,60   ,-220.84324146508317,-3.6807206910847192
201610   ,06           ,46   ,-98.1524345218696  ,-2.1337485765623825
201511   ,10           ,25   ,-88.724401756163   ,-3.5489760702465212
201711   ,10           ,29   ,-52.932990974843825,-1.8252755508566838
201509   ,17           ,43   ,-127.32747942553597,-2.9611041726868819
201605   ,10           ,21   ,-48.387495237231292,-2.3041664398681565
201506   ,12           ,73   ,-163.43709974575404,-2.2388643800788226
201502   ,10           ,7    ,-12.08957244350491 ,-1.7270817776435585
201503   ,10           ,23   ,-92.225663866106984,-4.0098114724394334
201807   ,11           ,409  ,-1033.7620109039833,-2.5275354789828444
201908   ,13           ,24   ,-113.74878648153305,-4.7395327700638763
201812   ,01           ,270  ,-717.79226826979425,-2.658489882480719
201809   ,17           ,43   ,-216.41132706628198,-5.0328215596809764
201907   ,13           ,23   ,-48.580592787933483,-2.1121996864318904
201911   ,16           ,18   ,-28.279529133283102,-1.5710849518490613
201611   ,15           ,11   ,-18.099498557583708,-1.6454089597803372
201704   ,01           ,259  ,-1156.5990481856763,-4.4656333906782857
201706   ,07           ,51   ,-155.92823753939726,-3.0574164223411229
201610   ,18           ,21   ,-73.049226044240143,-3.4785345735352449
201803   ,12           ,108  ,-409.33170720080267,-3.7901084000074325
201801   ,03           ,70   ,-137.69353303933056,-1.9670504719904369
201801   ,10           ,9    ,-20.349059201514059,-2.2610065779460067
201802   ,03           ,136  ,-262.32755747345897,-1.9288790990695508
201507   ,05           ,408  ,-621.680883291887  ,-1.5237276551271746
201504   ,01           ,306  ,-766.09272394590243,-2.5035709932872638
201512   ,12           ,20   ,-71.679172345478719,-3.5839586172739382
201806   ,01           ,194  ,-394.919286890089  ,-2.0356664272685006
201806   ,05           ,257  ,-333.25071834947721,-1.2966954021380435
201812   ,07           ,18   ,-13.856045467445282,-0.76978030374696
201907   ,05           ,260  ,-391.49124314759393,-1.5057355505676697
201907   ,03           ,289  ,-431.71056910471816,-1.4938081975941806
201903   ,01           ,154  ,-328.16022383707343,-2.1309105443965803
201903   ,16           ,24   ,-55.048593358897982,-2.2936913899540823
201806   ,08           ,52   ,-93.3466456205991  ,-1.7951278003961368
202002   ,02           ,198  ,-748.457079051871  ,-3.7800862578377332
201611   ,17           ,27   ,-90.785038114061763,-3.3624088190393246
201608   ,16           ,51   ,-101.31917842272767,-1.9866505573083857
201706   ,02           ,182  ,-495.47616418616968,-2.7223965065174154
201706   ,08           ,74   ,-163.12282491337686,-2.2043624988294175
201604   ,16           ,20   ,-88.645191844674358,-4.4322595922337173
201610   ,08           ,133  ,-294.919069804284  ,-2.2174366150698042
201709   ,12           ,83   ,-255.76244659057167,-3.0814752601273692
201805   ,03           ,718  ,-1182.9198235917765,-1.6475206456709979
201710   ,16           ,18   ,-38.417903443403929,-2.1343279690779964
201506   ,02           ,174  ,-458.32369457216305,-2.6340442216790971
201509   ,18           ,13   ,-60.926436125745383,-4.6866489327496446
201810   ,13           ,25   ,-97.998212267965442,-3.9199284907186187
201909   ,05           ,394  ,-1113.2041387648233,-2.8253912151391467
201902   ,16           ,24   ,-90.875442090985985,-3.7864767537910828
201903   ,13           ,28   ,-115.33486918544035,-4.1191024709085831
202002   ,08           ,74   ,-276.22278931890821,-3.7327403962014634
202004   ,13           ,12   ,-45.739607983346495,-3.8116339986122085
201608   ,19           ,83   ,-302.98651875288078,-3.6504399849744673
201607   ,03           ,186  ,-346.28811715977014,-1.8617640707514524
201603   ,10           ,43   ,-148.99088155999112,-3.4649042223253743
201509   ,01           ,301  ,-747.02009405612637,-2.4817943324123806
201603   ,05           ,222  ,-614.3701664792419 ,-2.7674331823389271
201502   ,08           ,42   ,-132.75355383698474,-3.1607989008805872
201603   ,14           ,12   ,-46.163614306254019,-3.8469678588545011
201607   ,10           ,20   ,-32.601721829715508,-1.6300860914857751
201711   ,14           ,5    ,1.69491525423728   ,0.33898305084745606
201912   ,02           ,305  ,-1267.6075120845846,-4.1560902035560154
201911   ,04           ,654  ,-1053.2954449180227,-1.6105434937584444
201906   ,16           ,35   ,-106.85019060755111,-3.0528625887871739
201702   ,06           ,42   ,-77.678541498721017,-1.849489083302881
201703   ,03           ,355  ,-559.29708739169848,-1.5754847532160521
201705   ,19           ,81   ,-224.357551924739  ,-2.7698463200585057
201705   ,11           ,171  ,-425.06711259127343,-2.4857725882530612
201712   ,08           ,45   ,-66.150425902145429,-1.4700094644921207
201505   ,09           ,35   ,-47.584278852890009,-1.3595508243682863
201802   ,10           ,79   ,-407.02203706865453,-5.1521776844133464
201502   ,07           ,10   ,-15.881924919342097,-1.5881924919342099
201502   ,09           ,16   ,-59.154374015564926,-3.6971483759728083
201807   ,04           ,1052 ,-1342.2789853296376,-1.2759305944198081
201809   ,04           ,725  ,-1681.0935908807396,-2.3187497805251587
201907   ,10           ,23   ,-83.096474384624884,-3.6128901906358646
201903   ,08           ,52   ,-144.2812320507737 ,-2.774639077899494
202002   ,11           ,228  ,-735.34296777582824,-3.2251884551571415
201806   ,10           ,15   ,-38.253867346945242,-2.5502578231296829
201708   ,16           ,46   ,-128.39711919849429,-2.7912417217063972
201609   ,07           ,15   ,-12.089515242662731,-0.80596768284418208
201612   ,09           ,33   ,-62.005924861435759,-1.8789674200435078
201607   ,05           ,222  ,-477.55961102529182,-2.1511694190328456
201705   ,05           ,357  ,-594.26425674494271,-1.6646057611903173
201601   ,03           ,256  ,-672.40073062133877,-2.626565353989605
201512   ,05           ,236  ,-341.2796517101    ,-1.4461002191105936
201508   ,16           ,16   ,-56.493202482292396,-3.5308251551432757
201607   ,17           ,57   ,-238.70274307212878,-4.1877674223180481
201806   ,04           ,647  ,-778.820288284383  ,-1.2037407856018278
201606   ,19           ,187  ,-627.31926796184939,-3.3546484917745962
201905   ,16           ,24   ,-76.0535956049957  ,-3.1688998168748208
201812   ,17           ,48   ,-110.84434245062837,-2.309257134388091
201808   ,17           ,179  ,-1359.0484752541204,-7.5924495824252549
201903   ,02           ,107  ,-230.67417957260861,-2.1558334539496138
201909   ,16           ,19   ,-41.714621974283993,-2.1955064196991576
201906   ,03           ,197  ,-281.48983962225583,-1.4288824346307405
202004   ,18           ,14   ,-63.892225275874374,-4.56373037684817
202003   ,04           ,341  ,-1007.1639935132712,-2.9535600982793877
202005   ,10           ,24   ,-118.14206793704115,-4.9225861640433806
201707   ,11           ,300  ,-960.49890300431616,-3.2016630100143875
201704   ,12           ,55   ,-183.75150813249004,-3.3409365114998195
201711   ,07           ,22   ,-46.453422899596909,-2.1115192227089508
201705   ,10           ,51   ,-228.170104648262  ,-4.4739236205541566
201512   ,03           ,146  ,-309.05291652649748,-2.1168007981266954
201510   ,11           ,161  ,-673.93990321797446,-4.1859621317886573
201804   ,19           ,75   ,-301.83222555865848,-4.0244296741154466
201506   ,07           ,31   ,-38.298770575637356,-1.2354442121173346
201509   ,07           ,34   ,-113.06033653237137,-3.3253040156579803
201604   ,12           ,21   ,-67.72124698847044 ,-3.2248212851652589
201607   ,06           ,40   ,-77.7839660111554  ,-1.9445991502788849
201806   ,09           ,36   ,-62.089391459731857,-1.7247053183258849
201907   ,06           ,38   ,-74.511476536963386,-1.9608283299200893
201909   ,15           ,12   ,-39.995049056165968,-3.3329207546804973
201911   ,10           ,48   ,-68.66109399465617 ,-1.4304394582220037
201906   ,18           ,8    ,-21.266878632739044,-2.6583598290923804
201903   ,14           ,8    ,-15.662401564871992,-1.9578001956089988
202003   ,07           ,26   ,-43.861547047865841,-1.6869825787640707
201703   ,15           ,15   ,-17.747559482273815,-1.1831706321515878
201610   ,07           ,39   ,-73.20072818293319 ,-1.8769417482803388
201609   ,19           ,116  ,-389.90599566287085,-3.36125858330061
201506   ,05           ,245  ,-575.4831560715312 ,-2.34891084110829
201502   ,02           ,120  ,-520.23829848191031,-4.33531915401592
201503   ,07           ,31   ,-47.929176588632039,-1.5461024706010336
201506   ,06           ,44   ,-106.34396064687834,-2.4169081965199624
201508   ,06           ,75   ,-216.62197927350692,-2.8882930569800931
201509   ,09           ,34   ,-62.052908499214745,-1.8250855440945515
201601   ,08           ,90   ,-321.65874164705912,-3.5739860183006558
201603   ,09           ,42   ,-112.88930250314228,-2.687840535789102
201503   ,14           ,10   ,-24.676757320668969,-2.4676757320668976
201806   ,16           ,25   ,-92.277321536520532,-3.6910928614608212
201905   ,05           ,265  ,-522.3418569343678 ,-1.9711013469221426
201905   ,02           ,132  ,-233.97690210907729,-1.7725522887051306
201901   ,16           ,30   ,-52.628782754023412,-1.754292758467447
201809   ,05           ,344  ,-993.9713371884211 ,-2.8894515615942469
201902   ,14           ,3    ,-14.509072487795885,-4.8363574959319617
202003   ,02           ,83   ,-240.11722376346825,-2.8929785995598576
201608   ,11           ,190  ,-806.01582424397282,-4.2421885486524875
201609   ,10           ,11   ,-31.157620644017214,-2.8325109676379285
201509   ,06           ,55   ,-143.45553009647205,-2.608282365390401
201507   ,04           ,680  ,-1216.5954408926252,-1.7891109424891543
201512   ,07           ,27   ,-99.983687594863738,-3.7030995405505083
201505   ,01           ,556  ,-1470.4416899973064,-2.6446792985563055
201804   ,16           ,57   ,-206.4866348576997 ,-3.622572541363152
201607   ,16           ,41   ,-138.35201249741283,-3.37443932920519
201909   ,13           ,48   ,-177.02030699549076,-3.6879230624060568
201810   ,14           ,10   ,-17.194124457760239,-1.7194124457760238
201904   ,08           ,59   ,-113.95619827886804,-1.9314609877774247
201901   ,15           ,5    ,1.24890513675079   ,0.24978102735015795
201910   ,02           ,120  ,-342.90448967666163,-2.8575374139721808
201908   ,18           ,30   ,-177.28684965218125,-5.9095616550727073
201906   ,12           ,79   ,-202.58413950411978,-2.56435619625468
201709   ,10           ,3    ,-11.82728760279927 ,-3.94242920093309
202001   ,09           ,28   ,-93.1009753225086  ,-3.3250348329467365
201707   ,12           ,122  ,-329.54716514505924,-2.7012062716808143
201611   ,19           ,143  ,-465.52877160676763,-3.2554459552920805
201610   ,12           ,74   ,-281.55805026636727,-3.8048385171130708
201612   ,01           ,451  ,-1419.2024128375945,-3.1467902723671717
201512   ,13           ,66   ,-230.3248189468579 ,-3.4897699840433019
201503   ,19           ,316  ,-1611.0546806906875,-5.0982743059831872
201512   ,19           ,134  ,-479.36952900381488,-3.5773845448045885
201511   ,02           ,153  ,-428.98684539728737,-2.8038355908319423
201601   ,18           ,228  ,-1523.0744608630844,-6.6801511441363379
201510   ,09           ,63   ,-150.16570610966556,-2.3835826366613588
201511   ,14           ,20   ,-68.924550039048526,-3.4462275019524267
201807   ,16           ,23   ,-58.534282314995934,-2.5449687963041709
201908   ,16           ,18   ,-17.995766658332229,-0.99976481435179043
201912   ,11           ,360  ,-1837.8256548853356,-5.1050712635703768
201911   ,02           ,120  ,-291.95483239267151,-2.4329569366055952
201808   ,07           ,41   ,-107.38525099470723,-2.6191524632855425
202001   ,01           ,223  ,-511.59319452813986,-2.2941398857764121
201906   ,07           ,19   ,-19.563124878400313,-1.029638151494753
202005   ,08           ,58   ,-202.57496984283353,-3.4926718938419579
202003   ,18           ,18   ,-89.01310207620287 ,-4.9451723375668255
201702   ,03           ,476  ,-802.78682095309591,-1.686526934775411
201703   ,05           ,264  ,-250.36034138413237,-0.94833462645504674
201708   ,18           ,35   ,-106.88181905133561,-3.0537662586095888
201708   ,07           ,19   ,-45.6994801312124  ,-2.4052357963796
201512   ,01           ,167  ,-543.0312990387697 ,-3.2516844253818551
201803   ,10           ,86   ,-363.00196279412734,-4.2209530557456656
201711   ,13           ,22   ,-45.251898306628711,-2.0569044684831232
201505   ,03           ,454  ,-649.30542247785456,-1.4301881552375653
201507   ,16           ,50   ,-145.14934492692376,-2.9029868985384741
201810   ,02           ,166  ,-504.85478644436876,-3.0412938942431849
201808   ,04           ,1788 ,-2820.0073138946655,-1.5771852985988071
201808   ,05           ,394  ,-935.2793065151684 ,-2.3738053464851983
201704   ,03           ,211  ,-476.71524448053458,-2.2593139548840506
201704   ,14           ,10   ,-59.8105132924665  ,-5.9810513292466512
201604   ,11           ,110  ,-355.137885183966  ,-3.2285262289451437
201705   ,07           ,32   ,-80.4539001750652  ,-2.514184380470788
201803   ,03           ,180  ,-455.1074283503832 ,-2.5283746019465734
201512   ,04           ,450  ,-982.9616834481568 ,-2.1843592965514573
201802   ,01           ,263  ,-973.29461152185979,-3.7007399677637252
201802   ,19           ,141  ,-493.3570700724888 ,-3.4989863125708434
201612   ,15           ,8    ,-1.6258040456897707,-0.20322550571122133
201602   ,08           ,161  ,-465.79607843888192,-2.8931433443408805
201805   ,20           ,5    ,-26.766716786291823,-5.353343357258364
201508   ,09           ,30   ,-54.674298669749305,-1.8224766223249769
201606   ,06           ,65   ,-27.231367955529056,-0.41894412239275491
201905   ,15           ,8    ,-4.4484363245559218,-0.55605454056949022
201901   ,09           ,54   ,-96.318948896433866,-1.7836842388228495
202001   ,05           ,451  ,-1278.3313567778378,-2.8344375981770238
201510   ,14           ,2    ,-1.83180682764362  ,-0.91590341382181
201808   ,15           ,10   ,24.995086650657626 ,2.4995086650657625
201903   ,10           ,7    ,-25.423524446855964,-3.6319320638365657
202005   ,03           ,26   ,-55.867433803709872,-2.1487474539888409
201704   ,09           ,52   ,-161.26076512258646,-3.1011685600497403
201706   ,18           ,37   ,-148.26982599162022,-4.0072925943681135
201701   ,16           ,49   ,-111.20350136866877,-2.2694592116054846
201709   ,02           ,205  ,-370.45994463317135,-1.8071216811374207
201709   ,08           ,101  ,-173.7437619273378 ,-1.7202352666073051
201709   ,17           ,45   ,-251.32156044045436,-5.5849235653434306
201711   ,17           ,38   ,-139.21184408749698,-3.6634695812499212
201507   ,09           ,98   ,-283.27157014443668,-2.8905262259636397
201605   ,12           ,75   ,-206.93807503995833,-2.759174333866111
201502   ,17           ,20   ,-76.292486038652783,-3.8146243019326391
201508   ,12           ,74   ,-166.31129494399246,-2.2474499316755745
201510   ,12           ,32   ,-114.0399314314211 ,-3.5637478572319079
201602   ,12           ,72   ,-261.73828706186822,-3.635253986970393
201509   ,16           ,26   ,-81.255174756531687,-3.1251990290973728
201712   ,07           ,23   ,-29.244970211846947,-1.2715204439933456
201606   ,01           ,312  ,-837.62198609798554,-2.6846858528781588
201905   ,19           ,115  ,-286.08856077585722,-2.4877266154422366
201808   ,19           ,119  ,-534.28593273015167,-4.4897977540348881
201910   ,04           ,624  ,-639.17103229025668,-1.0243125517472067
201902   ,20           ,4    ,-18.172377985462081,-4.54309449636552
202005   ,18           ,4    ,-21.111045236260161,-5.27776130906504
201611   ,03           ,253  ,-405.83158098997086,-1.6040773952172758
201611   ,09           ,82   ,-329.85417383304832,-4.0226118760127836
201708   ,03           ,107  ,-225.69109484951986,-2.1092625686871016
201706   ,16           ,32   ,-108.05705388718613,-3.3767829339745674
201612   ,19           ,250  ,-1118.9849492327271,-4.4759397969309083
201803   ,16           ,66   ,-192.93822067679795,-2.9233063738908784
201508   ,01           ,202  ,-727.94677427308272,-3.603696902341996
201601   ,06           ,46   ,-85.686408678292608,-1.8627480147454911
201804   ,09           ,96   ,-307.28230495465067,-3.2008573432776117
201605   ,03           ,189  ,-337.04636818502354,-1.7833141173810767
201512   ,17           ,35   ,-63.733717023000345,-1.8209633435142958
201505   ,15           ,14   ,-43.942182417986679,-3.1387273155704771
201608   ,10           ,25   ,-65.627588069308729,-2.6251035227723496
201909   ,01           ,280  ,-675.98631426994984,-2.4142368366783917
201908   ,17           ,93   ,-549.84647896166643,-5.9123277307706044
201501   ,08           ,3    ,-22.1248066013409  ,-7.3749355337803
201906   ,05           ,285  ,-495.30821524518274,-1.7379235622637992
201609   ,03           ,271  ,-417.91699580848115,-1.5421291358246536
201707   ,15           ,7    ,-30.259489627647458,-4.3227842325210659
201602   ,04           ,1230 ,-3488.2010944338913,-2.8359358491332451
201510   ,17           ,78   ,-323.38898047762586,-4.1460125702259711
201805   ,07           ,31   ,7.6630931670944342 ,0.2471965537772402
201802   ,16           ,22   ,-32.82323568835254 ,-1.4919652585614791
201804   ,01           ,411  ,-1235.4053851246513,-3.0058525185514635
201504   ,14           ,4    ,-12.897940966760459,-3.2244852416901151
201501   ,11           ,5    ,4.45066849865244   ,0.890133699730488
201502   ,16           ,10   ,-33.530625684773135,-3.3530625684773137
201607   ,11           ,116  ,-312.23927101050128,-2.6917178535388051
201811   ,09           ,30   ,-45.864778547607841,-1.528825951586928
201607   ,20           ,8    ,-49.159281935880848,-6.144910241985106
201811   ,20           ,2    ,-0.5838198498749   ,-0.29190992493745
201702   ,10           ,92   ,-138.56588787959862,-1.5061509552130286
201703   ,13           ,101  ,-337.12808235224588,-3.3379018054677805
201709   ,05           ,401  ,-559.19373702253836,-1.3944980973130625
201801   ,17           ,39   ,-181.90708584309453,-4.6642842523870387
201602   ,10           ,136  ,-488.64280340421232,-3.5929617897368553
201601   ,13           ,83   ,-595.42511263052415,-7.1737965377171573
201504   ,10           ,18   ,-39.094104210570173,-2.1718946783650104
201509   ,13           ,163  ,-428.27276310124944,-2.6274402644248416
201510   ,16           ,65   ,-187.77394458794973,-2.8888299167376879
201506   ,08           ,105  ,-229.71265073935149,-2.1877395308509668
201601   ,15           ,2    ,-9.94671403197158  ,-4.97335701598579
201602   ,15           ,4    ,-8.3093089773900388,-2.0773272443475097
201807   ,02           ,212  ,-479.5247993044444 ,-2.261909430681341
201807   ,18           ,23   ,-58.735226383680484,-2.5537054949426294
201811   ,17           ,65   ,-319.61933313007364,-4.9172205096934407
201901   ,14           ,6    ,-21.120965125310939,-3.52016085421849
201702   ,08           ,117  ,-263.5752852526947 ,-2.252780215834997
201702   ,16           ,70   ,-253.27286548800743,-3.6181837926858211
201702   ,14           ,42   ,-122.17053758508715,-2.9088223234544559
201703   ,11           ,171  ,-799.19491347087751,-4.6736544647419738
201701   ,06           ,48   ,-90.273908452942933,-1.8807064261029778
201705   ,02           ,341  ,-859.72501930550652,-2.5211877398988456
201705   ,08           ,97   ,-225.99512100993525,-2.3298466083498477
201709   ,16           ,35   ,-91.639585501437992,-2.6182738714696567
201803   ,07           ,32   ,-97.866381584930537,-3.0583244245290797
201801   ,19           ,57   ,-156.23363410821773,-2.7409409492669772
201605   ,01           ,306  ,-960.2633342511989 ,-3.1381154714091459
201510   ,13           ,32   ,-91.812721832698728,-2.8691475572718357
201606   ,13           ,184  ,-760.981627698456  ,-4.1357697157524775
202002   ,07           ,44   ,-176.947242716806  ,-4.0215282435637718
202002   ,12           ,38   ,-124.99193037714241,-3.2892613257142735
201906   ,11           ,109  ,-331.13754753979265,-3.0379591517412168
201904   ,14           ,3    ,-22.477303398356007,-7.49243446611867
201909   ,14           ,3    ,-18.392134181607858,-6.1307113938692872
201707   ,04           ,2912 ,-5385.8231281894286,-1.8495271731419756
201608   ,12           ,58   ,-236.58938054274117,-4.0791272507369172
201610   ,09           ,86   ,-361.2738636032372 ,-4.20085887910741
201609   ,02           ,286  ,-769.96465334466461,-2.6921841026037221
201612   ,05           ,238  ,-586.50508555239855,-2.4643070821529354
201612   ,04           ,803  ,-2069.2026468641698,-2.5768401579877587
201710   ,05           ,329  ,-631.78138972248337,-1.920308175448278
201805   ,12           ,37   ,-85.77813776052318 ,-2.3183280475817081
201802   ,05           ,242  ,-554.57836014025384,-2.2916461162820414
201710   ,09           ,28   ,-87.689890302927054,-3.131781796533109
201502   ,19           ,118  ,-628.543239265755  ,-5.3266376208962214
201712   ,13           ,9    ,-26.328024794370087,-2.925336088263343
201805   ,15           ,3    ,-1.54611503052391  ,-0.51537167684130336
201807   ,05           ,434  ,-666.58521989657686,-1.5359106449229887
201509   ,20           ,2    ,-6.86274509803922  ,-3.43137254901961
201810   ,12           ,14   ,-38.683783662544229,-2.7631274044674448
201912   ,04           ,1177 ,-2243.3832734021917,-1.9060180742584465
201812   ,19           ,131  ,-551.65218847656854,-4.21108540821808
201811   ,13           ,53   ,-180.50033317867721,-3.4056666637486268
201907   ,04           ,559  ,-663.5933063226978 ,-1.1871078825092982
201904   ,11           ,128  ,-259.35775765612118,-2.0262324816884467
201702   ,15           ,18   ,-63.079645745506248,-3.5044247636392361
201703   ,10           ,49   ,-136.57391084611831,-2.7872226703289456
201611   ,16           ,91   ,-287.99387402943808,-3.1647678464773419
201608   ,01           ,355  ,-1079.7165637668581,-3.0414551092024169
201708   ,12           ,42   ,-128.99395559098855,-3.0712846569282997
201612   ,07           ,42   ,-119.49682719151176,-2.8451625521788517
201709   ,01           ,303  ,-717.99685842244355,-2.3696265954536089
201803   ,09           ,238  ,-991.25991639391941,-4.1649576319072263
201604   ,05           ,169  ,-195.72264697433292,-1.1581221714457572
201506   ,11           ,211  ,-700.19590463231862,-3.3184640029967709
201508   ,17           ,43   ,-182.58109371370739,-4.2460719468304076
201506   ,13           ,153  ,-605.0392321916097 ,-3.9545047855660771
201507   ,02           ,85   ,-196.22534557930871,-2.3085334774036297
201604   ,14           ,22   ,-40.369879130936205,-1.8349945059516455
201908   ,15           ,20   ,-42.496968192553311,-2.1248484096276652
201811   ,08           ,93   ,-301.10587043892991,-3.2376975316013974
201808   ,03           ,534  ,-685.32753155286082,-1.2833848905484286
201903   ,09           ,52   ,-126.93570197349437,-2.4410711917979686
201907   ,15           ,4    ,2.0405455311409098 ,0.51013638278522744
201806   ,20           ,4    ,-22.8813559322034  ,-5.72033898305085
202004   ,17           ,18   ,-82.192016430929783,-4.5662231350516542
201702   ,19           ,106  ,-277.20885820334706,-2.6151779075787456
201702   ,11           ,331  ,-1225.6253034469073,-3.7027954786915624
201608   ,07           ,15   ,-33.112700647814847,-2.20751337652099
201607   ,04           ,474  ,-895.58122723853694,-1.8894118718112602
201511   ,11           ,88   ,-332.52708785098736,-3.778716907397583
201510   ,05           ,313  ,-551.77681047480883,-1.7628652091846937
201505   ,05           ,470  ,-860.2113255095087 ,-1.83023686278619
201603   ,13           ,32   ,-134.09446230535002,-4.1904519470421873
201507   ,08           ,63   ,-123.74336980388092,-1.9641804730774739
201505   ,13           ,27   ,-87.572331507620419,-3.2434196854674231
201602   ,09           ,75   ,-271.26107364920733,-3.6168143153227641
201601   ,11           ,216  ,-1017.5249118348466,-4.71076348071688
201605   ,06           ,39   ,-108.72687137091214,-2.7878684966900544
201507   ,07           ,25   ,-54.699911007456606,-2.1879964402982641
201604   ,17           ,27   ,-109.05883242712615,-4.0392160158194894
201512   ,18           ,8    ,-16.10099724032677 ,-2.0126246550408462
201806   ,17           ,18   ,-69.072910480744568,-3.8373839155969209
201908   ,09           ,24   ,-66.493564407513759,-2.7705651836464069
201606   ,04           ,677  ,-1243.637725210531 ,-1.8369833459535176
201812   ,09           ,38   ,-147.57694567848989,-3.8836038336444707
201808   ,11           ,162  ,-541.75291829151138,-3.3441538166142686
201903   ,12           ,38   ,-88.390610528329375,-2.3260686981139314
202001   ,18           ,18   ,-81.195181714871467,-4.5108434286039705
201906   ,01           ,170  ,-338.72707422206673,-1.992512201306275
201703   ,19           ,94   ,-273.72991725974509,-2.9120203963802673
201802   ,08           ,113  ,-289.29433695741562,-2.5601268757293423
201502   ,03           ,247  ,-556.57868471025517,-2.2533549988269477
201508   ,15           ,10   ,-50.766294490814587,-5.0766294490814587
201509   ,08           ,111  ,-302.85669059243304,-2.728438653985882
201802   ,07           ,38   ,-12.691132617318237,-0.3339771741399537
201506   ,17           ,40   ,-126.24942868349981,-3.156235717087494
201508   ,07           ,7    ,-7.7247491414014808,-1.1035355916287828
201807   ,12           ,115  ,-148.45662281131311,-1.2909271548809833
201905   ,18           ,18   ,-51.300891548529975,-2.8500495304738878
201809   ,09           ,46   ,-144.10335427546951,-3.13268161468412
201911   ,05           ,197  ,-239.8211848580921 ,-1.2173664205994523
201910   ,19           ,115  ,-286.14349766942837,-2.4882043275602466
201907   ,14           ,5    ,-15.1103859020834  ,-3.02207718041668
202003   ,17           ,32   ,-114.47500732498264,-3.577343978905708
201505   ,18           ,53   ,-202.19187551148008,-3.8149410473864163
201504   ,05           ,318  ,-583.64335641779019,-1.8353564667226094
201601   ,19           ,103  ,-335.59993453053011,-3.2582517915585445
201509   ,15           ,10   ,-48.029249459587085,-4.8029249459587078
201806   ,19           ,140  ,-463.33124029974726,-3.3095088592839095
201905   ,13           ,27   ,-92.692243562570539,-3.4330460578729833
201912   ,07           ,57   ,-189.41233748984206,-3.3230234647340713
201901   ,19           ,118  ,-386.19140291316626,-3.2728084992641207
201811   ,01           ,340  ,-1244.5420964605044,-3.66041793076619
201809   ,03           ,275  ,-799.355521718639  ,-2.906747351704142
201907   ,11           ,134  ,-491.02849684329749,-3.6643917674872943
201907   ,09           ,25   ,-41.865408875895476,-1.6746163550358186
201911   ,09           ,21   ,-66.696817094905541,-3.1760389092812158
201910   ,09           ,12   ,-22.677279390081463,-1.8897732825067886
201904   ,13           ,28   ,-48.886859130708864,-1.7459592546681737
202004   ,20           ,4    ,-17.377953083644879,-4.34448827091122
201702   ,02           ,417  ,-940.84119843802182,-2.2562139051271508
201707   ,03           ,830  ,-1830.6974288710994,-2.2056595528567469
201611   ,05           ,270  ,-317.11149298071473,-1.1744870110396839
201704   ,07           ,22   ,-48.647306165342904,-2.2112411893337689
201704   ,15           ,10   ,-43.329725929853211,-4.3329725929853211
201711   ,09           ,30   ,-38.091803743164206,-1.2697267914388068
201801   ,18           ,20   ,-77.217304366456517,-3.8608652183228265
201510   ,03           ,309  ,-606.06928710094633,-1.9613892786438394
201802   ,14           ,6    ,-16.013530267604761,-2.66892171126746
201810   ,16           ,29   ,-103.66581475783356,-3.5746832675115021
201908   ,11           ,254  ,-820.11627448303045,-3.228804230248151
201812   ,02           ,376  ,-1169.1858033265764,-3.1095367109749374
201903   ,05           ,142  ,-171.71305538243746,-1.2092468688904046
201701   ,08           ,89   ,-250.95928297684267,-2.8197672244589063
201704   ,19           ,113  ,-375.64283315935529,-3.3242728598173028
201608   ,02           ,317  ,-953.94314142065832,-3.0092843577938768
201609   ,11           ,248  ,-951.41756585184521,-3.8363611526284087
201705   ,12           ,63   ,-150.19199182430572,-2.383999870227075
201805   ,02           ,248  ,-514.940666188659  ,-2.0763736539865278
201710   ,08           ,50   ,-123.09859565150711,-2.4619719130301427
201503   ,08           ,102  ,-305.77949867975673,-2.997838222350556
201602   ,07           ,46   ,-175.96378456403656,-3.8252996644355783
201801   ,13           ,26   ,-124.73384397997458,-4.79745553769133
201512   ,09           ,22   ,-53.594809604298547,-2.4361277092862972
201908   ,14           ,25   ,-80.853987757166962,-3.2341595102866778
201809   ,10           ,28   ,-79.611986830506126,-2.8432852439466481
201904   ,17           ,32   ,-105.02956050317604,-3.2821737657242513
201812   ,06           ,23   ,-13.958470218967911,-0.60689000952034389
201904   ,15           ,2    ,-5.2295918367346905,-2.6147959183673453
202001   ,10           ,19   ,-69.018779826355512,-3.632567359281869
202004   ,03           ,50   ,-139.30767391554764,-2.7861534783109527
201611   ,18           ,28   ,-171.43960133429016,-6.1228429047960775
201701   ,04           ,611  ,-952.96517602280085,-1.5596811391535204
201503   ,11           ,237  ,-925.180929007429  ,-3.9037170000313464
201503   ,06           ,99   ,-327.57805368546218,-3.3088692291460831
201507   ,15           ,4    ,-18.443804034582161,-4.61095100864554
201607   ,12           ,57   ,-128.03313753327498,-2.2461953953206137
201607   ,19           ,94   ,-364.98674177019296,-3.8828376784063083
201904   ,02           ,141  ,-254.95311080240032,-1.8081780907971656
