MonthYear,EventRootCode,Count,SumAvgToneNumSources,AvgAvgToneNumSources
201709   ,19           ,93   ,-370.0667657347197  ,-3.979212534781932
201907   ,18           ,14   ,-33.418852372990919 ,-2.3870608837850655
201907   ,06           ,40   ,-132.69062305554397 ,-3.3172655763886
201803   ,13           ,4    ,-12.460176991150441 ,-3.11504424778761
201612   ,06           ,31   ,-62.021330680286468 ,-2.0006880864608543
201505   ,07           ,32   ,-159.51834269331968 ,-4.9849482091662409
201508   ,19           ,47   ,-196.22451373197867 ,-4.1749896538718847
201504   ,03           ,114  ,-231.74920094578769 ,-2.0328877275946291
201808   ,08           ,22   ,-55.887018156590656 ,-2.5403190071177564
201505   ,13           ,21   ,-107.78222481926251 ,-5.132486896155358
201908   ,02           ,90   ,-362.00286781480656 ,-4.0222540868311834
202001   ,08           ,29   ,-61.731718316224736 ,-2.1286799419387838
202004   ,14           ,3    ,-5.61069981415471   ,-1.8702332713849035
201812   ,07           ,7    ,-12.806463904085751 ,-1.8294948434408214
201707   ,05           ,110  ,-45.434885250861662 ,-0.41304441137146952
201704   ,17           ,11   ,-37.09054268086367  ,-3.3718675164421521
201801   ,11           ,91   ,-510.13843794793348 ,-5.60591690052674
201807   ,14           ,3    ,-2.70471638433963   ,-0.90157212811320986
202003   ,13           ,6    ,-14.60130037619891  ,-2.4335500626998186
202001   ,06           ,24   ,-122.89248037711842 ,-5.1205200157132671
201908   ,16           ,13   ,-62.953682363313781 ,-4.8425909510241372
201905   ,11           ,62   ,-257.86583084801532 ,-4.1591263040002477
201711   ,18           ,2    ,-6.32716049382716   ,-3.16358024691358
201808   ,10           ,4    ,-28.2481042996756   ,-7.0620260749189
201707   ,04           ,1051 ,-705.43316836923634 ,-0.67120187285369748
201707   ,17           ,19   ,1.1303360108688425  ,0.059491368993097059
201803   ,05           ,117  ,-98.470075448351551 ,-0.84162457648163713
201802   ,12           ,38   ,-189.35983989372713 ,-4.9831536814138717
201711   ,09           ,14   ,-37.368027199537124 ,-2.6691447999669378
201705   ,02           ,29   ,-29.543115757679594 ,-1.0187281295751585
201804   ,02           ,31   ,-82.147820879285533 ,-2.6499297057834039
201509   ,17           ,12   ,-34.6186964339833   ,-2.8848913694986082
201809   ,17           ,4    ,-25.886425381288323 ,-6.47160634532208
202003   ,12           ,9    ,-23.42106241320726  ,-2.60234026813414
201504   ,17           ,23   ,-31.567987591017953 ,-1.3725211996094764
201811   ,10           ,24   ,-90.2362469160586   ,-3.7598436215024424
201909   ,16           ,5    ,-16.0515472118434   ,-3.21030944236868
201709   ,18           ,3    ,-30.794217842749728 ,-10.264739280916576
201606   ,18           ,14   ,-87.957726634815486 ,-6.2826947596296776
201610   ,16           ,1    ,-3.09278350515464   ,-3.09278350515464
201804   ,09           ,1    ,-1.9559902200489    ,-1.9559902200489
202004   ,13           ,2    ,-7.03781512605042   ,-3.51890756302521
201610   ,02           ,21   ,-75.035169769364572 ,-3.5731033223506934
201811   ,01           ,68   ,-263.11933240679537 ,-3.8694019471587553
201605   ,01           ,87   ,-167.50686482590777 ,-1.9253662623667569
201512   ,17           ,24   ,-135.13211196005781 ,-5.6305046650024089
201906   ,17           ,24   ,-80.425827132057236 ,-3.3510761305023853
201706   ,06           ,6    ,-10.65504104981895  ,-1.7758401749698252
201903   ,17           ,16   ,-21.833787923699852 ,-1.3646117452312405
201910   ,17           ,25   ,-141.83214973889534 ,-5.6732859895558141
201602   ,10           ,11   ,-29.855419315359374 ,-2.7141290286690336
202001   ,12           ,24   ,-95.376103806470724 ,-3.9740043252696138
202002   ,02           ,44   ,-31.232832073588568 ,-0.70983709258155847
201905   ,08           ,19   ,-72.329822619446531 ,-3.8068327694445552
201905   ,09           ,9    ,-46.31183243546257  ,-5.1457591594958414
201812   ,06           ,12   ,-45.471646237704633 ,-3.789303853142052
201503   ,14           ,7    ,-14.603906041472429 ,-2.0862722916389185
201607   ,16           ,9    ,-21.47861018893121  ,-2.3865122432145789
201605   ,07           ,12   ,2.7275815947836306  ,0.2272984662319692
201608   ,14           ,1    ,2.04841713221602    ,2.04841713221602
201707   ,18           ,4    ,-8.18797672881527   ,-2.0469941822038176
202004   ,07           ,8    ,27.690860089155358  ,3.46135751114442
201702   ,12           ,19   ,-33.22005500687532  ,-1.7484239477302799
201703   ,17           ,47   ,-376.80582281066876 ,-8.0171451661844451
201801   ,15           ,2    ,-1.582047606291149  ,-0.79102380314557452
201706   ,17           ,11   ,-47.414108580800175 ,-4.310373507345469
201712   ,08           ,22   ,-65.291686687239491 ,-2.9678039403290675
201803   ,07           ,17   ,1.3945511196695595  ,0.0820324188040916
201802   ,07           ,24   ,-6.4713392657889166 ,-0.2696391360745386
201509   ,02           ,38   ,-127.99066919770175 ,-3.3681755052026765
201603   ,04           ,93   ,-116.66237093958111 ,-1.2544340961245286
201911   ,05           ,49   ,-49.6858001445335   ,-1.0139959213170102
201908   ,17           ,21   ,-109.90382547917794 ,-5.2335154990084742
201912   ,05           ,122  ,-546.54814780725019 ,-4.4799028508791
201508   ,10           ,3    ,-2.26244343891404   ,-0.7541478129713467
201904   ,18           ,4    ,-9.13571391967124   ,-2.28392847991781
201908   ,20           ,2    ,-20.7317073170732   ,-10.3658536585366
201511   ,14           ,2    ,-1.355932203389818  ,-0.677966101694909
201702   ,17           ,35   ,-102.89201194799895 ,-2.9397717699428272
201608   ,04           ,360  ,-619.48061108712022 ,-1.7207794752420009
201608   ,19           ,100  ,-500.31240238041784 ,-5.0031240238041779
201803   ,12           ,29   ,-156.48084559455205 ,-5.395891227398347
201907   ,11           ,34   ,-97.702665682649226 ,-2.8736078141955654
201711   ,02           ,110  ,-118.43264716745691 ,-1.0766604287950625
201802   ,08           ,75   ,-338.98719608063755 ,-4.5198292810751663
201709   ,09           ,15   ,-23.489468108960661 ,-1.5659645405973772
201509   ,12           ,37   ,-139.12020299914579 ,-3.7600054864633989
201508   ,03           ,82   ,-59.121781017420318 ,-0.72099732948073569
201507   ,04           ,132  ,-167.32967754132764 ,-1.2676490722827847
201503   ,04           ,219  ,-439.65896057017579 ,-2.0075751624208933
201705   ,09           ,9    ,-41.480707616300833 ,-4.6089675129223142
201902   ,12           ,12   ,-31.794539237770991 ,-2.649544936480916
201806   ,17           ,20   ,-37.279265495032718 ,-1.8639632747516361
201903   ,03           ,23   ,25.124164408022978  ,1.0923549742618688
201603   ,20           ,1    ,-7.21649484536082   ,-7.21649484536082
201607   ,05           ,61   ,-104.59026233858697 ,-1.7145944645669995
201508   ,15           ,2    ,-1.61943319838058   ,-0.80971659919029
201704   ,08           ,36   ,-156.29575618920109 ,-4.341548783033363
201704   ,02           ,12   ,-14.267689153972224 ,-1.1889740961643511
201801   ,17           ,40   ,-298.2072943055702  ,-7.455182357639254
201708   ,11           ,136  ,-687.75624385197364 ,-5.0570312047939234
201804   ,16           ,7    ,-24.781204654405759 ,-3.5401720934865377
201510   ,07           ,13   ,-14.88609814348408  ,-1.1450844725756983
201711   ,06           ,20   ,-9.6116055188186973 ,-0.48058027594093466
201704   ,11           ,35   ,-136.23130853052922 ,-3.8923231008722632
201710   ,01           ,27   ,-49.321291345109785 ,-1.8267144942633253
201705   ,18           ,5    ,-26.262187040642793 ,-5.2524374081285581
201706   ,08           ,19   ,-21.054745861717475 ,-1.1081445190377617
201604   ,08           ,26   ,-71.957331139875649 ,-2.7675896592259868
201512   ,06           ,12   ,-12.851625600249175 ,-1.0709688000207644
201906   ,18           ,6    ,-28.637416149516888 ,-4.7729026915861485
201901   ,12           ,10   ,-26.411545809756038 ,-2.6411545809756034
201810   ,10           ,22   ,-113.4851559105478  ,-5.1584161777521729
202001   ,16           ,4    ,-18.137366509459518 ,-4.53434162736488
202005   ,10           ,1    ,-3.72340425531915   ,-3.72340425531915
201702   ,19           ,60   ,-260.00653874022566 ,-4.3334423123370946
201601   ,04           ,432  ,-360.34562372019121 ,-0.83413338824118355
201711   ,13           ,15   ,-23.610674098426081 ,-1.574044939895072
201912   ,02           ,30   ,-69.100227884141034 ,-2.3033409294713678
201806   ,03           ,50   ,-10.361736825554264 ,-0.20723473651108526
201705   ,08           ,21   ,-61.284669968815862 ,-2.91831761756266
201809   ,03           ,27   ,-6.5431887839239256 ,-0.24234032533051578
201612   ,09           ,11   ,-102.35729046296953 ,-9.3052082239063214
201607   ,11           ,55   ,-216.36114827791616 ,-3.9338390595984758
201803   ,14           ,6    ,-1.0311365515418598 ,-0.17185609192364359
201709   ,16           ,3    ,-5.01358235413326   ,-1.67119411804442
201503   ,10           ,3    ,-12.63932868210944  ,-4.2131095607031472
201907   ,16           ,3    ,-17.450139541215709 ,-5.8167131804052365
201904   ,14           ,4    ,-13.65526545738139  ,-3.4138163643453474
201903   ,16           ,3    ,-4.4811320754717006 ,-1.4937106918239
201608   ,02           ,27   ,-66.872631448463224 ,-2.47676412772086
201709   ,02           ,215  ,-734.14056697508806 ,-3.4146072882562235
201712   ,06           ,8    ,-16.557039087576008 ,-2.069629885947001
201912   ,17           ,12   ,-39.5645446855603   ,-3.2970453904633592
201705   ,17           ,17   ,-77.548792918805333 ,-4.5616937011061953
201609   ,05           ,64   ,-18.924233273797842 ,-0.29569114490309151
201801   ,20           ,4    ,-21.507970740705439 ,-5.37699268517636
201902   ,08           ,38   ,-121.59412477235681 ,-3.1998453887462319
201703   ,15           ,3    ,10.25179856115108   ,3.41726618705036
201604   ,02           ,40   ,-73.2385223808754   ,-1.8309630595218849
201503   ,17           ,14   ,-58.859651461474087 ,-4.2042608186767207
201810   ,12           ,21   ,-78.147092053571086 ,-3.7212900977890988
201809   ,07           ,7    ,-14.326119091345321 ,-2.0465884416207603
201512   ,02           ,31   ,20.627870431332546  ,0.6654151752042754
201707   ,07           ,18   ,-13.224735955332012 ,-0.73470755307400037
201910   ,12           ,12   ,-37.0674861462585   ,-3.0889571788548751
201907   ,07           ,6    ,0.648746870839588   ,0.10812447847326462
201807   ,12           ,26   ,-35.763836677774471 ,-1.3755321799144029
201603   ,12           ,9    ,-13.348348128281192 ,-1.4831497920312433
201504   ,16           ,4    ,-12.43152099009831  ,-3.1078802475245775
201705   ,15           ,2    ,-11.820781696854141 ,-5.91039084842707
201702   ,11           ,66   ,-149.63955590400343 ,-2.2672659985455068
201712   ,02           ,43   ,-153.82259674614076 ,-3.5772696917707156
201610   ,07           ,12   ,-0.74101145158230075,-0.061750954298525146
201711   ,11           ,87   ,-431.61854122567911 ,-4.9611326577664272
201804   ,17           ,21   ,-82.845583312562155 ,-3.9450277767886739
201703   ,20           ,3    ,-10.50658757812797  ,-3.50219585937599
201711   ,16           ,8    ,-21.363256235482638 ,-2.67040702943533
201603   ,06           ,14   ,-43.150682386783132 ,-3.0821915990559385
201509   ,19           ,101  ,-491.56025889143672 ,-4.8669332563508583
201510   ,12           ,21   ,-40.574767114602409 ,-1.9321317673620195
201506   ,10           ,6    ,-14.75096123296176  ,-2.45849353882696
201605   ,06           ,16   ,-25.5095231394463   ,-1.5943451962153938
201506   ,07           ,23   ,-31.020147851133483 ,-1.3487020804840641
201507   ,17           ,26   ,-194.82271586601391 ,-7.4931813794620741
201703   ,16           ,7    ,4.7171656868201621  ,0.67388081240288034
201804   ,12           ,9    ,-13.690486105345329 ,-1.5211651228161478
201712   ,10           ,9    ,-31.399405820831554 ,-3.4888228689812832
201810   ,03           ,50   ,-121.95445583599137 ,-2.4390891167198276
201903   ,12           ,7    ,-21.162389799353022 ,-3.0231985427647174
201506   ,20           ,6    ,-37.260831012784251 ,-6.2101385021307083
201512   ,07           ,2    ,-1.0577685597511    ,-0.52888427987555
201905   ,06           ,12   ,-27.037679492106442 ,-2.2531399576755367
201605   ,14           ,2    ,4.19790104947526    ,2.09895052473763
201911   ,10           ,2    ,-8.96969696969696   ,-4.48484848484848
202004   ,17           ,19   ,-88.896175779193712 ,-4.6787460936417746
201707   ,12           ,29   ,-86.808201356857609 ,-2.9933862536847449
201701   ,08           ,54   ,-153.855734934254   ,-2.8491802765602587
201805   ,05           ,38   ,-55.382852767271771 ,-1.4574434938755729
201706   ,07           ,25   ,-26.04630586942994  ,-1.0418522347771977
201610   ,12           ,6    ,-7.66485787434669   ,-1.2774763123911148
201610   ,11           ,42   ,-124.46245751937224 ,-2.9633918456993387
201610   ,17           ,9    ,-25.457404409300498 ,-2.8286004899222781
201503   ,03           ,34   ,-7.3555094839864958 ,-0.21633851423489697
201804   ,01           ,54   ,-359.39692235590672 ,-6.6554985621464215
201806   ,01           ,45   ,-58.940914379040578 ,-1.3097980973120129
201706   ,18           ,16   ,-17.522618362116877 ,-1.0951636476323046
201909   ,10           ,21   ,-88.671305413010515 ,-4.2224431149052624
201909   ,06           ,28   ,-107.94556493626493 ,-3.8551987477237475
201507   ,12           ,6    ,-15.167901587679388 ,-2.527983597946565
202002   ,04           ,120  ,-169.57788290144737 ,-1.4131490241787283
201807   ,20           ,2    ,-2.65682656826568   ,-1.32841328413284
201606   ,03           ,124  ,-163.0120160161226  ,-1.3146130323880854
201906   ,10           ,12   ,-36.828728132903564 ,-3.0690606777419629
201904   ,15           ,4    ,-6.08541016094301   ,-1.5213525402357524
201611   ,10           ,2    ,2.20264317180618    ,1.10132158590309
201801   ,06           ,26   ,-130.45003327074903 ,-5.017308971951886
201803   ,11           ,152  ,-1059.5130649320001 ,-6.9704806903421055
201710   ,18           ,7    ,-24.63386600775338  ,-3.5191237153933397
201806   ,06           ,4    ,-11.612989412982721 ,-2.90324735324568
201601   ,17           ,17   ,-39.222373472326    ,-2.3071984395485892
201705   ,06           ,23   ,-36.474335631581425 ,-1.5858406796339755
201510   ,02           ,26   ,-14.333512791215178 ,-0.55128895350827589
201508   ,05           ,94   ,-127.51151815370736 ,-1.3565055122734824
201911   ,02           ,5    ,-16.661333983591142 ,-3.332266796718228
201903   ,19           ,61   ,-216.12848008342982 ,-3.5430898374332758
201903   ,02           ,28   ,-32.377092757782947 ,-1.1563247413493909
201910   ,02           ,20   ,-18.208909854255328 ,-0.91044549271276642
201911   ,06           ,10   ,-55.7470466858821   ,-5.57470466858821
201906   ,06           ,6    ,18.357670937227361  ,3.0596118228712266
201607   ,20           ,1    ,-2.45098039215687   ,-2.45098039215687
201907   ,10           ,2    ,-4.24278137890396   ,-2.12139068945198
202005   ,05           ,65   ,-113.90599723779663 ,-1.7523999575045632
201807   ,19           ,45   ,-160.32977717930439 ,-3.5628839373178751
201812   ,19           ,38   ,-105.56619022320386 ,-2.7780576374527333
201805   ,08           ,7    ,-12.32308785828198  ,-1.7604411226117112
201605   ,02           ,33   ,9.7933399211722918  ,0.29676787639916025
201911   ,13           ,14   ,-37.9032459414698   ,-2.7073747101049856
201806   ,02           ,37   ,-61.887373499786605 ,-1.6726317162104487
201605   ,10           ,6    ,-21.224030541428121 ,-3.5373384235713532
201705   ,19           ,25   ,-115.70663423054674 ,-4.6282653692218689
201509   ,14           ,5    ,-15.903884847546831 ,-3.1807769695093659
201901   ,08           ,14   ,-8.244460723574063  ,-0.58889005168386133
201507   ,14           ,4    ,-10.745573384094049 ,-2.6863933460235123
201906   ,14           ,2    ,-2.52100840336134   ,-1.26050420168067
201810   ,16           ,5    ,-0.82785741895367   ,-0.165571483790734
201607   ,12           ,34   ,-110.34940297204903 ,-3.245570675648501
201609   ,10           ,10   ,-30.988546078154339 ,-3.0988546078154342
201912   ,15           ,2    ,-10.811737859138951 ,-5.4058689295694755
202005   ,19           ,42   ,-155.68845400766745 ,-3.7068679525635111
201611   ,16           ,8    ,-39.803102097789846 ,-4.9753877622237308
201907   ,05           ,83   ,-81.519758055159031 ,-0.98216575970071129
201709   ,13           ,31   ,-185.70413949047929 ,-5.9904561125961058
201610   ,14           ,26   ,-82.589287023345619 ,-3.1765110393594473
201503   ,01           ,47   ,-123.00563163794014 ,-2.6171410986795776
201912   ,01           ,55   ,-143.94178331050529 ,-2.6171233329182781
201605   ,05           ,88   ,-14.193679706403614 ,-0.16129181484549546
201503   ,19           ,61   ,-318.1902989494676  ,-5.2162344090076624
201809   ,04           ,154  ,-179.6102718043162  ,-1.1663004662617937
201809   ,18           ,4    ,-22.037745177655268 ,-5.5094362944138169
201512   ,12           ,6    ,-17.746524485406702 ,-2.9577540809011165
201510   ,16           ,4    ,-12.195028566809761 ,-3.04875714170244
201909   ,09           ,5    ,-0.83245408438250978,-0.16649081687650191
202003   ,01           ,34   ,-103.43512842326604 ,-3.0422096595078245
201802   ,06           ,56   ,-191.89795479116822 ,-3.4267491926994333
201802   ,17           ,37   ,-134.50886726913205 ,-3.6353747910576235
201806   ,18           ,3    ,-9.42831064427707   ,-3.1427702147590235
201705   ,12           ,17   ,-52.103158993826256 ,-3.0648917055191918
201502   ,08           ,5    ,-18.042279978091731 ,-3.6084559956183462
201511   ,08           ,26   ,-67.462238534166929 ,-2.5947014820833432
201605   ,17           ,30   ,-119.97195389121315 ,-3.9990651297071054
201908   ,05           ,157  ,-665.24838420445576 ,-4.2372508548054517
201708   ,18           ,4    ,0.83333333333332    ,0.20833333333333
201602   ,02           ,53   ,-89.563592352416848 ,-1.6898791009889977
201512   ,09           ,6    ,-9.2032178655662413 ,-1.53386964426104
202002   ,01           ,62   ,-267.1277036363656  ,-4.3085113489736386
201901   ,06           ,12   ,12.340879366563634  ,1.0284066138803027
202004   ,10           ,5    ,-17.441438964921829 ,-3.4882877929843659
201708   ,12           ,21   ,-96.944744279588065 ,-4.616416394266099
201509   ,03           ,40   ,-82.421785904477872 ,-2.0605446476119469
201506   ,01           ,21   ,-53.276153161490434 ,-2.5369596743566869
201712   ,03           ,23   ,5.2426163382322279  ,0.22793984079270557
201903   ,04           ,165  ,-196.47192538197288 ,-1.1907389417089267
201903   ,05           ,47   ,-38.211628293857309 ,-0.81301336795441081
202001   ,17           ,53   ,-419.02745242396531 ,-7.906178347621986
201904   ,11           ,40   ,-136.64504203276528 ,-3.4161260508191322
201904   ,09           ,7    ,-51.460521738653469 ,-7.3515031055219247
201501   ,04           ,5    ,-0.2079218473010398 ,-0.04158436946020827
201702   ,04           ,444  ,-331.47957506766772 ,-0.746575619521774
201702   ,06           ,10   ,-29.846967730945689 ,-2.9846967730945688
201802   ,01           ,183  ,-1080.9572816712064 ,-5.9068703916459349
201812   ,04           ,144  ,-353.26625603012718 ,-2.4532378890981055
201602   ,13           ,21   ,-49.156170835442012 ,-2.3407700397829529
201505   ,01           ,54   ,-101.78783255698805 ,-1.8849598621664452
201810   ,05           ,61   ,-45.637966200623843 ,-0.74816338033809537
201606   ,13           ,9    ,-9.46104486404372   ,-1.0512272071159687
201707   ,13           ,3    ,1.3818239131127399  ,0.46060797103757967
202002   ,19           ,28   ,-129.24918272225457 ,-4.616042240080521
201812   ,02           ,22   ,-96.350806431701955 ,-4.3795821105319064
202003   ,20           ,2    ,-12.44239631336406  ,-6.22119815668203
201611   ,04           ,154  ,-158.0912713384744  ,-1.0265666970030805
201701   ,01           ,73   ,-108.31876115771414 ,-1.4838186459960843
201608   ,07           ,7    ,-13.512003059542231 ,-1.9302861513631757
201505   ,05           ,110  ,-234.46162774109141 ,-2.1314693431008314
201503   ,06           ,19   ,0.719170904716353   ,0.037851100248229068
201711   ,07           ,4    ,8.18167268071237    ,2.0454181701780927
201804   ,10           ,1    ,-4.67571644042233   ,-4.67571644042233
201512   ,03           ,24   ,-43.620981209640163 ,-1.8175408837350067
201510   ,06           ,26   ,-32.762994828993783 ,-1.26011518573053
202003   ,10           ,2    ,-8.85070565154104   ,-4.42535282577052
201704   ,06           ,8    ,2.4884996134971793  ,0.31106245168714741
201909   ,19           ,138  ,-579.51813271691219 ,-4.1994067588182062
202002   ,12           ,29   ,-199.15121595455761 ,-6.86728330877785
201806   ,14           ,5    ,-4.68353588635662   ,-0.936707177271324
201910   ,14           ,1    ,-2.28571428571428   ,-2.28571428571428
202002   ,15           ,1    ,-2.79069767441861   ,-2.79069767441861
201511   ,16           ,3    ,0.0                 ,0.0
202005   ,17           ,15   ,-53.394981952826271 ,-3.5596654635217511
201803   ,03           ,112  ,-121.58860040865638 ,-1.0856125036487174
201601   ,11           ,163  ,-472.30129434848618 ,-2.8975539530582
201711   ,14           ,3    ,-17.87160208212838  ,-5.9572006940427933
201511   ,18           ,1    ,-1.33928571428572   ,-1.33928571428572
201808   ,12           ,22   ,-69.660526347241316 ,-3.1663875612382415
201604   ,01           ,38   ,-80.013824875183587 ,-2.1056269703995678
201908   ,08           ,57   ,-255.67048665429115 ,-4.48544713428581
201908   ,09           ,9    ,-28.598274802191721 ,-3.1775860891324132
201905   ,01           ,51   ,-172.0706470453124  ,-3.3739342557904397
201905   ,02           ,49   ,-182.52097714469832 ,-3.72491790091221
201607   ,10           ,15   ,-98.273239818727333 ,-6.5515493212484879
201704   ,03           ,33   ,41.608772374780649  ,1.2608718901448683
201801   ,03           ,34   ,-40.576923262016507 ,-1.1934389194710739
201604   ,05           ,72   ,-108.5658014972587  ,-1.5078583541285937
201511   ,11           ,44   ,-238.09265219953852 ,-5.4111966408986021
201602   ,17           ,29   ,-191.83027875326943 ,-6.6148371983886012
201906   ,02           ,16   ,-9.00406952273175   ,-0.56275434517073442
201811   ,12           ,4    ,-11.519911335320639 ,-2.87997783383016
201902   ,04           ,197  ,-466.3526900538717  ,-2.3672725383445261
201810   ,11           ,76   ,-400.30992327098295 ,-5.2672358325129345
201904   ,01           ,41   ,-92.695829580653623 ,-2.2608738922110643
201602   ,16           ,8    ,-3.52928617341776   ,-0.44116077167722006
201812   ,11           ,28   ,-122.19425775228358 ,-4.3640806340101275
201812   ,03           ,21   ,4.6065322540004026  ,0.21935867876192416
201906   ,12           ,9    ,-4.6752658854974607 ,-0.5194739872774955
201607   ,04           ,449  ,-1169.4493154961021 ,-2.604564177051452
201607   ,03           ,105  ,-423.45173646853726 ,-4.0328736806527372
202002   ,09           ,4    ,-29.329237071172557 ,-7.3323092677931392
201503   ,15           ,2    ,-2.000798287310861  ,-1.0003991436554305
201602   ,04           ,301  ,-471.27339105145472 ,-1.5656923290746005
201712   ,11           ,36   ,-110.08889153760069 ,-3.0580247649333527
201703   ,02           ,40   ,-52.624367790443458 ,-1.3156091947610862
201609   ,11           ,30   ,-87.012372119675575 ,-2.9004124039891859
201508   ,08           ,19   ,-47.735546796985368 ,-2.5123971998413355
201811   ,09           ,10   ,-42.716002188018152 ,-4.2716002188018152
201804   ,06           ,13   ,-40.694319088856176 ,-3.1303322376043212
201605   ,16           ,5    ,-13.39954084150529  ,-2.6799081683010582
202001   ,02           ,63   ,-170.60132086835324 ,-2.7079574741008448
201606   ,08           ,52   ,-91.352162273653    ,-1.7567723514164038
201705   ,16           ,2    ,-1.78739778739778   ,-0.89369889369889011
201905   ,15           ,2    ,4.04040404040404    ,2.02020202020202
202003   ,07           ,9    ,-30.187497218570787 ,-3.3541663576189764
201801   ,18           ,20   ,-134.85139515675368 ,-6.7425697578376855
201608   ,09           ,40   ,-72.041232649723923 ,-1.8010308162430981
201706   ,05           ,59   ,-21.211339605727055 ,-0.35951423060554311
201811   ,04           ,242  ,-391.65628070944115 ,-1.618414383096864
201612   ,19           ,251  ,-1602.7214780899114 ,-6.3853445342227548
201703   ,12           ,28   ,-200.02827869734094 ,-7.1438670963336088
201909   ,08           ,71   ,-329.69985295921765 ,-4.6436599008340513
201701   ,11           ,20   ,-47.866468904109844 ,-2.3933234452054917
201606   ,01           ,104  ,-120.57445828370804 ,-1.1593697911895
201906   ,05           ,47   ,-59.631395805031147 ,-1.2687531022347058
201904   ,12           ,87   ,-5.4785733813456137 ,-0.062972107831558627
201512   ,16           ,7    ,-32.710701987032841 ,-4.6729574267189768
201607   ,13           ,7    ,-34.737661915427182 ,-4.9625231307753133
201507   ,08           ,7    ,-15.925897387999949 ,-2.2751281982857074
201903   ,14           ,8    ,-15.18405943937856  ,-1.89800742992232
202004   ,01           ,27   ,-65.176103831938775 ,-2.4139297715532875
202005   ,02           ,18   ,-10.284054359038722 ,-0.57133635327992893
201608   ,11           ,89   ,-363.10160662914984 ,-4.0797933329117955
201703   ,05           ,87   ,-102.23345789697706 ,-1.175097217206633
201708   ,17           ,47   ,-259.22636321194392 ,-5.5154545364243379
201706   ,01           ,50   ,-105.35714729632576 ,-2.1071429459265154
201601   ,08           ,19   ,-54.002950698074528 ,-2.8422605630565543
201512   ,04           ,145  ,-311.56527240884657 ,-2.1487260166127347
201511   ,06           ,14   ,7.4311214978522706  ,0.53079439270373363
201605   ,03           ,38   ,-48.233626411432404 ,-1.2693059581955892
201909   ,12           ,20   ,-63.101359157688073 ,-3.1550679578844032
201612   ,14           ,11   ,-15.94907470595253  ,-1.449915882359321
201604   ,18           ,3    ,-10.130261077046869 ,-3.3767536923489563
201605   ,13           ,2    ,0.0                 ,0.0
201506   ,16           ,5    ,-21.021620337372312 ,-4.2043240674744622
202004   ,20           ,1    ,-10.6382978723404   ,-10.6382978723404
201702   ,03           ,82   ,-16.50737400513993  ,-0.20130943908707244
201708   ,02           ,95   ,-426.42431034355593 ,-4.4886769509847992
201709   ,04           ,257  ,-787.15960285020356 ,-3.0628778321019596
201801   ,01           ,112  ,-790.86004421519942 ,-7.0612503947785656
201709   ,12           ,34   ,-171.01051736915736 ,-5.0297210990928631
201912   ,04           ,241  ,-950.952143089603   ,-3.9458595148946154
201809   ,01           ,79   ,-215.04617423091975 ,-2.7221034712774652
201701   ,03           ,47   ,29.068990196976074  ,0.61848915312715069
201712   ,09           ,8    ,-22.764406918419319 ,-2.8455508648024144
201502   ,19           ,8    ,-44.282802094226064 ,-5.535350261778258
202002   ,17           ,12   ,-45.022484385006663 ,-3.7518736987505554
201508   ,18           ,11   ,-16.307615797575728 ,-1.4825105270523389
201805   ,10           ,2    ,-1.4618547281864    ,-0.7309273640932
201609   ,09           ,8    ,-17.481335127726531 ,-2.1851668909658164
201702   ,18           ,2    ,-3.74787052810902   ,-1.87393526405451
201706   ,16           ,1    ,-0.10351966873706   ,-0.10351966873706
201702   ,01           ,110  ,-163.12533783723981 ,-1.48295761670218
201805   ,12           ,15   ,-27.391639932454382 ,-1.8261093288302919
201712   ,13           ,5    ,-23.524210918577555 ,-4.7048421837155123
201712   ,14           ,1    ,-0.38314176245211   ,-0.38314176245211
201806   ,05           ,43   ,-9.63321432507741   ,-0.22402824011807931
201504   ,12           ,23   ,-36.094689136228361 ,-1.5693343102707982
201602   ,11           ,101  ,-319.90068772532055 ,-3.1673335418348576
201510   ,05           ,77   ,-63.637145822195549 ,-0.82645643924929291
201808   ,06           ,22   ,-126.99556445419091 ,-5.7725256570086776
201808   ,20           ,1    ,-5.07246376811594   ,-5.07246376811594
201910   ,07           ,7    ,-15.770366453683922 ,-2.2529094933834171
201506   ,08           ,11   ,-38.389316342529376 ,-3.4899378493208526
201505   ,10           ,2    ,-8.13420304830793   ,-4.0671015241539648
201907   ,15           ,2    ,5.76496674057648    ,2.88248337028824
201904   ,17           ,10   ,-38.902231014978319 ,-3.8902231014978321
201710   ,13           ,3    ,-18.516915814319439 ,-6.1723052714398134
201502   ,12           ,2    ,5.38599640933574    ,2.69299820466787
202003   ,11           ,19   ,-34.357516928114165 ,-1.8082903646375881
201602   ,03           ,104  ,-13.266659491372002 ,-0.12756403357088469
201709   ,06           ,12   ,-29.770989646315158 ,-2.4809158038595962
201508   ,11           ,30   ,-97.095499748091356 ,-3.2365166582697125
201505   ,06           ,27   ,-35.615370681208042 ,-1.3190878030077056
201909   ,13           ,20   ,-55.531041295789485 ,-2.7765520647894744
201510   ,13           ,10   ,-38.004358083122291 ,-3.8004358083122289
201612   ,08           ,46   ,-146.89384718736605 ,-3.1933445040731754
201504   ,09           ,4    ,-23.859991852558757 ,-5.9649979631396892
201901   ,17           ,12   ,-74.6724645241999   ,-6.2227053770166583
201507   ,10           ,6    ,-23.382272937873061 ,-3.89704548964551
201901   ,09           ,3    ,-20.624321087374312 ,-6.8747736957914372
202004   ,02           ,9    ,-23.30880461299153  ,-2.5898671792212813
201702   ,14           ,1    ,-2.97397769516729   ,-2.97397769516729
201907   ,08           ,16   ,-71.10262262280132  ,-4.4439139139250825
201807   ,08           ,19   ,-49.546128231236061 ,-2.60769095953874
201708   ,15           ,4    ,-25.79122939894269  ,-6.4478073497356725
201804   ,04           ,225  ,-912.64323101679724 ,-4.056192137852431
201812   ,01           ,70   ,-159.16572284134526 ,-2.2737960405906463
201710   ,02           ,27   ,-42.072449583965771 ,-1.5582388734802139
201711   ,17           ,31   ,-135.42279666239091 ,-4.36847731169003
201504   ,07           ,18   ,-32.331955184840979 ,-1.7962197324911655
201704   ,18           ,10   ,-34.11367652718495  ,-3.4113676527184955
201605   ,08           ,21   ,-93.152324292613685 ,-4.4358249663149358
201511   ,12           ,8    ,-20.45393385690447  ,-2.5567417321130583
201910   ,19           ,65   ,-409.306953213043   ,-6.29703004943143
201706   ,09           ,13   ,-11.084602134829122 ,-0.85266170267916341
202001   ,10           ,11   ,-45.832155112773727 ,-4.1665595557067014
202002   ,05           ,40   ,-58.47903785865158  ,-1.4619759464662891
201701   ,06           ,12   ,-2.8549520787973295 ,-0.23791267323311083
201606   ,05           ,284  ,22.458249313642277  ,0.079078342653670072
201905   ,16           ,4    ,-3.00900283982196   ,-0.75225070995548993
201506   ,06           ,19   ,0.086756389746540208,0.0045661257761340224
201605   ,18           ,2    ,-5.3310371220819    ,-2.66551856104095
201903   ,10           ,2    ,-1.0270310729026302 ,-0.513515536451315
201807   ,16           ,5    ,-7.1166326583229385 ,-1.423326531664588
202002   ,16           ,10   ,-55.348703133302614 ,-5.5348703133302619
201505   ,15           ,2    ,1.7079579579579698  ,0.85397897897898511
201903   ,13           ,3    ,-6.6695209552352175 ,-2.2231736517450722
201611   ,05           ,82   ,35.25320943724951   ,0.42991718825914033
201608   ,05           ,99   ,-35.123708893377731 ,-0.35478493831694669
201801   ,19           ,99   ,-615.35462226767845 ,-6.2157032552290747
201803   ,04           ,365  ,-521.64102771246678 ,-1.4291535005821006
201706   ,11           ,37   ,-118.05317589818006 ,-3.1906263756264877
201610   ,13           ,8    ,-19.3377410510166   ,-2.417217631377075
201803   ,20           ,4    ,-17.52291202233782  ,-4.3807280055844551
201507   ,07           ,15   ,-13.54247895297714  ,-0.90283193019847607
201611   ,14           ,2    ,-6.31578947368422   ,-3.15789473684211
201502   ,11           ,10   ,-38.0599861851768   ,-3.80599861851768
201911   ,08           ,5    ,-5.5989047164433    ,-1.11978094328866
201812   ,17           ,12   ,-5.5080171694214    ,-0.45900143078511646
201611   ,09           ,3    ,-19.616306954436467 ,-6.5387689848121564
202003   ,03           ,15   ,-34.798621910812926 ,-2.3199081273875293
201504   ,13           ,2    ,-6.6707837130364709 ,-3.3353918565182354
201704   ,19           ,50   ,-145.3663778928848  ,-2.9073275578576951
201611   ,07           ,15   ,-10.727685058110245 ,-0.71517900387401612
201802   ,09           ,7    ,-14.02005552281344  ,-2.0028650746876346
201709   ,08           ,25   ,-131.83515707816031 ,-5.2734062831264126
201709   ,10           ,70   ,-562.53856320173577 ,-8.0362651885962251
201510   ,17           ,29   ,-157.19222419307005 ,-5.4204215238989661
201512   ,01           ,46   ,-125.32751456453217 ,-2.7245111861854823
201809   ,19           ,69   ,-249.61201237137749 ,-3.6175653966866306
201603   ,17           ,16   ,-48.533966720440588 ,-3.0333729200275363
201810   ,06           ,10   ,4.4768737970971095  ,0.4476873797097109
201508   ,06           ,16   ,-24.667217970457376 ,-1.5417011231535858
202001   ,15           ,4    ,-23.3056363384573   ,-5.8264090846143253
202002   ,06           ,28   ,0.49334175140562841 ,0.017619348264486773
201512   ,18           ,8    ,-19.312340528517339 ,-2.4140425660646674
201701   ,19           ,150  ,-428.6186236897704  ,-2.8574574912651363
201705   ,03           ,47   ,98.010923462136077  ,2.0853387970667248
201802   ,02           ,84   ,-305.85045207961008 ,-3.6410768104715476
201506   ,05           ,64   ,-10.781281506947801 ,-0.16845752354605947
201507   ,01           ,44   ,-150.51984665677261 ,-3.4209056058357414
201804   ,07           ,4    ,-6.1578920706358211 ,-1.5394730176589553
201512   ,05           ,41   ,-39.457953715965957 ,-0.96238911502356006
201805   ,16           ,3    ,-9.54594403458863   ,-3.1819813448628769
201601   ,09           ,12   ,-7.10984761976542   ,-0.59248730164711827
201504   ,01           ,188  ,-832.3566909144979  ,-4.4274292069920049
201802   ,20           ,17   ,-153.59794041416868 ,-9.0351729655393349
201510   ,01           ,48   ,-75.607953192810683 ,-1.575165691516889
201506   ,17           ,8    ,-43.368895029034412 ,-5.4211118786293024
201810   ,01           ,78   ,-209.00665363092605 ,-2.67957248244777
201811   ,14           ,4    ,-8.66726576801466   ,-2.1668164420036651
201903   ,01           ,51   ,-104.58805519458248 ,-2.0507461802859317
201905   ,10           ,2    ,-11.913952109841329 ,-5.9569760549206645
201812   ,05           ,35   ,-86.031563194000441 ,-2.4580446626857269
201806   ,13           ,4    ,2.34041793780371    ,0.58510448445092755
202003   ,17           ,17   ,-75.61305325879195  ,-4.44782666228188
201611   ,06           ,14   ,-0.02178807133884253,-0.001556290809917385
201701   ,02           ,46   ,-93.493804058752019 ,-2.032474001277218
201802   ,03           ,76   ,-173.07111879484515 ,-2.2772515630900672
201806   ,08           ,32   ,-97.733204148619151 ,-3.0541626296443476
201705   ,05           ,51   ,-84.675768270280585 ,-1.6603091817702078
201602   ,12           ,7    ,-24.855022877326061 ,-3.550717553903723
201808   ,19           ,83   ,-382.86270713418776 ,-4.6128037004119022
201601   ,02           ,111  ,-109.78061525396377 ,-0.98901455183751108
201810   ,04           ,281  ,-478.31190856566718 ,-1.7021776105539757
201909   ,14           ,3    ,-11.5624436082937   ,-3.8541478694312334
201806   ,09           ,7    ,-15.736214383127301 ,-2.248030626161043
201612   ,13           ,6    ,-28.024756916968492 ,-4.670792819494749
201602   ,09           ,7    ,-19.121762232689328 ,-2.7316803189556182
201701   ,14           ,4    ,-14.658832730278659 ,-3.6647081825696644
201904   ,13           ,15   ,-41.728198671901758 ,-2.7818799114601163
201607   ,14           ,3    ,-6.8506184586108594 ,-2.28353948620362
201705   ,14           ,1    ,0.77519379844961    ,0.77519379844961
201804   ,18           ,10   ,-19.352427852758581 ,-1.9352427852758582
201611   ,08           ,14   ,-26.805166386712958 ,-1.9146547419080686
201703   ,19           ,35   ,-79.353103811581349 ,-2.2672315374737533
201708   ,04           ,172  ,-201.56170991457125 ,-1.1718704064800654
201803   ,18           ,14   ,-103.32370604962894 ,-7.3802647178306389
201803   ,01           ,100  ,-483.63763320942422 ,-4.8363763320942414
201901   ,11           ,76   ,-436.78011565777814 ,-5.7471067849707653
201806   ,12           ,14   ,-35.521458412728649 ,-2.5372470294806169
201505   ,03           ,124  ,4.9457310746007455  ,0.039884928020973764
201505   ,16           ,22   ,-279.65483521285518 ,-12.711583418766143
201809   ,12           ,8    ,-17.849023542611391 ,-2.2311279428264235
201906   ,01           ,50   ,-119.37010086623651 ,-2.3874020173247303
201909   ,07           ,15   ,-34.522846537138221 ,-2.3015231024758815
201810   ,08           ,22   ,-117.98395725753073 ,-5.3629071480695787
201502   ,04           ,49   ,-143.15335153099736 ,-2.9214969700203541
201707   ,10           ,12   ,-36.364154618929916 ,-3.0303462182441594
201612   ,12           ,7    ,-26.625946355632419 ,-3.8037066222332028
201606   ,17           ,37   ,-207.0703708228879  ,-5.5964965087267
201905   ,07           ,9    ,-9.7585368079492021 ,-1.0842818675499111
201701   ,07           ,31   ,-62.357298234627919 ,-2.0115257495041265
201804   ,05           ,48   ,-69.7262004781826   ,-1.4526291766288042
201609   ,04           ,193  ,-438.979502924556   ,-2.27450519650029
201609   ,03           ,56   ,-110.07680100759876 ,-1.9656571608499775
201508   ,17           ,31   ,-112.23842695633567 ,-3.6205944179463114
201601   ,10           ,7    ,-24.042367714299449 ,-3.434623959185636
201909   ,01           ,156  ,-727.27437842912059 ,-4.6620152463405136
201810   ,17           ,14   ,-95.059557599707048 ,-6.7899683999790756
201607   ,01           ,112  ,-492.8535833089104  ,-4.4004784224009867
202001   ,20           ,4    ,-9.1615075021042891 ,-2.2903768755260723
201503   ,16           ,1    ,-5.37313432835821   ,-5.37313432835821
201911   ,09           ,5    ,-20.663087307551791 ,-4.1326174615103586
202003   ,16           ,2    ,-4.09036407237845   ,-2.045182036189225
201702   ,15           ,13   ,30.313654287637348  ,2.3318195605874878
201611   ,17           ,22   ,-95.674708090217678 ,-4.3488503677371675
201707   ,06           ,13   ,-42.962061845900315 ,-3.3047739881461777
201711   ,04           ,229  ,-144.72847830171867 ,-0.63200208865379359
201805   ,06           ,4    ,-0.46884273341256577,-0.11721068335314122
201805   ,09           ,14   ,-56.703927655909311 ,-4.0502805468506651
201712   ,18           ,2    ,-7.15125463830413   ,-3.5756273191520651
201902   ,16           ,3    ,-5.75235927348605   ,-1.9174530911620167
201601   ,14           ,19   ,-67.41240907367029  ,-3.5480215301931723
201904   ,02           ,56   ,-334.33554130162469 ,-5.9702775232432987
201901   ,10           ,9    ,-13.501128476217279 ,-1.5001253862463644
201606   ,07           ,15   ,-111.5433860379383  ,-7.4362257358625552
201906   ,15           ,5    ,-7.7044404259594295 ,-1.5408880851918856
201706   ,10           ,2    ,-15.950920245398679 ,-7.97546012269934
201909   ,20           ,2    ,-9.5959595959596    ,-4.7979797979798
201911   ,15           ,2    ,-19.402985074626759 ,-9.70149253731338
201611   ,12           ,6    ,-16.207693463568461 ,-2.7012822439280768
201608   ,08           ,22   ,-88.957909105315963 ,-4.043541322968907
201706   ,04           ,271  ,30.805995273863005  ,0.11367525931314774
201802   ,05           ,145  ,-341.44536332032027 ,-2.3547956091056568
201708   ,08           ,29   ,-71.446807412500533 ,-2.4636830142241566
201811   ,11           ,93   ,-490.47060358032263 ,-5.2738774578529322
201511   ,07           ,9    ,-11.903110553843129 ,-1.3225678393159033
201711   ,08           ,32   ,-73.2350384348147   ,-2.2885949510879593
201710   ,04           ,119  ,-167.60671173422168 ,-1.4084597624724509
201603   ,05           ,46   ,-67.7438514279976   ,-1.4726924223477742
202001   ,05           ,134  ,-423.64952186023197 ,-3.1615635959718809
202001   ,14           ,3    ,-17.048871283348451 ,-5.6829570944494838
201602   ,14           ,10   ,-59.777743837101113 ,-5.9777743837101109
201901   ,13           ,6    ,-40.204876132151192 ,-6.7008126886918653
201606   ,06           ,34   ,2.5710920260904215  ,0.075620353708541588
201505   ,18           ,1    ,-4.6028880866426    ,-4.6028880866426
201507   ,09           ,5    ,-14.0808341395249   ,-2.81616682790498
201506   ,14           ,1    ,1.92539109506618    ,1.92539109506618
201707   ,15           ,4    ,8.8958194316422912  ,2.2239548579105728
201801   ,09           ,7    ,-21.757262288876952 ,-3.1081803269824215
201807   ,05           ,82   ,-210.51789040124359 ,-2.5672913463566291
201610   ,20           ,2    ,-8.63930885529158   ,-4.31965442764579
201512   ,13           ,10   ,-26.71912781212167  ,-2.6719127812121672
201510   ,11           ,49   ,-241.78882748800086 ,-4.93446586710206
201502   ,03           ,6    ,-1.2563723317729307 ,-0.20939538862882195
201808   ,04           ,224  ,-499.80883932215994 ,-2.2312894612596432
201808   ,16           ,2    ,7.37327188940092    ,3.68663594470046
201808   ,17           ,23   ,-198.99760725999045 ,-8.652069880869151
201809   ,02           ,30   ,-109.01323259458259 ,-3.63377441981942
201510   ,18           ,11   ,-14.927487196992759 ,-1.3570442906357054
201908   ,19           ,78   ,-410.43861770011671 ,-5.2620335602579065
201901   ,14           ,3    ,-9.09090909090909   ,-3.03030303030303
201904   ,05           ,22   ,-8.1675551089387763 ,-0.37125250495176276
201607   ,17           ,29   ,-95.087592536842635 ,-3.2788825012704352
201912   ,06           ,7    ,-16.515864966676322 ,-2.35940928095376
201903   ,20           ,15   ,-235.62003519147103 ,-15.708002346098072
201810   ,14           ,3    ,-9.90011098779135   ,-3.30003699593045
201708   ,09           ,22   ,-129.39457436208858 ,-5.881571561913117
201803   ,02           ,146  ,-551.4901160938781  ,-3.7773295622868366
201807   ,03           ,36   ,-59.487734461084365 ,-1.6524370683634546
201708   ,13           ,9    ,-32.72410569160337  ,-3.6360117435114856
201907   ,03           ,31   ,-13.420757796531634 ,-0.43292767085585915
201711   ,15           ,6    ,-24.332398085492642 ,-4.05539968091544
201609   ,12           ,7    ,-14.15538735539725  ,-2.0221981936281788
201704   ,12           ,6    ,-20.873520717452941 ,-3.4789201195754904
201508   ,02           ,36   ,-31.127795140124505 ,-0.86466097611456949
201909   ,03           ,42   ,-71.509474910057861 ,-1.7026065454775683
201708   ,20           ,5    ,-48.631636562671012 ,-9.7263273125342025
201806   ,10           ,19   ,-123.88093205252449 ,-6.5200490553960258
201903   ,07           ,3    ,-15.310903907964612 ,-5.1036346359882039
201507   ,13           ,2    ,-4.97288102761535   ,-2.4864405138076751
201710   ,09           ,12   ,-28.00736375369177  ,-2.3339469794743142
201801   ,14           ,5    ,-32.172023212691514 ,-6.4344046425383024
201906   ,09           ,2    ,-4.45685123364414   ,-2.22842561682207
201812   ,09           ,2    ,-1.3888888888889    ,-0.69444444444445
202005   ,04           ,81   ,-263.97019174052804 ,-3.2588912560559025
201703   ,03           ,84   ,169.9790948634606   ,2.0235606531364358
201806   ,19           ,33   ,-92.758964492469033 ,-2.8108777118930011
201609   ,06           ,18   ,-38.113088709796386 ,-2.1173938172109104
201509   ,16           ,11   ,-40.8948127670415   ,-3.7177102515492266
201604   ,19           ,48   ,-166.54935836026891 ,-3.4697782991722668
201512   ,19           ,29   ,-85.03049814744665  ,-2.9320861430154017
201808   ,02           ,22   ,-100.42599342384079 ,-4.5648178829018544
201808   ,01           ,52   ,-169.61337599191367 ,-3.261795692152186
201502   ,05           ,23   ,-46.752442935319209 ,-2.0327149102312703
201910   ,11           ,63   ,-401.32042573377788 ,-6.3701654878377445
201503   ,09           ,5    ,-31.269425019425007 ,-6.253885003885002
201506   ,13           ,6    ,-15.444944549522692 ,-2.5741574249204482
201604   ,06           ,12   ,11.355170022180006  ,0.94626416851500084
201502   ,17           ,4    ,-12.952649735207741 ,-3.2381624338019348
201609   ,15           ,1    ,-5.30538922155688   ,-5.30538922155688
201606   ,10           ,7    ,3.13645892891176    ,0.44806556127310859
201704   ,01           ,44   ,-104.16292139208234 ,-2.3673391225473264
201708   ,06           ,24   ,-114.04886038838578 ,-4.7520358495160746
201801   ,07           ,15   ,-47.401092628885458 ,-3.1600728419256976
201610   ,03           ,27   ,5.77471676811403    ,0.21387839881903814
201508   ,07           ,7    ,-15.053014882458381 ,-2.1504306974940546
201712   ,19           ,38   ,-138.4277575987729  ,-3.6428357262834976
201609   ,08           ,24   ,-48.262456295180876 ,-2.0109356789658692
201504   ,02           ,68   ,-121.41376078919248 ,-1.7854964821940067
201603   ,09           ,5    ,-9.9732171804739309 ,-1.9946434360947864
201510   ,03           ,13   ,4.86893348782806    ,0.374533345217543
201802   ,10           ,14   ,-61.432491360443706 ,-4.3880350971745505
201604   ,13           ,14   ,-75.954531531836011 ,-5.4253236808454286
201509   ,11           ,43   ,-215.00528498935566 ,-5.0001229067292021
201906   ,19           ,51   ,-147.4125828146922  ,-2.8904428002880822
201710   ,07           ,11   ,-15.3010110673813   ,-1.3910010061255726
202001   ,13           ,16   ,-57.957543286834351 ,-3.6223464554271469
201606   ,16           ,5    ,-1.4136724243016721 ,-0.28273448486033437
202004   ,19           ,40   ,-180.70207134502138 ,-4.5175517836255343
202005   ,06           ,8    ,5.6062647956280882  ,0.70078309945351092
201702   ,16           ,10   ,-11.8421788200453   ,-1.1842178820045302
201803   ,09           ,31   ,-141.17849777897402 ,-4.5541450896443232
201907   ,01           ,34   ,-90.2639698181232   ,-2.6548226417095058
201907   ,02           ,45   ,-64.963799594432658 ,-1.4436399909873923
201509   ,10           ,24   ,-101.55879951959415 ,-4.231616646649754
201609   ,13           ,6    ,-4.6632154895962206 ,-0.77720258159937
201602   ,06           ,30   ,-96.068895816133647 ,-3.2022965272044548
201604   ,07           ,9    ,-20.519123158435487 ,-2.2799025731594984
201502   ,02           ,21   ,-37.250925221409879 ,-1.773853581971899
201909   ,18           ,10   ,-59.462372945642571 ,-5.9462372945642574
201810   ,09           ,17   ,-63.438589954999912 ,-3.7316817620588174
202001   ,04           ,256  ,-829.28578506899532 ,-3.2393975979257634
201904   ,04           ,148  ,-235.754340080401   ,-1.5929347302729795
201603   ,03           ,19   ,15.302860865197843  ,0.80541372974725478
201807   ,10           ,11   ,-3.20602214589026   ,-0.29145655871729648
201609   ,18           ,6    ,-1.8452136099194503 ,-0.307535601653242
201612   ,10           ,7    ,-21.26069264100553  ,-3.0372418058579331
201510   ,14           ,1    ,-2.57510729613734   ,-2.57510729613734
201509   ,13           ,2    ,-7.41420902788343   ,-3.7071045139417151
202005   ,11           ,18   ,-48.472693622119664 ,-2.692927423451092
201807   ,01           ,57   ,-116.38702671459266 ,-2.0418776616595209
201601   ,06           ,20   ,-6.2114119129121512 ,-0.31057059564560746
201509   ,08           ,20   ,-68.168109558890123 ,-3.4084054779445063
201902   ,11           ,57   ,-133.34240990418175 ,-2.3393405246347672
201510   ,09           ,10   ,-38.52154121308714  ,-3.8521541213087147
201908   ,07           ,20   ,-66.778742419193534 ,-3.3389371209596765
201901   ,07           ,14   ,-3.6779512148940388 ,-0.26271080106386013
201709   ,14           ,3    ,-8.1294725287815979 ,-2.7098241762605331
202003   ,04           ,130  ,-331.81398652738147 ,-2.5524152809798575
202004   ,12           ,6    ,-10.23526618389438  ,-1.7058776973157301
201708   ,01           ,86   ,-374.71450254508568 ,-4.35714537843123
201511   ,05           ,96   ,-94.068814460280024 ,-0.97988348396125058
201701   ,17           ,19   ,-38.789582661841109 ,-2.0415569822021635
201909   ,11           ,189  ,-1048.631708294489  ,-5.54831591690206
201909   ,04           ,286  ,-1067.2789137855661 ,-3.7317444537956876
201810   ,19           ,35   ,-132.60325179476621 ,-3.7886643369933206
201505   ,17           ,25   ,-96.116270177289564 ,-3.8446508070915808
201611   ,18           ,10   ,-15.621325963830095 ,-1.5621325963830102
201701   ,18           ,7    ,-22.0148580607695   ,-3.1449797229670713
201906   ,07           ,19   ,-17.450673928129007 ,-0.9184565225331055
201812   ,10           ,2    ,-1.60256410256411   ,-0.801282051282055
201604   ,16           ,2    ,-9.9408099688473612 ,-4.9704049844236806
201503   ,08           ,7    ,-3.2468719668664203 ,-0.46383885240948869
201712   ,17           ,11   ,-69.351157166058158 ,-6.3046506514598333
201610   ,06           ,4    ,-7.16452149248053   ,-1.7911303731201322
201502   ,18           ,2    ,-3.63036303630364   ,-1.81518151815182
201902   ,09           ,3    ,-2.05761316872428   ,-0.68587105624142675
201704   ,15           ,2    ,2.84900284900286    ,1.42450142450143
201608   ,01           ,53   ,-174.49251757930506 ,-3.2923116524397185
201507   ,03           ,27   ,-33.46989907236263  ,-1.2396258915689868
201612   ,16           ,11   ,-32.751281268649535 ,-2.9773892062408667
202003   ,02           ,29   ,-46.47842605710305  ,-1.6027043467966569
201910   ,09           ,6    ,-49.1492143962908   ,-8.191535732715133
202001   ,11           ,71   ,-400.94744523630771 ,-5.6471471160043345
201908   ,14           ,2    ,-7.35294117647058   ,-3.67647058823529
201606   ,02           ,58   ,-99.837226703581692 ,-1.7213314948893395
201906   ,13           ,4    ,-16.038732780814243 ,-4.0096831952035608
201605   ,09           ,9    ,-36.044310073485974 ,-4.0049233414984418
201903   ,08           ,26   ,-31.438930670054102 ,-1.2091896411559271
201704   ,05           ,110  ,179.39649137979794  ,1.6308771943617992
201802   ,19           ,129  ,-595.81513311711308 ,-4.6187219621481628
201509   ,01           ,94   ,-303.03736208382412 ,-3.2238017242960009
201710   ,08           ,19   ,-49.467624979696581 ,-2.6035592094577149
201710   ,16           ,3    ,-11.2509522382786   ,-3.7503174127595331
201612   ,04           ,219  ,-591.50225989828868 ,-2.7009235611794
201604   ,11           ,85   ,-488.12771686526327 ,-5.7426790219442685
201511   ,19           ,59   ,-261.8658524584614  ,-4.4384042789569715
201506   ,19           ,27   ,-76.735383680704956 ,-2.8420512474335173
201902   ,01           ,88   ,-277.46282916636795 ,-3.1529866950723631
201603   ,07           ,2    ,10.256410256410261  ,5.12820512820513
201702   ,02           ,75   ,-78.40344773220923  ,-1.0453793030961229
201707   ,03           ,318  ,460.94990709506737  ,1.4495280097329168
201709   ,11           ,157  ,-754.89181787107327 ,-4.8082281393061983
201701   ,04           ,342  ,-448.22194119456145 ,-1.3105904713291272
201703   ,01           ,105  ,-245.66773265136902 ,-2.3396926919178
201708   ,07           ,28   ,-100.73777642512493 ,-3.5977777294687483
201801   ,13           ,7    ,-22.274360683519802 ,-3.1820515262171143
201610   ,04           ,141  ,-116.76749721262897 ,-0.82813827810375151
201808   ,03           ,28   ,-68.9811607492899   ,-2.4636128839032105
201503   ,05           ,71   ,-92.68677525702401  ,-1.3054475388313236
201601   ,07           ,18   ,-51.847941249883945 ,-2.8804411805491088
201503   ,13           ,12   ,-18.015155164652111 ,-1.5012629303876761
201503   ,12           ,10   ,-12.40596457869554  ,-1.2405964578695541
201809   ,11           ,81   ,-212.68890246669787 ,-2.6257889193419497
201606   ,11           ,80   ,-173.13587465248378 ,-2.1641984331560473
201812   ,12           ,8    ,-5.51368926727162   ,-0.68921115840895242
201704   ,13           ,5    ,-3.99825783972123   ,-0.79965156794424574
202005   ,01           ,18   ,-18.771375984505148 ,-1.0428542213613974
201611   ,19           ,52   ,-411.15093269123793 ,-7.9067487056007311
201805   ,02           ,36   ,-91.188097287616884 ,-2.533002702433802
201802   ,11           ,260  ,-2383.8750168008137 ,-9.168750064618516
201610   ,05           ,87   ,15.071485572510198  ,0.17323546635069204
201610   ,10           ,8    ,-29.731337018316772 ,-3.7164171272895961
201507   ,15           ,3    ,-1.31578947368421   ,-0.43859649122807
202003   ,14           ,7    ,-15.867206929999451 ,-2.2667438471427785
201910   ,16           ,4    ,-0.20227013239787994,-0.050567533099470041
201905   ,12           ,41   ,-43.747876621452853 ,-1.0670213810110454
201801   ,12           ,43   ,-242.96685734495765 ,-5.6503920312780842
201711   ,10           ,15   ,-61.26670087428014  ,-4.0844467249520093
202004   ,09           ,6    ,-16.303647839613678 ,-2.7172746399356131
201811   ,16           ,14   ,-34.616692647402324 ,-2.4726209033858804
202003   ,08           ,64   ,-188.78207425760257 ,-2.94971991027504
202003   ,05           ,32   ,-42.438273738758625 ,-1.326196054336207
201703   ,04           ,266  ,-207.95754894571468 ,-0.7817952967884011
201706   ,02           ,58   ,73.6408584558862    ,1.2696699733773489
201712   ,04           ,81   ,-14.203825492504642 ,-0.17535587027783567
201506   ,04           ,219  ,-21.809707654481553 ,-0.099587706184846941
201510   ,08           ,11   ,-21.09439701194573  ,-1.91767245563143
201602   ,01           ,98   ,-410.91452991667927 ,-4.1930054073130556
201911   ,17           ,24   ,-151.86696934498286 ,-6.3277903893742868
201603   ,16           ,2    ,-3.32526436488726   ,-1.66263218244363
201807   ,09           ,3    ,-4.3879171778849182 ,-1.4626390592949727
201904   ,06           ,20   ,-24.823322466728889 ,-1.2411661233364446
201809   ,13           ,4    ,-16.184361979799942 ,-4.0460904949499854
201701   ,20           ,3    ,-13.01704886622003  ,-4.33901628874001
202005   ,08           ,18   ,-45.179802193598221 ,-2.5099890107554566
201602   ,05           ,72   ,-231.41405326191042 ,-3.2140840730820894
201709   ,01           ,105  ,-426.56521312773805 ,-4.0625258393117907
201701   ,10           ,23   ,-66.801453463416891 ,-2.9044110201485602
201608   ,18           ,8    ,-39.467704169821971 ,-4.9334630212277464
201708   ,19           ,85   ,-449.79516117068647 ,-5.2917077784786644
201907   ,13           ,8    ,-50.799932929844779 ,-6.3499916162305983
201901   ,01           ,84   ,-371.04462298332328 ,-4.4171978926586108
201609   ,14           ,2    ,4.7538826006843795  ,2.37694130034219
201710   ,19           ,38   ,-132.8781807655524  ,-3.4967942306724313
201802   ,13           ,6    ,-19.530077565474059 ,-3.25501292757901
201704   ,10           ,8    ,-69.480286722108843 ,-8.6850358402636054
201909   ,02           ,119  ,-440.5381479569852  ,-3.70200124333601
201810   ,02           ,133  ,-468.25954875946172 ,-3.5207484869132455
201511   ,13           ,5    ,-4.01785391912124   ,-0.80357078382424807
201904   ,19           ,31   ,-137.62035727702096 ,-4.43936636377487
201505   ,20           ,3    ,-3.7628278221208498 ,-1.25427594070695
201905   ,03           ,34   ,-22.585080736893058 ,-0.66426708049685468
201808   ,15           ,4    ,4.06784335355762    ,1.0169608383894051
201801   ,04           ,246  ,-488.05905435981049 ,-1.9839798957715873
201807   ,11           ,40   ,-107.20272287249132 ,-2.6800680718122836
201802   ,04           ,395  ,-1292.0658178072551 ,-3.2710527033095054
201610   ,19           ,12   ,-26.501779251804908 ,-2.2084816043170759
201508   ,04           ,274  ,-319.30225559592827 ,-1.1653366992552123
201609   ,19           ,80   ,-328.75059774594587 ,-4.1093824718243228
201808   ,11           ,78   ,-273.25246982058133 ,-3.5032367925715553
201604   ,12           ,6    ,-3.980536382286461  ,-0.66342273038107691
201911   ,14           ,2    ,-4.30314707771356   ,-2.15157353885678
201902   ,06           ,31   ,-51.7325464909984   ,-1.6687918222902713
201902   ,02           ,41   ,-175.61263683587327 ,-4.2832350447773972
201508   ,16           ,4    ,-8.61172422862716   ,-2.15293105715679
202001   ,03           ,56   ,-120.79313772982489 ,-2.1570203166040161
201607   ,06           ,26   ,-0.50758447271798823,-0.01952247971992261
201705   ,13           ,4    ,-4.69208211143696   ,-1.17302052785924
201805   ,01           ,56   ,-178.10050187561149 ,-3.1803661049216334
201712   ,07           ,9    ,-7.58538519471805   ,-0.8428205771908942
201811   ,05           ,56   ,-16.811188268867419 ,-0.30019979051548951
201508   ,09           ,12   ,-21.812422280582911 ,-1.8177018567152425
201911   ,04           ,180  ,-232.128028956329   ,-1.2896001608684944
201908   ,11           ,69   ,-306.76176466940336 ,-4.4458226763681639
201602   ,15           ,18   ,-51.369286914080106 ,-2.8538492730044505
201709   ,15           ,6    ,-42.044040048012576 ,-7.0073400080020951
202001   ,19           ,62   ,-256.77002419947945 ,-4.1414520032174114
201809   ,14           ,2    ,2.5531914893617     ,1.27659574468085
201910   ,10           ,2    ,-4.26045367719609   ,-2.1302268385980447
201811   ,03           ,49   ,6.2058836948058538  ,0.12665068764909937
201806   ,04           ,224  ,1.8719128085300412  ,0.0083567536095092709
201711   ,20           ,1    ,-9.58904109589042   ,-9.58904109589042
201612   ,01           ,119  ,-557.0348694697268  ,-4.6809652896615708
201902   ,05           ,46   ,-82.6021172127415   ,-1.7956982002769895
201709   ,07           ,8    ,-2.7895492420044095 ,-0.34869365525055107
201911   ,11           ,17   ,-61.766825194899816 ,-3.6333426585235187
201511   ,20           ,1    ,-2.63157894736842   ,-2.63157894736842
201707   ,16           ,7    ,0.61614108575532978 ,0.0880201551079044
201612   ,20           ,11   ,-63.513687791772995 ,-5.7739716174339089
201905   ,17           ,4    ,-13.16608594657375  ,-3.2915214866434375
201809   ,15           ,1    ,-1.26436781609196   ,-1.26436781609196
201607   ,02           ,77   ,-290.97730166932865 ,-3.778925995705567
201712   ,01           ,37   ,-117.70608990451825 ,-3.1812456730950878
201703   ,10           ,27   ,-224.46520417488455 ,-8.313526080551279
201512   ,08           ,11   ,-25.037854755659509 ,-2.2761686141508646
201509   ,04           ,186  ,-368.59512308142024 ,-1.9816942101151638
201808   ,05           ,65   ,-264.767095240149   ,-4.0733399267715216
201811   ,06           ,10   ,-20.102004147344147 ,-2.0102004147344155
201908   ,12           ,23   ,-146.13206426150953 ,-6.353568011369978
201602   ,08           ,15   ,-29.475179792829262 ,-1.9650119861886173
201910   ,13           ,3    ,-14.657304754865731 ,-4.88576825162191
201508   ,14           ,11   ,-39.186616612580728 ,-3.5624196920527935
201806   ,15           ,1    ,-1.54320987654321   ,-1.54320987654321
202005   ,14           ,3    ,-39.323507180650061 ,-13.107835726883353
201704   ,04           ,119  ,-164.22961861593251 ,-1.3800808287053155
201807   ,02           ,93   ,-174.92164753867141 ,-1.8808779305233483
201912   ,11           ,39   ,-145.80979052966885 ,-3.7387125776838159
201507   ,18           ,3    ,-10.673088662396921 ,-3.5576962207989733
201808   ,09           ,6    ,-26.37320456554253  ,-4.3955340942570889
201809   ,08           ,43   ,-136.89030194262267 ,-3.1834953940144808
201511   ,17           ,15   ,-83.670117619838251 ,-5.5780078413225489
201905   ,14           ,4    ,-6.69391831902929   ,-1.6734795797573223
201512   ,14           ,7    ,-24.523783781220033 ,-3.5033976830314328
201611   ,02           ,30   ,-48.306831395055553 ,-1.6102277131685181
201811   ,17           ,33   ,-163.37642096908527 ,-4.9508006354268268
201601   ,01           ,173  ,-370.91234712192528 ,-2.1440020064851191
201804   ,13           ,5    ,-17.97276544293285  ,-3.5945530885865704
201806   ,11           ,125  ,-610.999829863094   ,-4.8879986389047509
201512   ,11           ,74   ,-209.72808976177632 ,-2.8341633751591409
201809   ,16           ,7    ,-42.5099070799473   ,-6.0728438685638979
201705   ,11           ,43   ,-113.11783169616737 ,-2.6306472487480783
201902   ,10           ,6    ,-18.346036585365859 ,-3.0576727642276436
201710   ,17           ,19   ,-31.46339851649342  ,-1.6559683429733381
201908   ,01           ,131  ,-418.96202834403857 ,-3.1981834224735772
202002   ,08           ,11   ,-42.02760261552708  ,-3.8206911468660989
202002   ,07           ,17   ,-68.782804934832754 ,-4.0460473491078082
201606   ,14           ,7    ,1.6274561078544698  ,0.23249372969349591
201707   ,09           ,5    ,-15.269305302966218 ,-3.0538610605932437
201602   ,07           ,8    ,-0.46540383691034348,-0.05817547961379281
201502   ,16           ,1    ,-4.53466912733984   ,-4.53466912733984
201504   ,14           ,2    ,-1.39372822299652   ,-0.69686411149826
201912   ,12           ,16   ,-93.431836579252973 ,-5.8394897862033108
202005   ,12           ,10   ,-49.199318642008052 ,-4.9199318642008052
201707   ,02           ,61   ,51.195590051922856  ,0.83927196806430893
201708   ,10           ,71   ,-416.40436921937805 ,-5.8648502706954675
201705   ,04           ,265  ,17.798876602431726  ,0.0671655720846481
201510   ,04           ,142  ,-173.81652076522658 ,-1.2240600053889195
201612   ,03           ,38   ,-94.90067317194287  ,-2.4973861361037595
201603   ,01           ,43   ,-93.697001836487445 ,-2.1790000427090108
201605   ,04           ,163  ,-175.60426625462546 ,-1.0773267868381931
201510   ,19           ,69   ,-278.93627468509703 ,-4.0425547055811153
201505   ,02           ,25   ,-14.66689593970689  ,-0.58667583758827568
201808   ,18           ,6    ,-52.895702047796433 ,-8.8159503412994056
201507   ,11           ,20   ,-37.220396284222076 ,-1.8610198142111041
201605   ,12           ,20   ,-44.226668535686535 ,-2.2113334267843263
201606   ,04           ,376  ,-209.42420133859073 ,-0.55697925887923083
201611   ,13           ,1    ,-6.2359128474831    ,-6.2359128474831
201609   ,07           ,4    ,0.500842577140789   ,0.12521064428519768
201607   ,19           ,104  ,-433.33671190198095 ,-4.1666991529036634
201509   ,18           ,4    ,-15.305297314001731 ,-3.8263243285004327
202003   ,15           ,1    ,-1.01522842639594   ,-1.01522842639594
202005   ,09           ,2    ,-10.9159319618844   ,-5.4579659809422
201611   ,03           ,83   ,-22.91158730949347  ,-0.27604322059630687
201805   ,04           ,114  ,-51.055290936640091 ,-0.4478534292687727
201811   ,19           ,52   ,-447.91482981941465 ,-8.6137467272964354
201511   ,02           ,46   ,-89.135333903725808 ,-1.9377246500809964
201710   ,11           ,25   ,-87.0983939806181   ,-3.4839357592247246
201509   ,05           ,119  ,-93.99891723539055  ,-0.78990686752429029
201504   ,05           ,102  ,-114.66809106457906 ,-1.1241969712213631
201505   ,19           ,69   ,-214.37202977233758 ,-3.1068410111933
201809   ,05           ,50   ,-70.952045600273323 ,-1.419040912005467
201511   ,09           ,15   ,-76.9490334499701   ,-5.12993556333134
201909   ,15           ,7    ,-29.16549240364062  ,-4.1664989148058034
201911   ,12           ,4    ,-36.062904823524121 ,-9.01572620588103
201701   ,09           ,8    ,-27.117736470574457 ,-3.3897170588218075
201608   ,06           ,39   ,-86.667028571896012 ,-2.2222315018434866
201712   ,05           ,30   ,-25.407507421392669 ,-0.84691691404642255
201612   ,07           ,50   ,-80.132888799334978 ,-1.6026577759866991
201811   ,02           ,40   ,-120.90417774225348 ,-3.0226044435563368
201711   ,12           ,16   ,-46.715964229814311 ,-2.9197477643633944
201906   ,04           ,153  ,-267.53535546601972 ,-1.748597094549148
201906   ,03           ,33   ,-58.077279878329129 ,-1.7599175720705793
201811   ,18           ,10   ,-20.721003157786392 ,-2.0721003157786391
201806   ,07           ,14   ,-2.9085452653833777 ,-0.20775323324167005
201503   ,11           ,15   ,-43.370431781870828 ,-2.8913621187913869
201908   ,06           ,22   ,-47.557167937894796 ,-2.1616894517224909
201903   ,11           ,56   ,-199.67989020150361 ,-3.5657123250268508
201901   ,19           ,54   ,-200.79107999738218 ,-3.7183533332848553
201912   ,10           ,5    ,-19.819494422099279 ,-3.9638988844198555
201702   ,10           ,4    ,-25.427797135114218 ,-6.3569492837785546
201702   ,08           ,29   ,-32.39365556556978  ,-1.1170226057093027
201805   ,19           ,42   ,-104.05052071790929 ,-2.4773933504264121
201610   ,01           ,40   ,-77.044593005334718 ,-1.9261148251333684
201602   ,19           ,58   ,-296.83560597556954 ,-5.1178552754408528
201804   ,08           ,9    ,-36.674016247411842 ,-4.0748906941568714
201612   ,05           ,112  ,-8.1601668639511882 ,-0.07285863271384975
201604   ,17           ,21   ,-72.023104952389417 ,-3.4296716643994962
201911   ,03           ,36   ,-55.440011137630542 ,-1.5400003093786261
201810   ,18           ,5    ,-12.56575984596606  ,-2.513151969193212
201603   ,18           ,19   ,-260.15702647078371 ,-13.692475077409672
201901   ,18           ,6    ,-30.714082591096371 ,-5.1190137651827285
201901   ,03           ,40   ,-39.132723517793181 ,-0.97831808794482955
201607   ,18           ,9    ,-44.4397701859782   ,-4.9377522428864671
201507   ,20           ,1    ,-1.1768661735037    ,-1.1768661735037
202004   ,08           ,34   ,-90.291157041462213 ,-2.6556222659253588
201803   ,10           ,25   ,-128.113031519897   ,-5.1245212607958806
201811   ,08           ,30   ,-83.1609728857783   ,-2.7720324295259435
201710   ,10           ,14   ,-75.35089499850119  ,-5.3822067856072273
201504   ,06           ,21   ,-118.46994327920184 ,-5.6414258704381828
201508   ,12           ,16   ,-39.919014615543944 ,-2.4949384134714965
201910   ,08           ,5    ,-26.3357013783983   ,-5.26714027567966
202002   ,03           ,26   ,-38.107140242308581 ,-1.4656592400887913
201908   ,15           ,16   ,-51.054036843100057 ,-3.1908773026937536
201603   ,13           ,8    ,-19.740430448977978 ,-2.4675538061222477
202002   ,13           ,7    ,-8.505943412929     ,-1.2151347732755715
201910   ,18           ,2    ,-4.49172576832152   ,-2.24586288416076
201611   ,01           ,36   ,-48.141973733305207 ,-1.3372770481473668
201801   ,16           ,5    ,-13.180466465138011 ,-2.636093293027602
201604   ,04           ,173  ,-186.66166765298084 ,-1.0789691771848606
201504   ,18           ,8    ,-15.67496242705036  ,-1.9593703033812953
201802   ,18           ,14   ,-70.839798320972335 ,-5.059985594355167
201601   ,12           ,40   ,-95.457643973502826 ,-2.38644109933757
201601   ,05           ,93   ,-108.04282013441778 ,-1.1617507541335241
201511   ,10           ,8    ,-61.291996596556238 ,-7.66149957456953
201902   ,19           ,64   ,-346.02814049303583 ,-5.406689695203684
201907   ,19           ,42   ,-104.18547509229407 ,-2.4806065498165246
201606   ,09           ,8    ,-15.80625703121061  ,-1.9757821289013262
201812   ,16           ,1    ,-2.16450216450217   ,-2.16450216450217
201706   ,13           ,9    ,-23.879182277071031 ,-2.6532424752301145
202004   ,03           ,5    ,0.40008824599166992 ,0.080017649198333984
201709   ,05           ,124  ,-308.85840837603342 ,-2.4907936159357531
201603   ,19           ,46   ,-143.5049147469667  ,-3.1196720597166681
201506   ,03           ,68   ,-59.958151847424126 ,-0.881737527168002
201505   ,08           ,39   ,-99.158008473257922 ,-2.5425130377758438
201711   ,03           ,36   ,-7.33046760510187   ,-0.20362410014171839
201912   ,19           ,45   ,-229.99411846439963 ,-5.1109804103199918
201703   ,06           ,10   ,-23.70130034082505  ,-2.3701300340825049
201612   ,11           ,81   ,-317.66496015459825 ,-3.9217896315382506
201612   ,18           ,87   ,-483.1805005562772  ,-5.5537988569687036
201507   ,05           ,37   ,-38.682724299734282 ,-1.0454790351279537
201908   ,13           ,24   ,-131.90488450118463 ,-5.4960368542160261
201610   ,18           ,4    ,-10.60710688937408  ,-2.6517767223435209
201810   ,13           ,29   ,-161.98901344092258 ,-5.5858280496869845
201701   ,16           ,7    ,-19.8509524892116   ,-2.8358503556016572
201703   ,13           ,3    ,-7.3960009849148207 ,-2.4653336616382733
201710   ,15           ,2    ,-6.94096601073345   ,-3.470483005366725
201607   ,08           ,19   ,-41.36409517545782  ,-2.1770576408135693
201912   ,18           ,1    ,-6.13207547169811   ,-6.13207547169811
202004   ,06           ,8    ,-24.645179050894562 ,-3.08064738136182
201702   ,09           ,6    ,-3.956200286907     ,-0.65936671448449979
201707   ,11           ,72   ,-270.37846822800032 ,-3.7552565031666707
201807   ,07           ,20   ,-21.600962164019528 ,-1.0800481082009763
201508   ,01           ,89   ,-161.90532587076191 ,-1.8191609648400211
201504   ,11           ,53   ,-216.2045717984262  ,-4.07933154336653
201601   ,18           ,5    ,-19.413622504366931 ,-3.8827245008733864
201902   ,17           ,13   ,-46.379634996132964 ,-3.5676642304717663
201909   ,17           ,20   ,-90.672421268286953 ,-4.5336210634143477
201910   ,01           ,68   ,-181.01172767801214 ,-2.6619371717354721
201707   ,14           ,19   ,-52.867201648585379 ,-2.7824842972939674
202001   ,07           ,31   ,-74.24305057270783  ,-2.3949371152486396
202001   ,09           ,9    ,-55.386281179433936 ,-6.1540312421593271
201504   ,15           ,6    ,-23.997311113830381 ,-3.9995518523050633
201910   ,06           ,23   ,-52.70444639594146  ,-2.2914976693887597
201905   ,19           ,81   ,-493.1920875697931  ,-6.0887912045653483
201705   ,07           ,10   ,-3.3910938537811717 ,-0.33910938537811708
201906   ,11           ,36   ,-90.852563649541267 ,-2.5236823235983685
201904   ,10           ,10   ,-65.645981360435385 ,-6.5645981360435393
201807   ,17           ,23   ,-74.829447230931265 ,-3.2534542274317944
202003   ,09           ,5    ,-7.4243263196751395 ,-1.484865263935027
201503   ,18           ,2    ,-5.11426386883017   ,-2.5571319344150849
202004   ,05           ,17   ,-29.955255178027457 ,-1.7620738340016151
201608   ,12           ,13   ,-20.92252006112539  ,-1.6094246200865685
201711   ,19           ,46   ,-98.293596735315617 ,-2.1368173203329484
201708   ,05           ,62   ,-167.27658033544739 ,-2.6980093602491504
201805   ,03           ,24   ,22.326669736470844  ,0.93027790568628532
201706   ,03           ,155  ,293.40955242244672  ,1.892964854338365
201504   ,04           ,408  ,-673.07679102572934 ,-1.6496980172199249
201610   ,08           ,15   ,-17.008628074905431 ,-1.1339085383270284
201912   ,07           ,21   ,-19.725497449558091 ,-0.93930940235990912
201507   ,06           ,14   ,-21.168509926761992 ,-1.5120364233401422
201705   ,20           ,1    ,-4.48328267477204   ,-4.48328267477204
201701   ,12           ,6    ,-15.139793098002055 ,-2.5232988496670097
201701   ,13           ,9    ,-28.835770246540296 ,-3.2039744718378111
201710   ,06           ,28   ,-53.712389561985958 ,-1.9182996272137838
201710   ,12           ,8    ,-21.930406391145482 ,-2.7413007988931848
201908   ,03           ,44   ,-67.383433190636964 ,-1.5314416634235677
201809   ,10           ,5    ,-16.40441059486232  ,-3.280882118972464
201907   ,14           ,2    ,1.0638297872340381  ,0.531914893617019
201604   ,14           ,1    ,-12.5               ,-12.5
201803   ,08           ,32   ,-157.43598147081775 ,-4.9198744209630538
201804   ,03           ,33   ,-21.157766849037202 ,-0.64114444997082465
201506   ,02           ,31   ,-60.494582543580663 ,-1.9514381465671182
201703   ,08           ,13   ,-25.714396084972282 ,-1.9780304680747907
201910   ,04           ,186  ,-232.77773973313469 ,-1.2514932243716919
201902   ,13           ,10   ,-29.72789410734876  ,-2.972789410734876
201908   ,04           ,248  ,-597.356248978975   ,-2.4086945523345769
201904   ,03           ,27   ,-23.824092138080971 ,-0.88237378289188773
202001   ,18           ,6    ,-25.134360546760551 ,-4.189060091126759
201603   ,08           ,12   ,-1.1196341536460703 ,-0.093302846137172407
201911   ,16           ,8    ,-43.315900253864292 ,-5.4144875317330365
201607   ,07           ,17   ,-84.615536871579167 ,-4.9773845218575978
201810   ,07           ,4    ,6.26562172566421    ,1.5664054314160525
202005   ,18           ,6    ,-23.855793151037375 ,-3.9759655251728967
201907   ,17           ,9    ,-32.956344935927333 ,-3.6618161039919261
201710   ,05           ,61   ,-83.717270690669309 ,-1.3724142736175295
201803   ,16           ,22   ,-56.219212044100445 ,-2.5554187292772932
201703   ,09           ,4    ,-18.247645674664739 ,-4.5619114186661847
201605   ,19           ,52   ,-161.91260385004026 ,-3.1137039201930823
201503   ,02           ,16   ,-16.368404346153639 ,-1.0230252716346024
201911   ,19           ,52   ,-115.30432285814456 ,-2.2173908241950873
201910   ,05           ,42   ,-49.761773208532873 ,-1.1848041240126874
201906   ,08           ,24   ,-37.496653514409665 ,-1.5623605631004029
201805   ,13           ,4    ,-19.121708634695921 ,-4.78042715867398
201802   ,14           ,1    ,-4.57516339869281   ,-4.57516339869281
201912   ,16           ,1    ,-2.83975659229209   ,-2.83975659229209
202004   ,11           ,13   ,-30.849742326793166 ,-2.3730571020610132
201702   ,05           ,129  ,-58.240390500749342 ,-0.45147589535464577
201704   ,09           ,4    ,-6.67184740347707   ,-1.6679618508692675
201703   ,07           ,19   ,-36.886283689645033 ,-1.9413833520865809
201807   ,06           ,24   ,-39.56064668337865  ,-1.6483602784741103
201804   ,11           ,112  ,-825.75693628176521 ,-7.3728297882300469
201511   ,04           ,215  ,-852.69881134122772 ,-3.966040982982455
201511   ,03           ,33   ,-30.855871087750177 ,-0.93502639659849029
201908   ,10           ,17   ,-119.47176518573593 ,-7.0277508932785846
201811   ,07           ,9    ,-0.57306664035750066,-0.063674071150833456
201501   ,01           ,5    ,11.406844106463849  ,2.28136882129277
201505   ,09           ,8    ,-5.8982551845542694 ,-0.73728189806928357
201807   ,18           ,6    ,-24.463492127942509 ,-4.0772486879904184
201606   ,12           ,18   ,-7.6382272097026416 ,-0.42434595609459125
201904   ,08           ,12   ,-31.758727042778062 ,-2.6465605868981719
201812   ,14           ,7    ,-2.77177339840099   ,-0.39596762834299848
201812   ,13           ,8    ,-35.97986436927939  ,-4.4974830461599229
201502   ,06           ,3    ,-2.0415067886553597 ,-0.68050226288512006
201611   ,11           ,22   ,-45.845378457150261 ,-2.0838808389613752
201801   ,05           ,76   ,-243.17046346325219 ,-3.1996113613585813
201805   ,17           ,10   ,-8.9723967950875689 ,-0.89723967950875716
201907   ,12           ,11   ,-15.671972771817188 ,-1.4247247974379265
201706   ,12           ,6    ,-21.902362650445443 ,-3.65039377507424
201709   ,17           ,31   ,-157.4055738344064  ,-5.0775991559485938
201709   ,20           ,2    ,-13.27014218009478  ,-6.63507109004739
201505   ,04           ,302  ,-232.13468475653292 ,-0.7686578965448112
201912   ,03           ,47   ,-84.27427159559123  ,-1.7930696084168347
201710   ,03           ,31   ,-83.117325364325751 ,-2.6812040440105087
201805   ,11           ,32   ,-251.44174195992878 ,-7.8575544362477743
201508   ,13           ,14   ,-28.657589754268361 ,-2.0469706967334544
201908   ,18           ,12   ,-51.620366999847526 ,-4.3016972499872947
201504   ,08           ,26   ,-83.270108555913083 ,-3.2026964829197335
202001   ,01           ,314  ,-1684.1888107010461 ,-5.3636586328058824
201902   ,03           ,54   ,-108.85311788777267 ,-2.0157984794031973
201612   ,17           ,23   ,-83.498982470040943 ,-3.6303905421756926
201511   ,15           ,2    ,-5.13761467889908   ,-2.56880733944954
201607   ,09           ,14   ,-56.123887683002309 ,-4.0088491202144514
201912   ,08           ,10   ,-7.0850111717910034 ,-0.70850111717910036
201704   ,20           ,3    ,-15.5889820418539   ,-5.1963273472846332
202003   ,19           ,35   ,-97.778476514005746 ,-2.7936707575430213
202003   ,06           ,5    ,-2.71007387460007   ,-0.54201477492001349
202005   ,03           ,10   ,-39.175114178123394 ,-3.9175114178123387
202005   ,07           ,7    ,-23.283342944772187 ,-3.3261918492531697
201608   ,10           ,4    ,-29.549698257443939 ,-7.3874245643609848
201807   ,15           ,3    ,5.68406664931008    ,1.8946888831033601
201901   ,05           ,30   ,-65.595599976953935 ,-2.1865199992317979
201812   ,08           ,27   ,-59.926701265115227 ,-2.2195074542635265
201609   ,17           ,17   ,-107.70749199288345 ,-6.3357348231107915
201603   ,11           ,30   ,-109.74967780768495 ,-3.658322593589499
201604   ,03           ,41   ,-33.133999389365819 ,-0.80814632656989815
201911   ,01           ,37   ,-108.21360658285803 ,-2.9246920698069743
201704   ,14           ,2    ,-8.05687203791468   ,-4.02843601895734
202002   ,11           ,39   ,-93.958797988658389 ,-2.4091999484271382
201608   ,17           ,27   ,-129.02137445467153 ,-4.7785694242470944
201905   ,18           ,4    ,-19.8185011709602   ,-4.95462529274005
201510   ,10           ,4    ,-16.595208809230957 ,-4.14880220230774
202004   ,18           ,3    ,-2.52986647926915   ,-0.84328882642305
202005   ,16           ,4    ,-2.0288433212888606 ,-0.50721083032221514
201707   ,01           ,96   ,-172.38164176106847 ,-1.7956421016777966
201704   ,07           ,6    ,9.85150528781635    ,1.6419175479693913
201608   ,03           ,66   ,-54.568965594747226 ,-0.82680250901132157
201805   ,18           ,9    ,-42.224701603013663 ,-4.6916335114459624
201907   ,04           ,271  ,-305.52342135381792 ,-1.1273926987225753
201807   ,04           ,138  ,-53.300866465717988 ,-0.38623816279505796
201705   ,01           ,60   ,-170.20681351563059 ,-2.83678022526051
201609   ,02           ,29   ,-44.220854083580249 ,-1.5248570373648365
201501   ,03           ,1    ,2.28136882129277    ,2.28136882129277
201507   ,02           ,20   ,-37.232309020726234 ,-1.8616154510363114
201907   ,09           ,6    ,-11.386630066344241 ,-1.8977716777240397
201809   ,06           ,17   ,-19.587580776087648 ,-1.1522106338875089
201509   ,09           ,10   ,4.28563670227442    ,0.42856367022744196
201701   ,15           ,5    ,-9.95626731751732   ,-1.991253463503464
201807   ,13           ,10   ,-19.623358194921227 ,-1.9623358194921228
201912   ,13           ,13   ,-95.644769994571888 ,-7.3572899995824539
201702   ,13           ,2    ,-3.71559633027523   ,-1.857798165137615
201602   ,18           ,15   ,-86.528376463725451 ,-5.7685584309150286
201708   ,03           ,43   ,-41.884461566150726 ,-0.97405724572443531
201601   ,03           ,151  ,-87.814269321405277 ,-0.58155145245963791
201804   ,19           ,67   ,-270.57693661161238 ,-4.0384617404718268
201808   ,07           ,16   ,-2.0689698755293    ,-0.12931061722058135
201506   ,11           ,15   ,-54.312775997102932 ,-3.6208517331401957
201511   ,01           ,54   ,-161.77993123930841 ,-2.9959246525797854
201903   ,06           ,35   ,-89.890349985643027 ,-2.5682957138755147
201910   ,03           ,33   ,-56.256641854988146 ,-1.7047467228784288
201502   ,01           ,20   ,-74.773252428602433 ,-3.7386626214301217
201509   ,15           ,4    ,3.6958288583785794  ,0.92395721459464508
201911   ,07           ,3    ,-3.28264706452802   ,-1.0942156881760066
201706   ,15           ,1    ,-1.54320987654321   ,-1.54320987654321
201612   ,02           ,61   ,-283.98313271168053 ,-4.6554611919947622
201901   ,04           ,163  ,-343.12195260131244 ,-2.1050426539957821
201905   ,04           ,189  ,-304.88897081031962 ,-1.6131691577265594
201808   ,14           ,2    ,-4.91160398585663   ,-2.4558019929283148
201506   ,09           ,5    ,-4.33811681376815   ,-0.86762336275363017
201702   ,07           ,13   ,-19.050869475604237 ,-1.4654514981234033
201709   ,03           ,75   ,-180.47500540499863 ,-2.4063334053999821
201701   ,05           ,71   ,-118.41743023350232 ,-1.6678511300493286
201801   ,02           ,60   ,-211.05615833576834 ,-3.517602638929473
201803   ,19           ,89   ,-451.04505796045032 ,-5.0679219995556215
201706   ,19           ,41   ,-90.26066629280632  ,-2.2014796656782027
201802   ,16           ,14   ,-47.109000096660168 ,-3.3649285783328691
201605   ,11           ,32   ,-43.411711982982787 ,-1.3566159994682119
201506   ,12           ,6    ,-7.0180541901988205 ,-1.1696756983664702
201601   ,19           ,40   ,-185.10840988110886 ,-4.6277102470277223
201603   ,02           ,21   ,-55.276394495767605 ,-2.6322092617032196
201504   ,10           ,9    ,-30.807516591712048 ,-3.4230573990791164
201705   ,10           ,1    ,-5.52676891188452   ,-5.52676891188452
201903   ,09           ,3    ,-5.09501851915198   ,-1.6983395063839932
201903   ,18           ,4    ,-17.0990192976906   ,-4.27475482442265
202005   ,13           ,6    ,-14.610920781812752 ,-2.4351534636354586
201711   ,05           ,82   ,-123.95289924308651 ,-1.5116207224766649
201703   ,14           ,9    ,-28.76586857775305  ,-3.1962076197503393
201711   ,01           ,57   ,-89.395580875676259 ,-1.5683435241346713
201811   ,13           ,22   ,-83.462328410074548 ,-3.7937422004579346
201712   ,12           ,6    ,-3.4111525890970578 ,-0.56852543151617652
201609   ,01           ,63   ,-132.38753164553415 ,-2.1013893911989547
201504   ,19           ,114  ,-512.91444142246166 ,-4.4992494861619416
201505   ,11           ,43   ,-86.54670768745747  ,-2.0127141322664532
201509   ,07           ,15   ,-30.239724962546319 ,-2.0159816641697548
201902   ,18           ,6    ,-17.76423940782513  ,-2.9607065679708553
201806   ,16           ,8    ,-31.971415815845297 ,-3.9964269769806626
201606   ,19           ,90   ,-272.92984938342926 ,-3.0325538820381031
201603   ,14           ,2    ,-6.13459004763353   ,-3.0672950238167651
201505   ,12           ,20   ,-41.6355907738074   ,-2.08177953869037
201503   ,07           ,6    ,8.28320207495964    ,1.3805336791599399
201902   ,07           ,6    ,7.08851399749593    ,1.1814189995826552
202004   ,04           ,70   ,-160.41797248106394 ,-2.2916853211580572
201707   ,08           ,26   ,-30.982273833292787 ,-1.1916259166651069
201707   ,19           ,54   ,-208.9631508253064  ,-3.8696879782464149
201801   ,08           ,26   ,-71.383565306261048 ,-2.7455217425485015
201703   ,11           ,115  ,-339.07050558870122 ,-2.9484391790321842
201708   ,14           ,2    ,0.0                 ,0.0
201803   ,17           ,47   ,-242.23611051509567 ,-5.153959798193525
201803   ,06           ,24   ,-88.5156873044193   ,-3.6881536376841373
201509   ,06           ,15   ,-20.002072768865077 ,-1.3334715179243386
201601   ,16           ,17   ,-48.073176396030618 ,-2.82783390564886
201805   ,07           ,5    ,-7.16171401418492   ,-1.4323428028369838
201507   ,19           ,54   ,-269.4443094346758  ,-4.98970943397548
201909   ,05           ,240  ,-936.81672904827724 ,-3.9034030377011537
201809   ,09           ,9    ,-35.172833871784739 ,-3.9080926524205264
201601   ,13           ,4    ,-15.52238805970152  ,-3.88059701492538
201905   ,05           ,51   ,-73.6291930008308   ,-1.443709666682957
201904   ,07           ,11   ,10.25079139964163   ,0.93189012724014808
201801   ,10           ,13   ,-45.357895757539183 ,-3.489068904426091
201902   ,14           ,2    ,-6.49474689589304   ,-3.24737344794652
201901   ,02           ,19   ,-40.532647530377204 ,-2.133297238440905
