MonthYear,EventRootCode, SumAvgToneNumMentions,AvgAvgToneNumMentions
201704,01,-838.64907717977724,-19.060206299540393
201708,06,-360.951018817794,-15.039625784074753
201610,03,15.9714228974405,0.59153418138668468
201504,02,-381.36439626127577,-5.6082999450187589
201802,10,-350.12136407044966,-25.008668862174975
201603,09,-90.8078544142316,-18.16157088284632
201604,13,-482.06581179943186,-34.433272271387992
201509,11,-1006.3109847555634,-23.402581040827048
201609,08,-164.88311012875144,-6.8701295886979761
202001,13,-184.48631519668982,-11.530394699793112
201712,19,-654.91204098299681,-17.23452739428939
201510,03,14.80818398575574,1.1390910758273647
201508,07,-42.953184968855325,-6.1361692812650457
201906,19,-777.64970542763626,-15.248033439757569
201801,07,-213.01422182449747,-14.200948121633168
201710,07,-91.087547316105969,-8.2806861196459955
201606,16,-11.32920888620791,-2.2658417772415813
201608,01,-521.51783428949807,-9.8399591375377
201507,03,-105.0466637993718,-3.8906171777545113
201612,16,-86.923476754971759,-7.9021342504519767
202001,11,-1741.4249471716498,-24.527111931995066
201908,14,-36.7647058823529,-18.38235294117645
201910,09,-57.616956331774638,-9.6028260552957718
202003,02,-289.38246118212169,-9.9787055580041955
201903,08,-114.08844450800648,-4.3880170964617857
201906,13,-51.791297040165865,-12.947824260041466
201606,02,-313.57732449460036,-5.40650559473449
201605,09,-210.62259421289573,-23.402510468099521
201608,02,-432.30723469122222,-16.011379062637861
201709,02,-4942.958107353279,-22.990502824898979
201604,02,-288.6141604148749,-7.2153540103718736
201705,17,-424.66150467628086,-24.980088510369459
201705,15,-59.103908484270704,-29.551954242135352
201512,02,101.12206338039454,3.2620020445288564
201603,12,-16.404310279988049,-1.8227011422208943
201609,05,-132.67965428681876,-2.0731195982315436
201503,17,-207.85909230596494,-14.847078021854642
201910,12,-313.72213833722776,-26.143511528102316
201907,07,4.3356329488521306,0.722605491475355
201902,08,-446.58166653312924,-11.752149119292875
201707,07,-47.228906255231315,-2.6238281252906286
201712,06,-83.7806717082064,-10.4725839635258
201912,17,-209.45563049224631,-17.454635874353858
201504,16,-42.8067890006956,-10.701697250173899
201807,12,-238.64595248328007,-9.1786904801261535
201809,07,-43.0211140888691,-6.145873441267014
201801,20,-81.093910656388246,-20.273477664097062
201810,12,-381.55294859040231,-18.169188028114398
201703,15,17.086330935251798,5.695443645083933
201708,09,-998.72245647186685,-45.396475294175765
201704,12,-76.3494092792294,-12.724901546538232
201807,03,-316.86228765482764,-8.8017302126341015
201803,02,-3496.2523154059177,-23.946933667163822
201903,07,-47.014230953234652,-15.671410317744886
201508,02,-106.63177057387171,-2.9619936270519931
201609,12,-32.761211249387976,-4.6801730356268543
201907,03,-0.54454818611751676,-0.01756607051991943
201711,15,-81.1079936183088,-13.5179989363848
201909,03,-262.43840619471342,-6.2485334808265094
201708,13,-101.82782172455967,-11.314202413839963
201708,20,-125.478927203065,-25.095785440613
201906,09,-39.526495529718716,-19.763247764859358
201710,09,-79.2297556803773,-6.6024796400314427
201806,10,-486.68526731566283,-25.615014069245415
201801,14,-139.36094667907233,-27.872189335814465
201812,09,-5.5555555555556,-2.7777777777778
201507,13,-44.57729512463834,-22.28864756231917
202004,04,-639.99681028729424,-9.142811575532777
201707,08,-57.005695648982829,-2.1925267557301105
201707,19,-1348.4752012077765,-24.971762985329192
201708,14,0.0,0.0
201703,11,-1747.2340010278192,-15.193339139372332
201803,06,-218.42274585171677,-9.100947743821532
201803,17,-738.8197040380478,-15.719568171022296
201509,06,-63.275113733164162,-4.2183409155442781
201507,19,-1047.0661097542895,-19.390113143597947
201801,08,-533.91850202836054,-20.535327001090788
201601,16,-164.09968099240436,-9.6529224113179062
201905,05,-239.24626270674116,-4.691103190328259
201909,05,-3997.6930454613944,-16.657054356089155
201805,07,-96.288192773428136,-19.257638554685631
201601,13,-23.283582089552276,-5.82089552238807
201901,02,-176.36439988316297,-9.2823368359559471
201809,09,-211.72682262869614,-23.525202514299565
201904,07,26.096333300429876,2.3723939364027156
201801,10,-283.56021903913211,-21.812324541471703
201902,14,-32.4737344794652,-16.2368672397326
201608,08,-339.39337087411667,-15.426971403368938
201706,04,522.41912602232037,1.9277458524808873
201611,12,-63.609725012320162,-10.601620835386695
202001,05,-1842.5759261457727,-13.75056661302815
201811,11,-1938.9894590225542,-20.849349021747898
201603,05,-160.23520275647351,-3.4833739729668158
201802,05,-1194.1887913639039,-8.2357847680269227
201708,08,-343.868708457448,-11.857541670946482
201711,08,-289.59353981644654,-9.0497981192639543
201602,14,-194.66144497424511,-19.466144497424509
201507,09,-37.290121466193739,-7.458024293238747
201511,07,-7.64343915046738,-0.84927101671859773
202001,14,-113.84765904643726,-37.949219682145753
201710,04,-664.64968655942539,-5.5852914836926519
201505,18,-36.8231046931408,-36.8231046931408
201606,06,-21.001748595419237,-0.61769848810056527
201901,13,-84.576250160076086,-14.096041693346013
201506,14,15.403128760529439,15.403128760529439
201704,05,833.37643150190854,7.5761493772900774
201506,19,-472.35798020155306,-17.49474000746493
201511,19,-1106.5056581954689,-18.754333189753716
201509,01,-953.302600447073,-10.141517026032693
201604,11,-1860.3266269967919,-21.886195611726954
201612,04,-2307.6481002250421,-10.537205937100648
201802,19,-3064.0628464475312,-23.752425166259936
201902,01,-887.34827595809054,-10.083503135887394
201710,16,-85.45097764482793,-28.483659214942641
201710,08,-252.77248324186155,-13.303814907466396
201603,07,51.282051282051306,25.641025641025649
202003,17,-523.29425878828715,-30.782015222840421
201611,06,-23.728365115912837,-1.6948832225652029
201701,02,-475.06206950826243,-10.327436293657877
201602,09,-178.93261004188093,-25.561801434554411
201808,19,-1229.1406560898581,-14.808923567347687
201701,14,-180.89661282897859,-45.22415320724464
201601,02,-530.32467669260086,-4.7776997900234335
201705,05,-206.67154968229335,-4.05238332710379
201705,14,4.65116279069766,4.65116279069766
201612,13,-280.24756916968494,-46.707928194947485
201802,03,-621.41939559276318,-8.17657099464162
201806,08,-478.58787960498569,-14.955871237655803
201909,14,-69.1472306359269,-23.049076878642303
201602,12,-119.71886012035843,-17.102694302908347
201810,04,-1651.130988370513,-5.8759109906423932
201804,18,-66.648912475891663,-6.664891247589166
201806,09,-117.3745842210719,-16.767797745867419
201904,13,-180.77723802898831,-12.05181586859922
201607,14,-22.835394862036196,-7.6117982873453993
201602,04,-1432.0726086064906,-4.7577163076627578
201508,08,-153.08443176013679,-8.0570753557966732
201609,11,-457.72290169173789,-15.257430056391261
201605,16,-73.87821998198082,-14.775643996396163
202001,02,-598.72171407810265,-9.503519271080993
201712,11,-714.50401483629366,-19.8473337454526
201703,02,-229.7378079329556,-5.7434451983238919
201804,06,-222.13951374668275,-17.08765490359098
201705,16,-17.146705146705102,-8.5733525733525511
201811,09,-139.29797057209475,-13.929797057209473
201905,15,20.2020202020202,10.1010101010101
201606,08,-434.61651806632392,-8.35800996281392
201707,04,-97.682805118076658,-0.092942726087608618
201707,17,-4.8330751928892788,-0.25437237857311956
201803,05,-60.066222277787269,-0.51338651519476275
201709,18,-307.94217842749725,-102.64739280916575
201509,17,-172.86957049014273,-14.405797540845224
201504,17,-194.38632972392372,-8.4515795532140761
201705,02,-237.7300815209087,-8.19758901796237
201811,10,-282.95891399256465,-11.789954749690192
201802,12,-583.41444826099621,-15.353011796342003
201610,16,-30.927835051546403,-30.927835051546403
201809,17,-116.95071328116805,-29.237678320292012
201909,16,-66.015050001230662,-13.203010000246133
201804,02,-377.88504873501807,-12.189840281774776
202003,12,-100.06886890952272,-11.11876321216919
201711,09,-299.5080402486073,-21.393431446329096
201606,18,-267.72729942446853,-19.123378530319179
201804,09,-15.6479217603912,-15.6479217603912
202005,06,26.818456934948415,3.3523071168685532
202004,19,-724.40789608359307,-18.110197402089831
201702,16,-17.148588164588396,-1.71485881645884
201904,04,-909.62825204995011,-6.1461368381753383
201803,09,-811.593469826365,-26.180434510527903
201602,06,-182.98027648466405,-6.0993425494888029
201502,02,-149.54865903078047,-7.1213647157514508
202001,04,-3101.7309666277156,-12.116136588389516
201907,01,-374.85173034011655,-11.025050892356372
201807,10,-7.7563110106894424,-0.70511918278994956
201907,02,-225.32139193943925,-5.00714204309865
201609,18,59.641339053104311,9.9402231755173851
201609,13,-3.7857693537936079,-0.63096155896560013
201509,10,-426.0648017881378,-17.752700074505736
201604,07,-96.2369898710143,-10.692998874557146
201603,03,205.57065690591082,10.819508258205829
201510,14,-5.15021459227468,-5.15021459227468
201909,18,-182.42110838327315,-18.242110838327317
201612,10,-35.114596923121383,-5.01637098901734
201810,09,-261.10498442284711,-15.359116730755716
201509,13,-14.828418055766861,-7.41420902788343
201608,04,-2468.3781818895382,-6.8566060608042756
201608,19,-2552.6935128604732,-25.52693512860472
201711,02,-592.81600279914426,-5.38923638908313
201702,17,-567.22221451516907,-16.206348986147681
201803,12,-688.63492193743775,-23.74603179094613
201709,09,-160.55887599938242,-10.703925066625494
201903,03,61.657736609598132,2.6807711569390467
201503,04,-1325.6502052440119,-6.0531972842192285
201508,03,-343.82651573863592,-4.1930062894955533
201507,04,-726.55502598048213,-5.5042047422763787
201509,12,-676.87597555988964,-18.293945285402426
201907,11,-300.83048477219154,-8.847955434476221
201802,08,-1399.2859917858293,-18.65714655714439
201902,12,-190.56194307438727,-15.880161922865607
201705,09,-188.115703505534,-20.901744833948221
201607,05,-206.5801679856275,-3.3865601309119251
201806,17,-168.2108808008505,-8.4105440400425238
201508,15,-3.23886639676116,-1.61943319838058
201603,20,-14.432989690721641,-14.432989690721641
201602,03,41.848786471506386,0.40239217761063789
201612,08,-741.334572796722,-16.115968973841781
201505,06,-173.90373213092005,-6.4408789678118543
201510,13,-174.23779873613086,-17.423779873613082
201909,13,-218.3391235882815,-10.916956179414072
201508,11,-439.18389084236833,-14.639463028078941
201507,10,-82.512142598949907,-13.752023766491652
201901,17,-353.62142924943157,-29.46845243745263
201901,09,-97.404116647633884,-32.468038882544626
201504,09,-93.000741629811827,-23.25018540745296
201709,06,-27.443687097516388,-2.2869739247930312
202005,05,-557.5753023510847,-8.578081574632078
201807,19,-788.81784685378534,-17.529285485639672
201901,08,-111.9702417497991,-7.9978744106999375
201509,14,-75.243770314192886,-15.048754062838579
201705,19,-449.64883632930065,-17.985953453172023
201609,10,-59.971973042890681,-5.9971973042890667
201605,02,-5.0912835661714944,-0.15428132018701524
201805,08,-89.02966523600486,-12.718523605143552
201812,19,-493.98774668570564,-12.999677544360674
201605,10,-53.769729233276017,-8.9616215388793368
201911,13,-188.63640854447164,-13.474029181747973
201906,14,-7.56302521008402,-3.78151260504201
201507,14,-62.264428132697418,-15.566107033174356
201607,12,-869.25029674539064,-25.566185198393836
201810,16,-1.65571483790734,-0.331142967581468
201806,02,-432.89815921603952,-11.699950249082146
201912,15,-21.623475718277902,-10.811737859138951
201608,07,-80.599834777270388,-11.514262111038628
201611,04,-829.945481084196,-5.3892563706765966
201704,06,20.1534034793604,2.5191754349200504
201701,01,-633.4128739639001,-8.6768886844369888
201512,03,-128.94015645611319,-5.3725065190047179
201510,06,-11.952682789013245,-0.45971856880820144
201505,05,-676.2498503494603,-6.1477259122678243
201511,16,0.0,0.0
202002,12,-522.62402081467144,-18.0215179591266
201503,06,-0.19599230737309137,-0.010315384598584235
201909,19,-2389.1686864985436,-17.312816568830023
202003,10,-88.5070565154104,-44.2535282577052
201711,07,39.668839483180065,9.9172098707950145
202002,15,-27.9069767441861,-27.9069767441861
201804,10,-46.7571644042233,-46.7571644042233
201806,14,-17.376789112858972,-3.4753578225717936
201910,14,-22.857142857142797,-22.857142857142797
201611,10,4.40528634361236,2.20264317180618
201803,11,-5366.9604815095727,-35.308950536247195
201903,19,-812.00987501143072,-13.311637295269357
201903,02,-127.80539344995141,-4.5644783374982651
201508,05,-473.47554822280682,-5.0369739172639054
201801,06,-569.36650920063585,-21.898711892332152
201601,17,-170.68164661754386,-10.04009685985552
201510,02,-64.10190024786678,-2.4654577018410304
201910,02,-176.45857244686005,-8.822928622343003
201806,06,-29.707771605419282,-7.42694290135482
201907,10,-4.24278137890396,-2.12139068945198
201705,06,-107.45200935540967,-4.6718264937134641
201911,06,-400.0163270223764,-40.001632702237629
201906,06,58.973917435826806,9.8289862393044665
201607,20,-24.5098039215687,-24.5098039215687
201710,18,-95.4279939484444,-13.632570564063489
201911,02,-112.95749170363949,-22.5914983407279
202004,17,-463.79211048300033,-24.410111078052651
201707,12,-311.52947023736118,-10.742395525426245
201706,07,-73.4166881027057,-2.9366675241082283
201701,08,-598.60159712776169,-11.085214761625217
201805,05,-299.44589233875809,-7.8801550615462661
201610,11,-406.71403923428437,-9.6836676008162943
201503,03,-11.370998097674427,-0.33444112051983588
201706,18,-117.60108177906585,-7.3500676111916157
201610,17,-39.92424374564753,-4.4360270828497264
202002,04,-568.63260541377088,-4.7386050451147561
201610,12,-8.817780930079671,-1.4696301550132791
201909,10,-623.64536419959063,-29.697398295218598
201806,01,-247.69366991254296,-5.5043037758342876
201909,06,-648.84491787081743,-23.173032781100627
201804,01,-1393.8278194847903,-25.811626286755374
201507,12,-45.134220731458605,-7.5223701219097654
201904,15,-12.170820321886019,-3.0427050804715048
201906,10,-162.45382004002533,-13.537818336668776
201606,03,-231.18651823400927,-1.864407405112978
201807,20,-10.62730627306272,-5.3136531365313608
202005,10,-7.4468085106383,-7.4468085106383
201702,19,-1484.078753409327,-24.734645890155448
201809,03,19.869557145172273,0.73590952389526954
201601,04,-1872.5304117633925,-4.3345611383411891
201705,08,-435.01219058082108,-20.71486621813434
201612,09,-519.56376445719286,-47.233069496108442
201907,16,-96.889251922946016,-32.296417307648674
201806,03,-35.778428364413166,-0.715568567288264
201912,02,-361.80776096031491,-12.060258698677163
201503,10,-109.58887910759576,-36.529626369198589
201711,13,-83.061481425047617,-5.5374320950031741
201607,11,-1079.2084678820829,-19.621972143310597
201803,14,41.77443433136736,6.9624057218945588
201903,16,-11.9496855345912,-3.9832285115304003
201904,14,-56.2992226836343,-14.074805670908574
201709,16,-25.42801059665052,-8.47600353221684
202005,09,-109.159319618844,-54.579659809422
201611,03,-82.775842883726853,-0.9972993118521315
201805,04,113.50889866247522,0.99569209353048482
201809,05,-221.63673575818427,-4.4327347151636864
201504,05,-444.37721121040528,-4.3566393255922105
201509,05,-622.51184061826211,-5.2311919379685863
201511,09,-262.7776360729855,-17.518509071532364
201505,19,-831.35874335611891,-12.048677439943749
201811,19,-2061.1458566915217,-39.6374203209908
201511,02,-375.46275831359736,-8.16223387638255
201909,15,-96.30043015198325,-13.757204307426177
201911,12,-124.43507206282609,-31.108768015706524
201701,09,-77.3088390730208,-9.663604884127599
201710,11,-565.15885331863376,-22.606354132745349
202005,08,-185.47510221358431,-10.304172345199127
201608,18,-188.75707523538676,-23.594634404423346
201708,19,-1651.6026725005104,-19.430619676476592
201602,05,-1891.7892786612508,-26.274851092517373
201701,10,-240.49427342948525,-10.456272757803708
201709,01,-2198.8972403622697,-20.941878479640668
201901,01,-1198.343166681733,-14.265990079544439
201904,19,-577.38638232159815,-18.625367171664458
201808,15,10.169608383894051,2.5424020959735127
201609,14,14.435377730981759,7.21768886549088
201907,13,-273.45135761437467,-34.181419701796834
201905,03,-120.71610385997667,-3.5504736429404904
201704,10,-362.84602236062585,-45.355752795078232
201909,02,-2109.4852828240255,-17.726767082554836
201511,13,-9.34656402531445,-1.86931280506289
201710,19,-799.216872752391,-21.032022967168182
201810,02,-2303.3535067900716,-17.318447419474222
201802,13,-119.93902672966571,-19.989837788277619
201505,20,-6.27137970353475,-2.09045990117825
202004,11,-81.202381773886032,-6.2463370595296954
201704,09,-60.639395490204357,-15.159848872551089
201703,07,-174.96969811110921,-9.2089314795320654
201807,06,-165.91155175957167,-6.9129813233154866
201702,05,-281.66081187024378,-2.1834171462809584
201511,04,-2245.9537606579988,-10.446296561199988
201505,09,-3.404873703348696,-0.42560921291858722
201511,03,-36.9278687934548,-1.1190263270743879
201501,01,15.969581749049389,3.1939163498098782
201908,10,-759.42658400815571,-44.672152000479748
201812,13,-111.56815563200411,-13.946019454000513
201812,14,-1.6965202643225812,-0.24236003776036874
201804,11,-3171.2818926199216,-28.31501689839217
201807,18,-109.39210053495478,-18.232016755825796
201904,08,-71.379940768521067,-5.9483283973767547
201811,07,6.3002025640687549,0.70002250711875114
201502,06,-20.415067886553597,-6.8050226288512
201606,12,-10.088856309309207,-0.56049201718384456
201708,04,-1034.6639617558385,-6.0154881497432475
201611,08,-56.031726921973394,-4.0022662087123848
201703,19,-333.06386971979987,-9.5161105634228527
201803,01,-2376.7350834261442,-23.767350834261443
201803,18,-911.1891955071784,-65.084942536227032
201901,11,-1282.6441592211977,-16.876896831857866
201809,12,-92.775949711828218,-11.596993713978527
201505,03,-92.541695965778729,-0.74630399972402173
201502,04,-674.90646267346472,-13.773601279050299
201707,10,-200.28469611615981,-16.690391343013317
201505,16,-1098.1140633601728,-49.914275607280572
201806,12,-181.45896839732268,-12.961354885523049
201909,07,-168.61102114147008,-11.240734742764673
201905,07,-2.60088338847072,-0.28898704316341295
201906,01,-339.57059304396171,-6.7914118608792347
201612,12,-210.0081434215447,-30.001163345934955
201810,08,-637.76163106532272,-28.989165048423761
201606,17,-678.32723029508816,-18.333168386353737
201707,06,-125.43439033967172,-9.648799256897826
201711,04,-634.1780712254465,-2.7693365555696356
201611,17,-343.29754694532994,-15.604433952060452
201904,02,-1597.0069367019585,-28.517981012534975
201901,10,-26.319078875760564,-2.9243420973067291
201601,14,-243.22655729168054,-12.801397752193711
201712,18,-71.5125463830413,-35.756273191520648
201902,16,-18.098828662208998,-6.0329428874029993
201906,15,-42.331725939320961,-8.4663451878641922
201909,20,-38.3838383838384,-19.1919191919192
201805,09,-337.92911768902604,-24.137794120644713
201805,06,-170.61377698565479,-42.653444246413706
201606,07,-300.2390174208935,-20.015934494726235
201706,10,-79.7546012269934,-39.8773006134967
201911,15,-97.014925373133792,-48.507462686566896
201706,19,-275.41843200843408,-6.7175227319130268
201702,07,-89.5961155358039,-6.8920088873695322
201709,03,-521.79203626121182,-6.9572271501494889
201701,05,-370.73460253745588,-5.2216141202458575
201803,19,-2411.227010359662,-27.092438318647883
201603,02,-248.60644419035629,-11.838402104302682
201801,02,-914.981070807,-15.249684513450001
201802,16,-198.62406318631267,-14.187433084736618
201504,10,-87.995557115556778,-9.7772841239507553
201601,19,-950.03235296150626,-23.750808824037662
201605,11,-119.05943911321833,-3.7206074722880729
201506,12,-11.41602104415308,-1.902670174025513
201903,09,-47.08250071314832,-15.694166904382772
201705,10,-44.214151295076157,-44.214151295076157
201903,18,-80.322682695349556,-20.080670673837389
201803,08,-772.26874702634586,-24.133398344573312
201904,03,-56.311789765839066,-2.0856218431792248
201908,04,-2371.6736428112758,-9.56320017262611
201910,04,-897.73603198226579,-4.8265378063562689
201603,08,-20.779257235801598,-1.7316047696501331
201506,02,-487.80725635065374,-15.73571794679529
201902,13,-122.7687109292057,-12.276871092920571
201911,16,-157.17278832867427,-19.646598541084284
202001,18,-111.93961630731752,-18.656602717886251
201703,08,-161.32707876942331,-12.409775289955638
201607,07,-350.77222298856759,-20.633660175798092
201804,03,-20.398035695807749,-0.61812229381235584
201810,07,22.816148392222878,5.7040370980557205
201702,11,-664.47956867354867,-10.067872252629526
201610,07,3.459590157771764,0.28829917981431397
201903,12,-117.3908148603977,-16.77011640862824
201509,19,-2729.3572531276664,-27.023339139877891
201603,06,-182.67027984896248,-13.047877132068745
201507,17,-779.67126900759354,-29.987356500292066
201506,07,-293.59907432214675,-12.765177144441164
201506,10,-59.748444447967621,-9.95807407466127
201605,06,-160.18649063590328,-10.011655664743957
201605,14,20.9895052473763,10.49475262368815
201711,11,-1771.8842240975316,-20.366485334454385
201711,16,-102.87510358338263,-12.859387947922828
201510,12,-160.22321948116905,-7.6296771181509051
201712,02,-997.08853809360789,-23.188105537060647
201804,17,-482.14253490730965,-22.95916832891951
201905,06,-130.45044752661573,-10.870870627217977
201712,10,-93.637592210273908,-10.404176912252657
201512,07,2.6181906911487602,1.3090953455743803
201506,20,-105.19029151026065,-17.531715251710111
201703,16,9.3304384411258354,1.3329197773036894
201804,12,-85.259207836517476,-9.473245315168608
201810,03,-653.97457365999378,-13.079491473199877
201911,10,-26.909090909090882,-13.454545454545439
201703,20,-62.84403471852432,-20.948011572841441
202004,03,16.58011006898689,3.3160220137973786
201709,05,-1335.0464560259361,-10.766503677628515
201603,19,-921.320114754414,-20.028698146835087
201506,03,-315.14787474223124,-4.6345275697386921
201507,05,-171.8264942501302,-4.6439593040575726
201607,08,-56.926577737433178,-2.9961356703912192
201612,11,-1363.7385630252063,-16.836278555866741
201612,18,-2361.8215579945763,-27.147374229822713
201610,18,-94.508673443757516,-23.627168360939379
201908,13,-406.15418185274638,-16.9230909105311
201711,03,-145.03371432344542,-4.028714286762372
201505,08,-613.98305801417951,-15.74315533369691
201912,19,-952.98278537411386,-21.177395230535865
201703,06,-112.17627137591253,-11.217627137591254
201810,13,-710.71259879616275,-24.507330992971124
201701,16,-66.402447325710739,-9.4860639036729619
202004,06,-59.0482924548226,-7.3810365568528251
201912,18,-61.3207547169811,-61.3207547169811
201703,13,-31.558611400552167,-10.519537133517389
201710,15,-32.48658318425754,-16.24329159212877
201608,06,-311.690219076958,-7.99205689940918
201901,19,-774.90626462711066,-14.350116011613162
201903,11,-631.94435202783575,-11.284720571925641
201503,11,-201.603739794216,-13.440249319614397
201612,07,-83.164694964240482,-1.6632938992848096
201908,06,-202.81763096301077,-9.2189832255913977
201811,18,-80.946008869643677,-8.09460088696437
201811,02,-678.77208675558677,-16.969302168889669
201702,10,-127.13898567557109,-31.784746418892773
201711,12,-245.66803407360865,-15.354252129600539
201712,05,-64.66797884057199,-2.1555992946857327
201906,04,-1012.2488329399397,-6.6160054440518934
201906,03,-241.7515628397712,-7.325804934538521
201912,10,-153.11757261300892,-30.623514522601781
201806,07,-21.793784600425994,-1.556698900030427
202003,08,-1165.9237776659093,-18.217559026029832
202003,05,-207.3164813931692,-6.4786400435365374
201706,02,56.310094384726526,0.97086369628838853
201703,04,-647.47644715414128,-2.4341219817824857
201809,13,-39.172867726926341,-9.7932169317315854
201506,04,-536.59549234924907,-2.4502077276221454
201602,01,-1405.118898644268,-14.337947945349661
201510,08,-109.24332146833541,-9.9312110425759457
201603,16,-13.301057459549041,-6.65052872977452
201904,06,-121.87460539918497,-6.0937302699592468
201712,04,-242.31181349208487,-2.9915038702726515
201911,17,-589.37031373516868,-24.55709640563202
201807,09,-33.978181679839352,-11.32606055994645
201701,20,-83.1730996282578,-27.7243665427526
201704,19,-783.16848853635611,-15.663369770727122
201611,07,-1.2310151193950141,-0.082067674626335574
201709,08,-560.37494694932457,-22.414997877972976
201809,19,-997.89240663745011,-14.462208791847102
201508,06,-114.47447500289377,-7.15465468768086
201510,17,-485.9751252251221,-16.757762938797317
201512,01,-510.31832162471784,-11.093876557059081
201603,17,-164.74783084811619,-10.296739428007264
202002,06,7.2438593163243805,0.25870926129729915
201802,09,-63.110234010066762,-9.0157477157238226
201512,18,-33.939114933409236,-4.2423893666761545
201709,10,-2814.9262074763628,-40.213231535376615
202001,15,-105.66611272676926,-26.416528181692314
201810,06,55.858759803560154,5.5858759803560165
202005,01,-99.833225434616367,-5.5462903019231309
201611,19,-1998.1906117688084,-38.426742534015546
201610,05,73.167124990291,0.84100143667001159
201801,12,-931.00987744995041,-21.651392498836056
201802,11,-7223.920219126805,-27.784308535103094
201507,15,-3.50877192982456,-1.1695906432748533
201610,10,-187.23517553580203,-23.40439694197525
201711,10,-325.37652992831477,-21.69176866188765
201905,12,-260.45891372112646,-6.3526564322225951
201805,02,-616.983877991983,-17.138441055332859
201811,16,-190.08415777118256,-13.577439840798753
202004,09,-77.104156171268613,-12.850692695211436
202003,14,-83.877667337795472,-11.982523905399351
201910,16,-1.36309715009014,-0.34077428752253525
201707,05,-124.46805174357659,-1.1315277431234239
201704,17,-150.00644091697598,-13.636949174270542
201807,14,-19.242285794615821,-6.4140952648719409
201801,11,-2549.2348683317896,-28.013569981668009
201905,11,-1236.7652619949718,-19.947826806370514
201908,16,-181.28644757696344,-13.945111352074113
202001,06,-604.94166767931847,-25.205902819971605
202003,13,-120.29335545431806,-20.048892575719677
201711,18,-31.635802469135797,-15.8179012345679
201808,10,-70.620260749189,-17.65506518729725
201701,07,-192.72376165384819,-6.2168955372209105
201508,17,-444.5457795913681,-14.340186438431237
201609,04,-1677.119480829343,-8.6897382426390823
201601,10,-167.4477961262225,-23.921113732317497
201609,03,-370.92800416887547,-6.62371436015849
201909,01,-2153.306721054591,-13.8032482118884
201804,05,-394.18617969608738,-8.212212077001821
201607,01,-1381.115428852615,-12.331387757612632
201810,17,-402.46464222171477,-28.747474444408194
201911,09,-96.022433546916375,-19.204486709383275
202001,20,-41.956319944632163,-10.489079986158041
201702,15,82.2150738556054,6.3242364504311848
201503,16,-53.731343283582106,-53.731343283582106
202003,16,-40.903640723784505,-20.451820361892253
201611,01,-293.09997479860385,-8.141665966627885
201601,05,-484.12834067321324,-5.2056810825076738
201604,04,-675.82978835486574,-3.9065305685252363
201601,12,-498.97448788798249,-12.474362197199559
201511,10,-378.622896914395,-47.327862114299386
201907,19,-408.31996153323377,-9.7219038460293756
201706,13,-114.17270386149737,-12.685855984610818
201802,18,-266.97651979357875,-19.069751413827053
201902,19,-1323.5389995708224,-20.6802968682941
201504,18,-149.02879407457897,-18.628599259322371
201801,16,-58.494924918282628,-11.698984983656526
201812,16,-21.6450216450217,-21.6450216450217
201606,09,-102.1924745144255,-12.774059314303187
202004,13,-28.15126050420168,-14.07563025210084
201610,02,-205.79441489692204,-9.7997340427105737
201903,17,-88.075753507831152,-5.5047345942394479
201605,01,-750.28803228177435,-8.6240003710548745
201811,01,-1034.5446562151149,-15.213892003163451
201512,17,-351.32044016409225,-14.638351673503843
201910,17,-674.989933799456,-26.999597351978242
201605,07,-4.8884630665762927,-0.40737192221469121
201706,06,-23.75454777530534,-3.9590912958842246
201906,17,-388.11667248903728,-16.171528020376549
201602,10,-93.530527352789221,-8.50277521388993
201905,09,-233.05429832887324,-25.894922036541473
202002,02,-140.95600748900665,-3.2035456247501508
201812,06,-162.12107676177047,-13.510089730147538
202001,12,-257.90297562670673,-10.745957317779446
201607,16,-136.61127564888224,-15.179030627653582
201503,14,-67.4619177176269,-9.6374168168038423
201905,08,-359.09672502171827,-18.899827632722012
201707,18,-3.0202880108034389,-0.75507200270085839
201608,14,6.14525139664806,6.14525139664806
201702,08,-167.00502101319222,-5.7587938280411111
201805,19,-481.13068934594457,-11.455492603474871
201610,01,-600.917911379503,-15.022947784487572
201602,19,-1322.2740816550274,-22.797828994052196
201612,05,-186.215918792092,-1.6626421320722495
201604,17,-408.76622930289631,-19.465058538233151
201603,18,-1350.3653403456542,-71.071860018192325
201804,08,-318.72918853721853,-35.41435428191317
201901,03,-134.49101016957459,-3.3622752542393655
201911,03,-212.66056331448684,-5.9072378698468553
201901,18,-91.8464459468332,-15.307740991138864
201507,20,-11.768661735037,-11.768661735037
201810,18,-106.32233451695711,-21.264466903391423
201607,18,-184.29814474185463,-20.477571637983846
201707,15,76.2132490517067,19.053312262926674
201807,05,-809.22377312812171,-9.8685825991234353
201808,04,-1920.7875742346987,-8.5749445278334715
201808,17,-784.33952635917649,-34.1017185373555
201510,11,-990.076533942429,-20.205643549845494
201801,09,-200.50440540515467,-28.643486486450666
201908,19,-1453.7795096390298,-18.638198841526023
201904,05,-113.97559242171049,-5.1807087464413861
201512,13,-170.65616764414375,-17.065616764414376
201502,03,-0.39655850948164328,-0.0660930849136081
201610,20,-34.557235421166318,-17.278617710583159
201510,18,-29.417268613386756,-2.6742971466715235
201809,02,-1052.6414225960875,-35.088047419869575
201903,20,-588.35728828410834,-39.223819218940555
201607,17,-430.2681987042838,-14.83683443807875
201808,16,7.37327188940092,3.68663594470046
201912,06,-4.2553285682088795,-0.60790408117269645
201901,14,-24.242424242424239,-8.08080808080808
201810,14,-61.265260821309695,-20.421753607103234
202004,02,-79.547875287618126,-8.8386528097353469
201704,18,-104.67515971049323,-10.467515971049325
201807,08,-210.58821354791243,-11.083590186732234
201702,14,-29.7397769516729,-29.7397769516729
201706,09,-96.046206176878258,-7.3881697059137137
201701,06,-36.283842029767513,-3.0236535024806259
202002,05,-471.02197785291537,-11.775549446322886
201807,16,-24.25367032287048,-4.8507340645740964
201605,08,-428.48567844260913,-20.404079925838534
201910,19,-1123.7859658246905,-17.289014858841398
201711,17,-602.683328891887,-19.441397706189903
201907,08,-280.67675782124257,-17.542297363827661
201506,06,-38.82546679319988,-2.0434456206947322
201812,01,-481.93470679918056,-6.8847815257025813
201804,04,-2670.3819087663046,-11.868364038961358
201504,07,24.041013853219617,1.3356118807344235
201511,12,-93.627152756233357,-11.70339409452917
201708,15,-184.19215747065559,-46.04803936766389
201903,10,3.4601484142769197,1.7300742071384598
201605,18,-24.592422502870281,-12.296211251435142
202001,10,-227.03793247430062,-20.639812043118241
201710,02,-206.73787278349278,-7.656958251240475
201606,05,449.11242806293336,1.5813817889539896
201903,13,-25.42219685076817,-8.474065616922724
202002,16,-356.52582716814169,-35.652582716814173
201505,15,-15.503003003002959,-7.75150150150148
201905,16,-13.651285976113279,-3.4128214940283197
202004,07,56.144990228678765,7.0181237785848456
201706,17,-208.41466680004589,-18.946787890913267
201703,17,-1087.2601003971001,-23.133193625470213
201702,12,-169.40075653847063,-8.9158292914984525
201603,04,-402.65030231494728,-4.3295731431714763
201509,02,-436.49482143791505,-11.486705827313555
201803,07,-102.10577826663817,-6.0062222509787144
201801,15,-75.815008665121326,-37.907504332560663
201802,07,-117.27636715934159,-4.8865152983059
201904,18,-88.189320850614521,-22.047330212653634
201908,17,-237.7654566287423,-11.322164601368682
201508,10,-15.837104072398279,-5.2790346907994268
201511,14,-6.77966101694909,-3.389830508474545
201911,05,-227.29853286559097,-4.6387455686855308
201912,05,-1863.4714275844897,-15.274355963807293
201712,08,-448.75167249638758,-20.397803295290341
201908,20,-103.65853658536601,-51.829268292683004
201611,02,-139.2785206085432,-4.642617353618105
201601,01,-1367.5489222643762,-7.9049070651120017
201512,11,-851.43433514571279,-11.505869393860978
201705,11,-433.61831429489928,-10.084146844067423
201602,07,5.4101757287139591,0.67627196608924489
202002,08,-169.60804289961536,-15.418912990874123
202002,07,-130.03326101169668,-7.6490153536292178
201908,01,-1647.0012767775675,-12.572528830363108
201811,17,-417.67454789508895,-12.656804481669363
201504,14,-6.9686411149826,-3.4843205574912997
201707,09,-57.671365718982813,-11.534273143796565
201806,11,-2330.7265501264324,-18.645812401011451
201804,13,-75.951768097775641,-15.190353619555129
201902,10,-32.694359756097562,-5.4490599593495936
201710,17,-142.076515473879,-7.4777113407304752
201502,16,-18.13867650935936,-18.13867650935936
201912,12,-203.62351389692705,-12.726469618557941
201606,14,15.192326410831974,2.1703323444045646
201809,16,-128.50006676942957,-18.357152395632795
202003,01,-412.6712267964358,-12.137389023424582
201901,06,129.50870038271435,10.792391698559532
201605,17,-678.02405236814934,-22.600801745604983
201602,02,-605.489873013524,-11.424337226670257
201502,08,-74.076968432003611,-14.81539368640072
201705,12,-167.44578968089891,-9.8497523341705229
202002,01,-1066.5749349808384,-17.202821531949013
201908,05,-2205.8751868727777,-14.050160425941259
201802,17,-562.08914943494278,-15.191598633376833
201802,06,-973.545301752412,-17.384737531293073
201511,08,-295.2522917152184,-11.355857373662246
201806,18,-34.643827885656336,-11.547942628552113
201512,09,-79.8370567044429,-13.30617611740715
201708,18,2.0833333333333,0.520833333333325
202005,19,-487.83587387183866,-11.615139854091396
201611,16,-269.896636662355,-33.737079582794372
201809,04,-750.69765264454566,-4.8746600821074386
201709,13,-1142.0609543837522,-36.840675947862977
201503,19,-1150.1655077571597,-18.855172258314084
201605,05,67.2029477140218,0.76366986038661155
201510,16,-60.9751428340488,-15.2437857085122
201610,14,-306.75444302470544,-11.798247808642513
201503,01,-513.810320743966,-10.932134483914172
201907,05,-289.55157937929306,-3.4885732455336518
201512,12,-73.441171808569635,-12.240195301428273
201909,09,-12.176424915947798,-2.43528498318956
201912,01,-526.317531466896,-9.569409663034472
201809,18,-95.4749814494581,-23.868745362364525
202005,04,-923.60701656258959,-11.402555760031968
201703,03,588.99789602000783,7.0118797145239009
201808,01,-910.98926946393806,-17.51902441276804
201808,02,-282.38214554724442,-12.835552070329291
201604,19,-733.61824940815927,-15.283713529336652
201502,05,-138.61687812525454,-6.026820788054545
201609,06,-94.83932328943159,-5.2688512938573107
201609,15,-15.916167664670642,-15.916167664670642
201910,11,-1487.05324893481,-23.604019824362066
201604,06,50.14289594973593,4.1785746624779945
201512,19,-327.12808900861745,-11.280278931331637
201509,16,-245.65291365966704,-22.33208305996973
201806,19,-379.48656988264736,-11.499593026746894
201506,13,-48.15901236973572,-8.0265020616226188
201503,09,-133.03962703962696,-26.607925407925396
201502,17,-20.02660471913056,-5.00665117978264
201606,10,-20.383076043453372,-2.9118680062076243
201509,04,-1485.5787197393086,-7.98698236418983
201808,05,-802.73927254021828,-12.349834962157205
201908,12,-829.20490740264142,-36.052387278375711
201512,08,-94.973087918371945,-8.6339170834883561
201910,13,-62.680463168268055,-20.893487722756021
201712,01,-352.36627440706519,-9.52341282181257
201508,14,-110.90416051770407,-10.082196410700371
201602,08,-61.06816907172513,-4.0712112714483419
201703,10,-425.8582504771465,-15.772527795449871
201811,06,-67.208637855609183,-6.7208637855609155
201806,15,-9.25925925925926,-9.25925925925926
201704,03,221.0776564756307,6.6993229235039617
201604,05,-467.77500452784295,-6.4968750628867067
201904,01,-303.422576287856,-7.40055064116722
201801,03,-250.18406582493259,-7.3583548772038991
201602,17,-626.52802535175329,-21.604414667301835
201607,03,-1500.6353382531165,-14.291765126220158
201602,16,-17.6464308670888,-2.2058038583861
201607,04,-3953.4041648068755,-8.8049090530219942
201511,11,-1440.9477937285021,-32.7488134938296
201902,04,-1831.9396256477066,-9.2991859169934337
201812,11,-614.3739838530405,-21.941927994751445
201812,03,54.420940679430117,2.5914733656871487
201906,12,-23.504537792364005,-2.6116153102626676
201906,02,-64.5026036919856,-4.0314127307491
201810,11,-1703.2006368971101,-22.410534696014604
201811,12,-71.831766414430888,-17.957941603607722
201503,15,-18.748140353423562,-9.3740701767117809
202002,09,-97.900665642601112,-24.475166410650278
201706,12,-103.93704316026401,-17.322840526710667
201704,20,-50.948871701462473,-16.982957233820823
201611,11,-136.09418521037136,-6.1860993277441514
201505,04,-1133.8630864411227,-3.7545135312619933
201508,13,-149.69312035688617,-10.692365739777582
201504,08,-309.98739402951946,-11.922592078058445
201709,17,-589.28176560069369,-19.009089212925602
201612,17,-444.53657784278084,-19.327677297512206
202001,01,-4581.628290836893,-14.591172900754431
201801,05,-973.27038545950984,-12.806189282361974
201907,12,-68.307957643641956,-6.2098143312401781
201902,03,-412.12676767126845,-7.6319771790975652
201805,11,-877.03006805470761,-27.407189626709609
201908,18,-221.78324831576225,-18.481937359646849
201709,20,-53.080568720379119,-26.54028436018956
201912,03,-245.41527906299928,-5.2216016821914737
201511,15,-5.13761467889908,-2.56880733944954
201912,08,-20.602228873206712,-2.0602228873206712
201607,09,-241.39311866756378,-17.2423656191117
201710,03,-346.91770695734766,-11.190893772817667
201805,17,-68.964220357347159,-6.896422035734715
202004,05,-175.81852368114386,-10.342266098890818
201608,12,-130.32977287119505,-10.025367143938078
201708,05,-598.77068084927168,-9.6575916266011568
201706,03,1320.1580284349975,8.5171485705483736
201711,19,-616.78695292188286,-13.408412020040934
201809,10,-92.344055543180716,-18.468811108636142
201504,04,-2363.7744728829352,-5.7935648845169982
201610,08,-13.277467820020771,-0.8851645213347179
201908,03,-286.17073298227166,-6.5038802950516281
201907,14,4.2553191489361524,2.1276595744680762
201507,06,-114.37543483736475,-8.1696739169546255
201912,07,-113.58714198126809,-5.4089115229175277
201805,03,94.416531567007411,3.9340221486253095
201705,20,-35.86626139817632,-35.86626139817632
201710,12,-127.96088897710905,-15.995111122138633
201710,06,-179.29109836209506,-6.4032535129319665
201701,13,-99.574965617250356,-11.063885068583375
201701,12,-74.640764431809231,-12.440127405301535
201604,14,-125.0,-125.0
201807,11,-398.88396528231021,-9.972099132057755
201610,19,-198.10075987515216,-16.508396656262683
201508,04,-1354.1377110204792,-4.9421084343813115
201801,04,-2794.5310331988217,-11.359882248775694
201808,11,-1334.2371434446034,-17.105604403135935
201604,12,-37.986801949954931,-6.3311336583258209
201705,13,-18.768328445747841,-4.69208211143696
201609,19,-1085.0990664905064,-13.563738331131331
201902,02,-760.26953163164023,-18.543159308088782
201802,04,-4871.5138764861758,-12.332946522749811
201902,06,-229.82392467393237,-7.4136749894816889
202001,03,-265.50642660269386,-4.7411861893338179
201508,16,-33.154907250425936,-8.2887268126064839
201607,06,-8.4889062289595252,-0.32649639342152037
201911,14,-21.5157353885678,-10.757867694283899
202005,02,44.213177772426349,2.4562876540236842
202004,01,-283.95349872686216,-10.516796249143045
201608,11,-1681.4675202001076,-18.892893485394467
201708,17,-1579.815296708809,-33.613091419336364
201706,01,-396.792947297195,-7.9358589459439015
201703,05,-268.131902453525,-3.0819758902704022
201604,18,-49.711455761174193,-16.57048525372473
201512,04,-1217.1536325728184,-8.39416298326081
201601,08,-261.39859163810928,-13.757820612532063
201605,03,-54.352704235100475,-1.4303343219763283
201506,16,-50.959847944880039,-10.191969588976008
201612,14,-98.971870950382822,-8.9974428136711673
201605,13,0.0,0.0
201511,06,-44.38759065624496,-3.1705421897317843
201909,12,-322.15247815780492,-16.107623907890247
201809,15,-3.79310344827588,-3.79310344827588
201709,07,0.96459361116352227,0.12057420139544028
201612,01,-2654.3729200341104,-22.305654790202606
201811,03,89.382455051977246,1.8241317357546385
201902,05,-347.49124833998275,-7.554157572608319
201806,04,-103.82243388576345,-0.46349300841858648
201911,11,-311.50382373163586,-18.323754337155048
201511,20,-21.052631578947359,-21.052631578947359
201711,20,-76.712328767123367,-76.712328767123367
201607,02,-1657.5742011872348,-21.526937677756294
201612,20,-316.00277203066526,-28.727524730060477
201707,16,-106.50877629692798,-15.215539470989718
201905,17,-62.188153310104518,-15.547038327526131
202005,12,-282.22746185968748,-28.222746185968742
201707,02,-1.2809560920656367,-0.020999280197796177
201708,10,-1904.9308101146732,-26.830011410065822
201705,04,-81.748501995918,-0.30848491319214333
201510,04,-719.4334398446473,-5.0664326749623028
201510,19,-958.34096175561876,-13.888999445733607
201507,11,-101.97210722380362,-5.0986053611901792
201605,04,-676.64014025369841,-4.1511665046239195
201603,01,-210.408046515417,-4.8932103840794685
201612,03,-446.32904032332203,-11.745501061140056
201505,02,-50.135951045001427,-2.005438041800057
201808,18,-120.92165508659558,-20.153609181099263
201611,13,-62.359128474830996,-62.359128474830996
201509,18,-55.526769848832245,-13.881692462208061
201609,07,8.7311033670363756,2.1827758417590921
201605,12,-162.58604773947769,-8.1293023869738867
201607,19,-1929.2164769051089,-18.550158431779895
201606,04,-555.86517803685933,-1.4783648352044136
202003,15,-2.03045685279188,-2.03045685279188
202004,08,-452.11201077466649,-13.297412081607838
201504,06,-361.40391460258775,-17.209710219170841
201803,10,-905.77866755263926,-36.231146702105569
202002,13,-24.485665615812561,-3.4979522308303657
201811,08,-426.543977033261,-14.218132567775365
201910,08,-191.24586032429684,-38.249172064859366
201508,12,-274.47939177161066,-17.154961985725663
201603,13,-44.689089310158572,-5.5861361637698206
201908,15,-186.32697509104372,-11.645435943190234
202002,03,-159.6179962611069,-6.1391537023502645
201710,10,-292.08190401199693,-20.862993143714064
201910,18,-8.98345153664304,-4.49172576832152
201707,11,-1240.3226885910974,-17.226704008209683
201807,07,-45.007875325890744,-2.250393766294537
201702,09,-9.8407878331501415,-1.6401313055250233
201504,11,-811.08867912781909,-15.303559983543751
201508,01,-773.21767250997186,-8.6878390169659774
201807,17,-232.93581454884048,-10.127644110819153
201910,01,-490.98800228562834,-7.2204117983180636
201910,06,-203.56116092519468,-8.850485257617164
201905,19,-1968.7757184188667,-24.305873066899586
201909,17,-265.6045698718591,-13.280228493592954
201601,18,-118.36315530318379,-23.672631060636757
201902,17,-201.28182030661404,-15.483216946662621
202001,07,11.616716610038281,0.37473279387220249
201504,15,-172.4631628898141,-28.743860481635682
202001,09,-117.44659008552718,-13.049621120614132
201906,11,-373.23248960776118,-10.367569155771145
201904,10,-325.28909037300207,-32.52890903730021
202003,09,-86.387966039128685,-17.277593207825738
201705,07,-44.787753731535609,-4.47877537315356
201503,18,-32.475292385240522,-16.237646192620261
201707,14,-468.8835524990331,-24.678081710475428
201707,03,1866.7799275792063,5.870377130752221
201708,07,-306.02439755099846,-10.929442769678516
201703,01,-974.8203940626471,-9.2840037529775934
201704,13,-17.848432055749008,-3.5696864111498021
201702,02,-609.42199652176407,-8.1256266202901877
201701,04,-2250.9007223709659,-6.5815810595642263
201709,11,-4074.4035976420882,-25.951615271605657
201809,11,-1477.7593813561468,-18.243942979705515
201610,04,-398.26739203057144,-2.8245914328409309
201601,07,-249.96762284608539,-13.887090158115853
201503,05,-427.80214888767136,-6.0253823786995948
201801,13,-186.07871712273339,-26.5826738746762
201808,03,-64.383612033014685,-2.2994147154648115
201503,12,-111.31011810142682,-11.131011810142681
201503,13,-55.861012710536457,-4.6550843925447047
201812,12,-14.437934228760623,-1.8047417785950781
201606,11,-681.903353347062,-8.5237919168382721
202005,18,-138.36212971930578,-23.060354953217633
201503,02,-83.204335093499523,-5.2002709433437193
201605,19,-618.24622093084838,-11.889350402516317
201803,16,-405.75750012055283,-18.443522732752403
201910,05,-193.64951125139311,-4.6107026488426923
201907,17,-220.54440220412803,-24.504933578236447
201911,19,-512.07952456486555,-9.8476831647089575
201703,09,-117.87878651237239,-29.469696628093097
201906,08,-102.0650692988185,-4.2527112207841036
201710,05,-356.57644687814712,-5.8455155225925752
201805,13,-54.320587687398273,-13.580146921849568
201802,14,-45.7516339869281,-45.7516339869281
201912,16,-17.038539553752539,-17.038539553752539
201709,19,-2156.0187619351295,-23.18299744016268
201508,19,-812.320452977162,-17.283413893131105
201504,03,-531.14639654203643,-4.6591789170354083
201808,08,-90.637493501986938,-4.119886068272133
201612,06,-236.1101687040827,-7.6164570549704109
202001,08,-233.30327094084709,-8.0449403772705885
201908,02,-1978.1248766420968,-21.979165296023293
201907,18,-104.20557976717764,-7.4432556976555455
201907,06,-242.30052179617445,-6.0575130449043613
201505,13,-248.79883957673661,-11.847563789368413
201505,07,-269.625788173616,-8.4258058804255
202004,14,-43.4085854431344,-14.469528481044803
201812,07,-58.467580981484232,-8.352511568783461
201803,13,-78.3008849557522,-19.575221238938052
201602,15,-188.27659743296897,-10.459810968498278
201709,15,-140.14680016004189,-23.357800026673651
202001,19,-1144.8325771728394,-18.465041567303871
201908,11,-1567.295117241548,-22.714421989007949
201811,05,26.22433705697561,0.46829173316027906
201910,10,-12.922557973374261,-6.46127898668713
201805,01,-882.48858638272907,-15.75872475683445
201508,09,-106.22523197029044,-8.8521026641908716
201911,04,-1031.838455983572,-5.7324358665754014
201712,07,0.32837941711409879,0.03648660190156805
201809,14,12.7659574468085,6.38297872340425
202003,04,-1396.0970647925808,-10.73920819071216
202004,12,-53.899964576664182,-8.98332742944403
201708,01,-1569.0563453146933,-18.244841224589457
201505,17,-360.72894787055276,-14.429157914822113
201701,18,-155.15735733639411,-22.165336762342019
201701,17,-216.42173749745206,-11.390617763023792
201511,05,-597.11710347141843,-6.2199698278272759
201610,06,-55.218909540814835,-13.804727385203709
201704,15,7.12250712250715,3.561253561253575
201909,04,-3096.7988946577907,-10.827968163139127
201909,11,-3677.1441848008271,-19.4557893375705
201611,18,-35.531513111524141,-3.5531513111524138
201502,18,-3.63036303630364,-1.81518151815182
201902,09,-8.23045267489712,-2.743484224965707
201812,10,-12.82051282051288,-6.41025641025644
201712,17,-354.24427283083344,-32.204024802803033
201503,08,16.884868996686603,2.4121241423837989
201906,07,-35.054309689691891,-1.8449636678785204
201810,19,-738.23561126204,-21.092446036058284
201604,16,-45.881619937694765,-22.940809968847383
201702,01,-601.34944400605912,-5.4668131273278071
201602,11,-1108.4119492096338,-10.974375734748852
201510,05,-45.196313445388441,-0.58696510968036875
201506,08,-138.63415645769405,-12.603105132517639
201504,12,-97.529589141034236,-4.2404169191754031
201502,12,26.9299820466787,13.464991023339351
201505,10,-42.288814259881157,-21.144407129940582
201904,17,-166.73110192809631,-16.673110192809627
201808,20,-20.289855072463759,-20.289855072463759
201907,15,14.4124168514412,7.2062084257206
201910,07,-73.66628574251547,-10.52375510607364
201805,12,-60.24439589740868,-4.0162930598272446
201806,05,-23.267860771617311,-0.541113041200402
201712,13,-169.12576669568145,-33.825153339136286
201712,14,-3.06513409961688,-3.06513409961688
201808,06,-371.58333727770435,-16.890151694441116
202003,11,-161.40178366394915,-8.494830719155221
201710,13,-104.6813532651456,-34.893784421715196
202005,14,-225.69916855631169,-75.233056185437235
201704,04,-831.3319804792776,-6.9859830292376275
201807,02,-603.86876557002972,-6.4932125330110724
201809,08,-700.0121744506107,-16.279352894200255
201511,17,-219.19248948579025,-14.612832632386016
201512,14,-94.680716378097756,-13.525816625442536
201808,09,-68.212342020030064,-11.368723670005011
201912,11,-762.76446513901453,-19.55806320869268
201507,18,-100.10562782479737,-33.368542608265791
201905,14,-21.0898194732169,-5.2724548683042247
202005,17,-146.44239221835704,-9.76282614789047
201601,11,-2065.8331441106902,-12.673822970004224
201604,01,-416.05813755498031,-10.948898356710009
201803,03,-875.05473803083123,-7.8129887324181357
201908,08,-928.48671149470715,-16.289240552538722
201908,09,-82.4066336379969,-9.1562926264441
201905,01,-381.6175273670666,-7.4826966150405223
201808,12,-342.97496447480745,-15.589771112491251
201905,02,-1181.388744246264,-24.109974372372733
201711,14,-145.74898785425088,-48.582995951416962
201511,18,-10.71428571428576,-10.71428571428576
201607,10,-443.67392441859022,-29.578261627906009
202004,20,-106.38297872340401,-106.38297872340401
201708,02,-3152.1341144893731,-33.180359099888136
201702,03,-62.351081633213312,-0.76037904430747771
201709,04,-3727.7915047968577,-14.505025310493613
201709,12,-868.28612312249413,-25.537827150661592
201809,01,-922.99431833928861,-11.683472384041623
201801,01,-4804.0124199899392,-42.892968035624435
202002,17,-173.46005144561681,-14.455004287134731
201502,19,-136.59331815898526,-17.074164769873157
201912,04,-3238.4546434759809,-13.437571134755109
201609,09,-57.739873059235364,-7.2174841324044223
201701,03,133.32166890492209,2.8366312532962157
201508,18,-34.698066328600234,-3.1543696662363856
201706,16,-0.31055900621118004,-0.31055900621118004
201712,09,-54.401836529630259,-6.8002295662037824
201702,18,-14.99148211243608,-7.49574105621804
201805,10,-8.7711283691184,-4.3855641845592
201705,03,364.64602196394446,7.7584259992328617
201701,19,-2260.358487753017,-15.069056585020114
201903,01,-426.65979195575937,-8.36587827364234
201507,01,-189.68790276988702,-4.3110886993156132
201504,01,-2793.0468506120837,-14.856632184106822
201506,05,69.617178477974619,1.0877684137183532
201506,17,-340.20330594007703,-42.525413242509636
201601,09,-87.107292725603244,-7.2589410604669382
201802,02,-1901.89652270227,-22.641625270265124
201510,01,-188.36067212803732,-3.9241806693341115
201512,05,-172.68713680333684,-4.21188138544724
201812,05,-392.50975381442629,-11.214564394697895
201804,07,-45.8039969867426,-11.450999246685651
201805,16,-54.169117765241104,-18.0563725884137
201810,01,-943.10470679711364,-12.091085984578378
201811,14,-44.534531536029363,-11.133632884007339
201802,20,-539.00135045810578,-31.705961791653277
201806,13,23.4041793780371,5.8510448445092749
201905,10,-119.1395210984133,-59.569760549206649
201708,03,-91.889809043703153,-2.1369723033419334
201702,13,-3.71559633027523,-1.857798165137615
201602,18,-424.02722854739528,-28.268481903159685
201901,04,-1427.2914509550699,-8.7563892696630035
201903,06,-478.231685733036,-13.663762449515318
201506,11,-313.63593560589953,-20.909062373726634
201808,14,-25.509482481517182,-12.754741240758591
201511,01,-1024.3619233218783,-18.969665246701449
201612,02,-1109.3753137421406,-18.186480553149853
201601,03,-519.94064704902564,-3.443315543371031
201910,03,-240.51324438286642,-7.2882801328141333
201905,04,-1196.1949284314946,-6.329073695404734
201808,07,-2.3956970445308343,-0.14973106528317714
201502,01,-282.36705888141637,-14.118352944070816
201804,19,-1154.6737222591569,-17.233936153121743
201706,15,-9.25925925925926,-9.25925925925926
201911,07,-7.294555751663081,-2.4315185838876934
201509,15,13.270296943484981,3.3175742358712448
201506,09,-6.42471416457285,-1.2849428329145698
201704,08,-425.28697228219295,-11.81352700783869
201704,02,21.949143160960226,1.8290952634133548
201708,11,-4208.377806970906,-30.943954463021374
201704,11,-637.66729433672856,-18.219065552477961
201604,08,-234.96050885469489,-9.0369426482574973
201901,12,-97.343233232904,-9.7343233232904023
201801,17,-1351.7317938857616,-33.79329484714404
201510,07,-44.056498786904811,-3.3889614451465229
201705,18,-88.467751084442114,-17.693550216888422
201512,06,-113.79097177259379,-9.4825809810494857
201711,06,-51.3834698947574,-2.5691734947378708
201706,08,-121.36018699092665,-6.3873782626803521
201804,16,-187.92458804658762,-26.846369720941084
202001,16,-55.3022171626822,-13.825554290670549
201906,18,-236.52829906460175,-39.421383177433626
201710,01,-282.50080038145779,-10.462992606720658
201810,10,-776.59298763618142,-35.29968125619007
202004,10,-41.545103113054857,-8.3090206226109729
201708,12,-530.95532446561572,-25.283586879315038
201904,11,-664.165457889395,-16.604136447234872
201904,09,-251.78337810691937,-35.969054015274196
201903,04,-1019.2972472846618,-6.1775590744524944
201903,05,-161.32796326512357,-3.4325098567047596
201509,03,-229.60289588605093,-5.740072397151275
201506,01,-243.87264781587743,-11.612983229327499
202001,17,-1527.7027558308534,-28.824580298695349
201712,03,17.056201873358468,0.7415739944938462
201501,04,34.94642590532996,6.9892851810659913
202003,07,-60.508062909074916,-6.7231181010083265
201608,09,-614.10559584667237,-15.352639896166806
201706,05,-130.7439337150779,-2.215998876526744
201801,18,-787.76272380488683,-39.388136190244346
201701,11,-179.80012237218767,-8.9900061186093847
201612,19,-8561.5654075369166,-34.109822340784532
201811,04,-1516.1227367284373,-6.2649699864811463
201606,01,-296.86170630504012,-2.8544394837023095
201909,08,-1474.1346995967403,-20.762460557700575
201512,16,-77.654953557012846,-11.093564793858979
201703,12,-244.70869305524104,-8.739596180544325
201507,08,-7.3895934442333413,-1.0556562063190489
201906,05,-186.15090327485098,-3.9606575164861915
201607,13,-234.09442850443881,-33.442061214919825
201904,12,55.570373934001232,0.63873993027587572
201903,14,-22.77608915906784,-2.8470111448834796
202005,13,-47.07426965702431,-7.8457116095040522
201703,14,-174.18319637066679,-19.353688485629643
201711,05,-578.00603330384467,-7.0488540646810325
201505,11,-256.46457152662714,-5.9642923610843521
201509,07,-184.55228421072803,-12.303485614048533
201504,19,-1814.3046715201149,-15.914953258948389
201503,07,60.470154303618806,10.078359050603133
201609,01,-402.76891375366745,-6.393157361169326
201505,12,-152.297053932918,-7.6148526966459018
201811,13,-240.43946405049343,-10.929066547749695
201711,01,-425.00218968035927,-7.4561787663220942
201902,07,31.49476114221288,5.2491268570354785
201712,12,-21.550144967957216,-3.5916908279928688
201902,18,-126.53566376070626,-21.08927729345104
201806,16,-104.91017194885549,-13.113771493606937
201606,19,-1054.7409601261991,-11.719344001402211
201603,14,-61.3459004763353,-30.672950238167651
202005,07,-143.95846238229637,-20.565494626042337
202005,03,-211.732224175078,-21.173222417507798
202003,19,-592.194591869839,-16.9198454819954
202003,06,-56.969708913478456,-11.393941782695691
201608,10,-89.045369671214473,-22.261342417803618
201807,15,33.510153605831839,11.170051201943947
201604,03,-116.80911169048076,-2.8490027241580682
201609,17,-590.22948639371089,-34.719381552571228
202002,11,-328.75005297023193,-8.4294885376982549
201608,17,-565.32799829711769,-20.93807401100436
201901,05,-316.80854345794558,-10.56028478193152
201812,08,-179.60507853810986,-6.65203994585592
201603,11,-487.65118944112271,-16.255039648037428
201911,01,-384.97238132496642,-10.404658954728822
201510,10,-69.391436771510584,-17.347859192877642
202004,18,-8.432888264230499,-2.8109627547434997
201704,14,-40.2843601895734,-20.1421800947867
201905,18,-65.944574551131922,-16.48614363778298
201702,04,-1132.058557172385,-2.5496814350729395
201702,06,-115.16288013900333,-11.516288013900333
201505,01,-411.08657293403439,-7.6127143135932291
201707,13,-1.6656083427786008,-0.55520278092619968
201802,01,-3418.1377793028551,-18.678348520780634
201602,13,-198.39372125746669,-9.4473200598793667
201812,04,-1219.2452844605518,-8.4669811420871639
201812,02,-361.8969452760029,-16.449861148909221
202002,19,-536.17445097264817,-19.14908753473744
202003,20,-62.2119815668203,-31.105990783410153
201810,05,-90.638154530765462,-1.4858713857502543
201606,13,-41.047972551109744,-4.5608858390121938
202005,11,-159.79567656522332,-8.8775375869568531
201807,01,-484.18825519598568,-8.4945307929120286
201901,07,-37.525296825554719,-2.68037834468248
201509,08,-582.38035456579769,-29.119017728289879
201908,07,-301.98834166848837,-15.09941708342442
201902,11,-421.43444855336122,-7.3935868167256364
201601,06,46.702349108241719,2.3351174554120844
201510,09,-122.96997516760139,-12.296997516760142
201709,14,-3.0700373543901947,-1.0233457847967316
201608,05,1033.8735947788164,10.443167624028447
201611,05,109.00557633305732,1.3293362967446014
201706,11,-489.3685538322901,-13.226177130602435
201803,04,-1830.5969799477868,-5.0153341916377716
201801,19,-2461.8941336883522,-24.867617512003548
201803,20,-80.489878177846862,-20.122469544461715
201610,13,-70.647600312920019,-8.8309500391150024
201507,07,-76.816711482180125,-5.1211140988120087
201611,14,-15.789473684210552,-7.8947368421052762
201812,17,-127.2127846755906,-10.601065389632545
201502,11,-137.52665580836407,-13.752665580836407
201911,08,-14.466653265110679,-2.8933306530221348
201611,09,-85.131894484412555,-28.377298161470851
202003,03,-115.09414204743143,-7.6729428031620994
201504,13,-48.758234092739578,-24.379117046369792
202005,16,-25.230746570310885,-6.3076866425777212
201707,01,-469.49004977094995,-4.8905213517807287
201608,03,-114.8813965795763,-1.7406272209026712
201704,07,68.732886814542752,11.455481135757125
201807,04,157.7450361356093,1.143079971997168
201809,06,-120.69730806826928,-7.0998416510746649
201705,01,-532.1754142672022,-8.8695902377867029
201609,02,-161.54600775832785,-5.570551991666477
201907,04,-949.92342298836866,-3.5052524833519145
201509,09,19.135904965482908,1.9135904965482919
201907,09,-54.267846035253278,-9.0446410058755458
201507,02,-64.765187804364714,-3.2382593902182348
201701,15,-65.55404541453737,-13.110809082907474
201807,13,-120.74362750465265,-12.074362750465266
201805,18,-124.27646244747091,-13.808495827496765
201501,03,13.68821292775662,13.68821292775662
201912,13,-292.33818375805095,-22.487552596773146
