MonthYear,EventRootCode,Count,SumAvgTone           ,AvgAvgTone
201704   ,12           ,21   ,-64.037926864357416  ,-3.0494250887789249
201708   ,13           ,4    ,-19.020062773416409  ,-4.7550156933541023
201803   ,02           ,102  ,-179.08966606187985  ,-1.7557810398223512
201507   ,13           ,7    ,-36.901350253424425  ,-5.2716214647749178
201508   ,02           ,52   ,-126.27962606602145  ,-2.4284543474234885
201907   ,03           ,114  ,-11.359079336954137  ,-0.099641046815387185
201801   ,14           ,5    ,-3.9616550568476843  ,-0.79233101136953676
201807   ,03           ,68   ,10.448504580790869   ,0.15365447912927743
201609   ,12           ,8    ,-14.503076291339651  ,-1.8128845364174564
201708   ,09           ,4    ,-1.4347871712860123  ,-0.35869679282150307
201906   ,09           ,22   ,-52.285375057590478  ,-2.3766079571632033
201909   ,03           ,197  ,-104.06476962237807  ,-0.52824756153491415
201812   ,09           ,13   ,-17.614299784538453  ,-1.3549461372721887
201711   ,15           ,8    ,-7.8279137983620011  ,-0.97848922479524991
201712   ,15           ,32   ,-55.926417529694817  ,-1.7477005478029626
201903   ,07           ,51   ,55.242107463285564   ,1.0831785777114815
201806   ,10           ,5    ,-27.245481790936331  ,-5.4490963581872656
201710   ,09           ,17   ,0.32339934488742639  ,0.019023490875731075
202003   ,03           ,30   ,0.22623201844417995  ,0.0075410672814726909
201611   ,05           ,131  ,153.12342505169073   ,1.168881107264814
201611   ,09           ,25   ,-19.331062435491905  ,-0.77324249741967621
201611   ,14           ,31   ,-12.20482391283924   ,-0.39370399718836246
201608   ,05           ,99   ,54.674730110385156   ,0.55227000111500157
201706   ,11           ,53   ,-147.49824896587171  ,-2.7829858295447494
201610   ,13           ,12   ,-47.253731769642989  ,-3.937810980803583
201801   ,19           ,151  ,-965.68617316841392  ,-6.3952726699894944
201803   ,04           ,363  ,-341.0009938829316   ,-0.93939667736344812
201911   ,08           ,26   ,-51.58301757376114   ,-1.9839622143754283
201502   ,11           ,20   ,-72.957006824141686  ,-3.647850341207084
201507   ,07           ,46   ,-31.397708045286944  ,-0.68255887054971609
201812   ,17           ,27   ,-179.01561351006075  ,-6.6302079077800276
201802   ,15           ,4    ,5.97014925373136     ,1.49253731343284
201504   ,13           ,2    ,1.3077261209080941   ,0.653863060454047
201803   ,20           ,2    ,-8.37209302325582    ,-4.18604651162791
202003   ,02           ,30   ,-25.983954606307808  ,-0.86613182021026047
201608   ,01           ,127  ,-248.91684852033478  ,-1.9599751851994864
201507   ,03           ,38   ,51.179037132708643   ,1.3468167666502273
201605   ,09           ,15   ,-26.694196832887904  ,-1.7796131221925264
201906   ,13           ,28   ,-24.0048482454892    ,-0.85731600876747138
202001   ,11           ,41   ,-118.48947828314365  ,-2.8899872751986262
201612   ,16           ,158  ,-272.01651712836997  ,-1.7216235261289243
201910   ,09           ,35   ,-99.630353224058538  ,-2.8465815206873866
201606   ,02           ,79   ,-137.02363638189345  ,-1.7344764098973855
201903   ,08           ,26   ,-15.059431563847509  ,-0.57920890630182731
201908   ,14           ,5    ,-20.88451412451424   ,-4.1769028249028484
201706   ,04           ,413  ,82.758981958716845   ,0.20038494420996814
201608   ,08           ,23   ,-25.575281713578313  ,-1.1119687701555785
201708   ,08           ,24   ,-43.123330078684781  ,-1.7968054199451993
201811   ,11           ,67   ,-294.26398774397535  ,-4.3919998170742582
201507   ,09           ,11   ,-14.288882615309511  ,-1.2989893286645009
201603   ,05           ,90   ,-10.829065096155288  ,-0.12032294551283657
201511   ,07           ,59   ,-118.1248189524128   ,-2.0021155754646243
201802   ,05           ,105  ,-158.98591367078379  ,-1.51415155876937
201711   ,08           ,16   ,-18.828609291559744  ,-1.176788080722484
201602   ,14           ,9    ,-18.947280253990172  ,-2.1052533615544631
201505   ,18           ,11   ,-54.506110674177741  ,-4.9551009703797959
201506   ,14           ,4    ,-11.943850140255769  ,-2.9859625350639427
201710   ,04           ,260  ,29.433261574826837   ,0.11320485221087259
202001   ,05           ,97   ,13.579536471050377   ,0.13999522135103515
201611   ,12           ,12   ,0.82895457021063024  ,0.0690795475175523
201901   ,13           ,7    ,-23.770311507518969  ,-3.3957587867884245
202001   ,14           ,4    ,5.33392943118507     ,1.3334823577962676
201606   ,06           ,14   ,0.91091976862242729  ,0.065065697758745267
202004   ,15           ,2    ,2.0755713729633571   ,1.0377856864816786
201510   ,11           ,28   ,-72.152898596923308  ,-2.5768892356044049
201807   ,05           ,87   ,59.967378116143756   ,0.68928020823153735
201801   ,09           ,6    ,-17.923903094319709  ,-2.9873171823866183
201904   ,05           ,123  ,159.48372388700037   ,1.2966156413577268
201908   ,19           ,134  ,-775.7622805102576   ,-5.78927075007655
201809   ,02           ,166  ,-148.64914776412107  ,-0.89547679375976574
201912   ,06           ,20   ,-9.830597036621251   ,-0.4915298518310624
201502   ,03           ,24   ,3.1252940053685885   ,0.13022058355702448
201808   ,04           ,342  ,-188.05243165141155  ,-0.5498609112614371
201607   ,17           ,74   ,-388.95603203883513  ,-5.2561625951193935
201510   ,18           ,8    ,-32.201711663911517  ,-4.02521395798894
201808   ,17           ,81   ,-542.14277520287146  ,-6.6931206815169322
201808   ,16           ,4    ,-3.8704914991472705  ,-0.96762287478681741
201901   ,14           ,5    ,-14.825229516443441  ,-2.9650459032886882
201810   ,14           ,5    ,4.6551140906574595   ,0.931022818131492
201707   ,15           ,19   ,-13.496197360110742  ,-0.71032617684793387
201903   ,20           ,2    ,-12.573648003686509  ,-6.2868240018432546
201512   ,13           ,1    ,-1.63487738419619    ,-1.63487738419619
202004   ,07           ,28   ,-32.381480589623557  ,-1.1564814496294131
201703   ,17           ,54   ,-355.66359412514356  ,-6.5863628541693258
201706   ,17           ,56   ,-253.67136472869157  ,-4.529845798726635
201801   ,15           ,16   ,-2.1075041031452812  ,-0.13171900644657997
201803   ,07           ,13   ,-21.800667529884677  ,-1.6769744253757448
201603   ,04           ,356  ,-363.87315205428592  ,-1.0221155956581063
201508   ,10           ,7    ,3.8876839420834304   ,0.555383420297633
201702   ,12           ,23   ,-17.225154844691371  ,-0.74891977585614655
201712   ,08           ,35   ,-18.422679486096992  ,-0.5263622710313427
201904   ,18           ,4    ,-7.1349418888434393  ,-1.7837354722108598
201509   ,02           ,55   ,-107.31164032878318  ,-1.951120733250604
201911   ,05           ,94   ,106.70477542598687   ,1.1351571853828388
201912   ,05           ,94   ,-89.133973819019133  ,-0.94823376403211834
201802   ,07           ,23   ,-42.978794492164845  ,-1.8686432387897758
201908   ,17           ,36   ,-145.73617163744422  ,-4.048226989929006
201910   ,20           ,3    ,-20.651692502372661  ,-6.8838975007908862
201511   ,14           ,2    ,-11.448856389762771  ,-5.7244281948813853
202004   ,19           ,93   ,-510.68172135428205  ,-5.4912013048847541
202005   ,06           ,8    ,9.837056796276908    ,1.2296320995346137
201702   ,16           ,11   ,-17.494756435431341  ,-1.5904324032210311
201609   ,18           ,8    ,-32.627725037766545  ,-4.0784656297208182
201803   ,09           ,21   ,-21.950322493504032  ,-1.0452534520716203
201603   ,03           ,100  ,-100.70120671055442  ,-1.0070120671055438
201602   ,06           ,25   ,24.932345783632776   ,0.9972938313453108
201502   ,02           ,62   ,-281.6636656301057   ,-4.54296234887267
201609   ,13           ,3    ,-10.28611294568524   ,-3.4287043152284129
201907   ,01           ,101  ,-139.6741182974412   ,-1.3829120623509028
201907   ,02           ,38   ,-11.378227985410687  ,-0.29942705224764965
201612   ,10           ,5    ,-15.394438387600662  ,-3.0788876775201319
201904   ,04           ,330  ,-33.252446201089569  ,-0.10076498848815028
201604   ,07           ,60   ,-33.202681931116828  ,-0.55337803218528081
201509   ,10           ,9    ,-14.09652199334038   ,-1.5662802214822646
201807   ,10           ,7    ,0.58765301793542934  ,0.083950431133632819
201510   ,14           ,9    ,-5.4636847938151991  ,-0.60707608820168879
201509   ,13           ,10   ,-42.695210483956188  ,-4.2695210483956174
202001   ,04           ,286  ,-304.33877922203368  ,-1.0641216056714464
201810   ,09           ,18   ,-4.6714403141932292  ,-0.25952446189962375
201909   ,18           ,2    ,-18.365495629226459  ,-9.18274781461323
201704   ,02           ,68   ,-69.322359189779391  ,-1.0194464586732259
201704   ,08           ,27   ,-4.3526951708505059  ,-0.16121093225372252
201704   ,11           ,23   ,-70.760722851748326  ,-3.0765531674673188
201706   ,08           ,24   ,-26.999302277693094  ,-1.1249709282372122
201708   ,11           ,30   ,-76.764270096848492  ,-2.5588090032282826
201510   ,07           ,43   ,-6.2805614099725995  ,-0.14605956767378142
201801   ,17           ,54   ,-346.67740582350893  ,-6.4199519596946111
201711   ,06           ,79   ,29.404172787316746   ,0.37220471882679423
201512   ,15           ,10   ,7.65539973644125     ,0.765539973644125
201901   ,12           ,10   ,-41.184838547843022  ,-4.1184838547843015
201604   ,08           ,44   ,-52.888541612545438  ,-1.2020123093760327
201512   ,06           ,9    ,6.9240058803335227   ,0.76933398670372466
201710   ,01           ,118  ,-316.58870755604858  ,-2.6829551487800729
201705   ,18           ,3    ,-22.302739207831863  ,-7.4342464026106221
201804   ,16           ,3    ,-10.703205791106511  ,-3.56773526370217
201810   ,10           ,1    ,0.53078556263269     ,0.53078556263269
201906   ,18           ,6    ,-18.61075363293099   ,-3.1017922721551652
202001   ,16           ,15   ,-66.175858071023413  ,-4.4117238714015592
202003   ,11           ,25   ,-62.416799025482874  ,-2.4966719610193149
201702   ,01           ,133  ,-357.52674373171266  ,-2.6881710055015984
201610   ,15           ,25   ,-64.844141127090566  ,-2.5937656450836228
201510   ,05           ,111  ,-121.72344034508534  ,-1.0966075706764449
201805   ,12           ,18   ,-65.987223759236258  ,-3.665956875513126
201602   ,11           ,59   ,-142.09892232891332  ,-2.408456310659548
201904   ,17           ,24   ,-140.86687014303965  ,-5.8694529226266514
201907   ,15           ,9    ,26.02165496434494    ,2.8912949960383267
201505   ,10           ,6    ,-14.02318425280359   ,-2.337197375467265
201506   ,08           ,20   ,-34.419963657801915  ,-1.7209981828900955
201806   ,05           ,88   ,-5.9723387916382169  ,-0.067867486268616231
201504   ,12           ,9    ,-27.041145924833376  ,-3.0045717694259313
201712   ,14           ,5    ,-3.1359994796446897  ,-0.62719989592893788
201808   ,06           ,13   ,7.7190825339439684   ,0.59377557953415172
201910   ,07           ,31   ,-22.8003123980582    ,-0.73549394832445791
201502   ,12           ,3    ,-21.474358974358982  ,-7.15811965811966
201502   ,14           ,1    ,-3.32594235033259    ,-3.32594235033259
201712   ,13           ,5    ,-12.92103543364974   ,-2.5842070867299478
202002   ,10           ,3    ,-2.36389216071194    ,-0.78796405357064658
201710   ,13           ,3    ,-5.93371785497065    ,-1.9779059516568833
201707   ,07           ,35   ,-10.279530550316819  ,-0.29370087286619495
201608   ,02           ,40   ,7.1444510396932159   ,0.1786112759923304
201703   ,15           ,21   ,-30.255070842632698  ,-1.4407176591729856
201709   ,02           ,62   ,-34.033294362736996  ,-0.54892410262479019
201705   ,17           ,39   ,-185.36001935885454  ,-4.7528210092013987
201609   ,05           ,153  ,36.29323655678342    ,0.23721069644956472
201503   ,17           ,44   ,-222.27778055414942  ,-5.0517677398670324
201604   ,02           ,94   ,-139.12222728463706  ,-1.4800236945174161
201512   ,02           ,49   ,-84.320708099621257  ,-1.7208307775432909
201907   ,07           ,28   ,-0.397976189279734   ,-0.014213435331419264
201712   ,06           ,43   ,-11.296952666392766  ,-0.26271982945099459
201603   ,12           ,28   ,-79.548908024840628  ,-2.8410324294585938
201807   ,12           ,12   ,-11.309950314787239  ,-0.94249585956560311
201502   ,09           ,5    ,-0.014069140251769863,-0.002813828050354017
201809   ,07           ,61   ,-28.185711860971917  ,-0.46206085017986753
201912   ,17           ,30   ,-368.8772024347715   ,-12.295906747825718
201810   ,12           ,14   ,10.42947404133692    ,0.74496243152406572
201501   ,15           ,3    ,5.4875061244487995   ,1.8291687081496
201902   ,08           ,15   ,6.2250550999317884   ,0.41500367332878596
201502   ,15           ,2    ,-13.46153846153846   ,-6.73076923076923
201811   ,15           ,17   ,31.081941551354319   ,1.8283495030208423
201705   ,15           ,1    ,1.2987012987013      ,1.2987012987013
201910   ,12           ,1    ,-1.27226463104325    ,-1.27226463104325
201801   ,20           ,2    ,-5.88339535707958    ,-2.94169767853979
201703   ,02           ,77   ,-144.35457864485042  ,-1.8747347875954599
201811   ,09           ,23   ,-7.43203226147019    ,-0.32313183745522567
201609   ,11           ,45   ,-199.32884427649634  ,-4.4295298728110284
201602   ,04           ,351  ,-83.511856306468331  ,-0.23792551654264496
201804   ,06           ,23   ,-17.65219046148809   ,-0.76748654180383014
201508   ,08           ,23   ,11.877308990340921   ,0.51640473871047476
201712   ,11           ,57   ,-49.1516319023737    ,-0.86230933162059131
201506   ,18           ,5    ,-19.618660472319029  ,-3.9237320944638063
202001   ,02           ,25   ,-38.14837204881281   ,-1.5259348819525123
201705   ,16           ,2    ,-0.48007265964578005 ,-0.24003632982289003
201606   ,08           ,45   ,-15.057734559179961  ,-0.33461632353733295
201905   ,15           ,7    ,-10.00595557970184   ,-1.4294222256716913
201605   ,16           ,2    ,-7.80209324452902    ,-3.90104662226451
201707   ,05           ,397  ,26.226816609126779   ,0.066062510350445247
201704   ,17           ,52   ,-242.49259554859628  ,-4.663319145165314
201805   ,15           ,28   ,3.1805166015307691   ,0.11358987862609893
201801   ,11           ,42   ,-87.0676517583187    ,-2.0730393275790169
201711   ,18           ,13   ,-80.556344201952257  ,-6.1966418616886356
201905   ,11           ,22   ,-75.375460578653275  ,-3.4261572990296942
202001   ,06           ,10   ,-12.164049856974803  ,-1.2164049856974808
201908   ,16           ,144  ,-640.87194929051611  ,-4.4504996478508057
201807   ,14           ,23   ,-86.0412043272734    ,-3.7409219272727561
201808   ,10           ,26   ,-144.21841789361082  ,-5.54686222667734
202003   ,13           ,8    ,-16.69736227818747   ,-2.0871702847734337
201704   ,04           ,408  ,-110.61045108652992  ,-0.27110404678071071
201511   ,17           ,59   ,-317.64092115076124  ,-5.3837444262840863
201807   ,02           ,92   ,-55.740067917747055  ,-0.60587030345377246
201912   ,11           ,35   ,-133.01615620934692  ,-3.8004616059813405
201809   ,08           ,27   ,-74.453705194084662  ,-2.75754463681795
201512   ,14           ,7    ,-15.99596162211348   ,-2.2851373745876398
201612   ,15           ,52   ,-29.885239021076949  ,-0.57471613502071062
201808   ,09           ,17   ,-21.692530421376489  ,-1.2760312012574406
201507   ,18           ,3    ,-3.2723344770618907  ,-1.0907781590206305
201808   ,13           ,2    ,-2.45895379915998    ,-1.22947689957999
201905   ,14           ,11   ,-37.2044827429669    ,-3.3822257039060823
201611   ,08           ,29   ,-44.210996609927221  ,-1.5245171244802489
201703   ,19           ,161  ,-821.31261332845065  ,-5.1013205796798191
201708   ,04           ,327  ,-395.15938249271852  ,-1.2084384785710043
201803   ,01           ,126  ,-254.19371551263851  ,-2.0174104405764965
201502   ,04           ,125  ,-100.85174041202737  ,-0.80681392329621882
201803   ,18           ,11   ,-37.639223516016123  ,-3.4217475923651017
201612   ,12           ,46   ,-175.76369143059642  ,-3.820949813708618
201505   ,03           ,48   ,-0.84508950118675541 ,-0.017606031274724092
201707   ,10           ,21   ,1.39294448494263     ,0.066330689759172889
201901   ,11           ,45   ,-104.96916564434368  ,-2.3326481254298588
201906   ,01           ,189  ,-73.630207274655461  ,-0.38957781626801824
201905   ,07           ,32   ,71.292536124145244   ,2.2278917538795389
201909   ,07           ,21   ,13.20856977259826    ,0.62897951298086963
201810   ,08           ,25   ,-20.8400814495768    ,-0.83360325798307211
201505   ,16           ,4    ,-6.26502817932122    ,-1.566257044830305
201806   ,12           ,18   ,12.17028253573959    ,0.676126807541088
201809   ,12           ,22   ,-28.081882535665567  ,-1.2764492061666171
201910   ,15           ,12   ,17.10624417925273    ,1.4255203482710608
201606   ,17           ,62   ,-320.25698002031044  ,-5.16543516161791
202003   ,17           ,32   ,-50.1918733068559    ,-1.5684960408392472
201611   ,06           ,34   ,-32.995013229369285  ,-0.970441565569685
201701   ,02           ,98   ,-218.62846300815568  ,-2.2309026837566908
201602   ,09           ,25   ,-30.544811187044289  ,-1.2217924474817716
201701   ,14           ,18   ,-67.0401563502131    ,-3.7244531305673947
201705   ,05           ,105  ,148.6322857057757    ,1.4155455781502448
201802   ,03           ,44   ,-36.679207935016969  ,-0.8336183621594766
201604   ,09           ,20   ,-25.1376567297944    ,-1.2568828364897202
201601   ,02           ,28   ,-17.801615933712917  ,-0.63577199763260439
201705   ,14           ,3    ,4.78345928113852     ,1.5944864270461734
201810   ,04           ,314  ,-207.38114156792057  ,-0.66044949543923737
201607   ,14           ,5    ,-12.938515120284009  ,-2.5877030240568022
201808   ,19           ,127  ,-638.09111900758     ,-5.0243395197447258
201602   ,12           ,16   ,-32.663801523677321  ,-2.0414875952298326
201806   ,08           ,28   ,-47.178066570261436  ,-1.6849309489379083
201904   ,13           ,8    ,-17.792368400121447  ,-2.2240460500151809
201804   ,18           ,13   ,-80.301632633717588  ,-6.1770486641321227
201612   ,13           ,3    ,-8.84763958136819    ,-2.9492131937893964
201806   ,09           ,5    ,-11.119119797835511  ,-2.2238239595671021
202003   ,01           ,61   ,-143.91218396060123  ,-2.3592161305016592
201708   ,18           ,27   ,-192.2857038627136   ,-7.12169273565606
201802   ,06           ,55   ,-304.64864741803666  ,-5.539066316691577
201602   ,02           ,48   ,-36.17008075709316   ,-0.75354334910610843
201705   ,12           ,3    ,7.006988072384031    ,2.3356626907946767
201908   ,05           ,253  ,127.77644781741024   ,0.505045248290159
201605   ,17           ,53   ,-194.37869607068512  ,-3.6675225673714182
201512   ,09           ,8    ,-9.70284048417212    ,-1.2128550605215149
201901   ,06           ,19   ,-27.152418418915076  ,-1.4290746536271095
201502   ,08           ,13   ,-22.745534582547059  ,-1.7496565063497742
201511   ,08           ,11   ,-8.2002030150035115  ,-0.745473001363955
201802   ,17           ,70   ,-327.05627531106154  ,-4.6722325044437358
202002   ,01           ,72   ,-110.19952569797313  ,-1.5305489680274045
201806   ,18           ,11   ,-12.808954216167173  ,-1.1644503832879249
201905   ,13           ,6    ,-2.1703502671699191  ,-0.36172504452831977
201805   ,14           ,18   ,-41.334172559303468  ,-2.2963429199613037
201803   ,03           ,138  ,-10.294832874007032  ,-0.074600238217442383
201604   ,01           ,135  ,-224.69817617445327  ,-1.6644309346255797
201511   ,18           ,21   ,-89.359468407403583  ,-4.2552127813049321
201908   ,08           ,28   ,-4.1459327189490658  ,-0.1480690256767522
201601   ,11           ,23   ,-25.079528933982644  ,-1.0904143014775065
201905   ,02           ,81   ,-57.699807068978508  ,-0.71234329714788291
201905   ,01           ,85   ,-140.73847389190988  ,-1.6557467516695281
201908   ,09           ,14   ,-33.412588265778872  ,-2.3866134475556335
201903   ,15           ,20   ,-12.916814024666817  ,-0.64584070123334081
201607   ,10           ,23   ,-94.935190930093071  ,-4.1276169969605689
202005   ,17           ,1    ,5.31496062992126     ,5.31496062992126
201808   ,12           ,7    ,10.29456242629953    ,1.4706517751856472
201707   ,02           ,140  ,-166.22157867276451  ,-1.187296990519747
201611   ,13           ,4    ,-19.04907471281895   ,-4.7622686782047374
201708   ,10           ,11   ,-47.117387030983259  ,-4.2833988209984781
201610   ,09           ,16   ,-29.839058223195611  ,-1.8649411389497255
201705   ,04           ,353  ,37.294108491543291   ,0.105649032553947
201609   ,07           ,37   ,38.517753858073021   ,1.0410203745425139
201605   ,04           ,383  ,-167.45297820087947  ,-0.43721404229994665
201510   ,04           ,443  ,-829.94781424494386  ,-1.8734713639840712
201507   ,11           ,43   ,-193.7359650436031   ,-4.50548755915356
201510   ,19           ,129  ,-703.53387346646616  ,-5.4537509571043872
201603   ,01           ,122  ,-161.60459565787573  ,-1.3246278332612764
201612   ,03           ,128  ,-22.232971762464565  ,-0.17369509189425431
201605   ,12           ,44   ,-76.770459560078024  ,-1.7447831718199545
201505   ,02           ,40   ,-64.0899980731432    ,-1.6022499518285804
201911   ,18           ,4    ,-20.159318912987217  ,-5.0398297282468043
201607   ,19           ,210  ,-1165.3021276003274  ,-5.54905775047775
201509   ,18           ,5    ,-51.1236950467748    ,-10.224739009354961
201808   ,18           ,16   ,-70.103534588165786  ,-4.3814709117603616
201608   ,13           ,12   ,-17.3863124966653    ,-1.4488593747221086
201606   ,04           ,508  ,-209.29793389823277  ,-0.41200380688628491
202003   ,15           ,2    ,3.6621715824138796   ,1.8310857912069398
201702   ,15           ,25   ,-48.595259058315868  ,-1.9438103623326348
201701   ,07           ,149  ,-136.47685910122448  ,-0.91595207450486249
201609   ,03           ,93   ,-51.041960786177306  ,-0.548838288023412
201609   ,04           ,344  ,-38.04613203453404   ,-0.11059922103062225
201508   ,17           ,41   ,-242.08744096487348  ,-5.9045717308505727
201804   ,05           ,161  ,169.97904970142307   ,1.0557704950398947
201503   ,16           ,5    ,-16.320833781025009  ,-3.2641667562050016
201911   ,09           ,18   ,-33.379552915666395  ,-1.8544196064259113
201810   ,17           ,25   ,-118.00647590697019  ,-4.7202590362788079
201909   ,01           ,176  ,-288.32795675400445  ,-1.638227027011389
201607   ,01           ,438  ,-894.38331225708919  ,-2.0419710325504314
201601   ,10           ,6    ,-7.6218605209576786  ,-1.2703100868262802
202005   ,04           ,31   ,-10.150227665847529  ,-0.32742669889830733
201703   ,03           ,68   ,24.835957826597173   ,0.36523467392054665
201704   ,16           ,1    ,-0.30280090840272    ,-0.30280090840272
201512   ,19           ,104  ,-589.75834610802417  ,-5.6707533279617728
201604   ,19           ,125  ,-674.7778476900495   ,-5.3982227815203929
201502   ,17           ,29   ,-159.49010047773024  ,-5.49965863716311
201609   ,06           ,28   ,-61.852960179762889  ,-2.2090342921343895
201609   ,15           ,16   ,-25.069534772963937  ,-1.5668459233102463
201503   ,09           ,7    ,-3.6561809341926792  ,-0.5223115620275256
201604   ,06           ,22   ,-34.610083761973264  ,-1.5731856255442387
201806   ,19           ,128  ,-668.415749500369    ,-5.2219980429716326
201506   ,13           ,8    ,0.11650462470138012  ,0.014563078087672432
201502   ,05           ,19   ,50.572416190072417   ,2.661706115266969
201910   ,11           ,26   ,-45.956980005942782  ,-1.7675761540747226
201808   ,01           ,83   ,-146.50812708718865  ,-1.7651581576769717
201808   ,02           ,57   ,-75.341605959378143  ,-1.3217825606908444
201606   ,10           ,6    ,-17.291754651899176  ,-2.8819591086498626
201712   ,16           ,4    ,-15.9598011710363    ,-3.9899502927590751
201611   ,02           ,69   ,43.40333095679464    ,0.6290337819825309
201707   ,09           ,26   ,-12.297736779212158  ,-0.47298987612354459
201811   ,17           ,34   ,-228.3565699371263   ,-6.7163697040331263
201705   ,11           ,39   ,-85.652107776483518  ,-2.196207891704705
201601   ,01           ,74   ,-113.06219331902273  ,-1.5278674772840919
201602   ,07           ,30   ,-0.969938974182008   ,-0.032331299139400228
201804   ,13           ,3    ,-14.069092683042159  ,-4.6896975610140537
201908   ,01           ,148  ,-371.42254654931048  ,-2.5096118010088548
201512   ,11           ,26   ,-43.29020850012968   ,-1.665008019235757
201710   ,17           ,62   ,-331.58507428376964  ,-5.34814635941564
201806   ,11           ,54   ,-146.06958737154363  ,-2.7049923587322895
202002   ,07           ,12   ,5.0793067641299716   ,0.42327556367749763
201902   ,10           ,11   ,-16.984836032831993  ,-1.5440760029847265
201504   ,14           ,8    ,-32.031844798979506  ,-4.0039805998724392
202002   ,08           ,8    ,-40.545890797994204  ,-5.0682363497492755
201912   ,12           ,8    ,-24.862396030617568  ,-3.1077995038271959
201606   ,14           ,2    ,-6.41975308641975    ,-3.2098765432098748
201611   ,11           ,42   ,-105.25560644987091  ,-2.5060858678540692
201801   ,05           ,134  ,19.901534717267165   ,0.14851891580050119
201805   ,11           ,95   ,-375.89496719399062  ,-3.9567891283577956
201805   ,17           ,48   ,-216.55241646164745  ,-4.5115086762843211
201709   ,17           ,80   ,-447.59421131402542  ,-5.5949276414253166
201706   ,12           ,16   ,20.262088814242983   ,1.2663805508901862
201505   ,04           ,238  ,-163.60002853170593  ,-0.68739507786431153
201612   ,17           ,99   ,-463.01728810605289  ,-4.6769423041015452
201508   ,13           ,11   ,-53.917223528599344  ,-4.9015657753272119
201504   ,08           ,33   ,-68.4367966917443    ,-2.0738423239922517
201710   ,03           ,35   ,38.054104677111731   ,1.0872601336317638
201912   ,08           ,31   ,-118.11293092808674  ,-3.8100945460673143
201912   ,03           ,63   ,96.584434700951846   ,1.5330862650944737
201907   ,12           ,6    ,-23.896038200372459  ,-3.9826730333954097
201607   ,09           ,12   ,-6.8051138917218861  ,-0.56709282431015728
201902   ,03           ,156  ,-154.63099760579215  ,-0.99122434362687262
202001   ,01           ,108  ,-126.57905896986864  ,-1.1720283237950795
201908   ,18           ,1    ,-1.95121951219512    ,-1.95121951219512
201511   ,15           ,1    ,-0.54054054054054    ,-0.54054054054054
201608   ,06           ,24   ,-3.0655031959592733  ,-0.12772929983163639
201711   ,12           ,8    ,-31.169080433718563  ,-3.89613505421482
201811   ,02           ,57   ,-55.057775406650087  ,-0.96592588432719406
201702   ,10           ,9    ,-13.934767279528462  ,-1.5483074755031623
201906   ,04           ,730  ,291.20990381911218   ,0.39891767646453741
201712   ,05           ,97   ,163.67387390819388   ,1.6873595248267408
201612   ,07           ,70   ,-38.567371106287538  ,-0.55096244437553643
201901   ,19           ,148  ,-883.97383125731108  ,-5.9727961571439918
201906   ,03           ,288  ,235.99101190886716   ,0.81941323579467729
201503   ,11           ,22   ,-63.548898983973736  ,-2.8885863174533521
201908   ,06           ,20   ,75.506318546341859   ,3.7753159273170933
201903   ,11           ,31   ,-96.963790789541875  ,-3.1278642190174795
201806   ,07           ,31   ,29.063726265109452   ,0.93753955693901458
201912   ,10           ,9    ,-6.30353181252282    ,-0.70039242361364584
201811   ,18           ,10   ,-91.562052352137371  ,-9.1562052352137382
201510   ,15           ,5    ,4.92610837438425     ,0.98522167487685
201702   ,11           ,33   ,-51.787479286816307  ,-1.5693175541459485
201703   ,16           ,3    ,-4.5648150310162494  ,-1.5216050103387495
201610   ,07           ,43   ,-13.972587162933284  ,-0.32494388751007647
201507   ,17           ,69   ,-244.40019083570522  ,-3.5420317512421047
201506   ,07           ,26   ,27.65552765693975    ,1.0636741406515289
201605   ,06           ,27   ,-5.4954685458387083  ,-0.20353587206810064
201509   ,19           ,128  ,-727.83699428809336  ,-5.6862265178757285
201804   ,17           ,53   ,-339.31126584125889  ,-6.4020993554954524
201804   ,12           ,13   ,5.76723980871855     ,0.44363383143988849
201510   ,12           ,45   ,-219.61352704832731  ,-4.8803006010739391
201512   ,07           ,35   ,-45.146058896690562  ,-1.2898873970483016
201605   ,14           ,10   ,-37.414480766012524  ,-3.7414480766012526
201712   ,02           ,68   ,-25.7388034713788    ,-0.3785118157555708
201711   ,11           ,47   ,-225.3788902807635   ,-4.7952955378885855
201712   ,10           ,6    ,8.7040067450264011   ,1.4506677908377335
201810   ,03           ,74   ,-9.6763998585114237  ,-0.13076216025015447
201603   ,06           ,16   ,-63.060278215481013  ,-3.9412673884675629
201911   ,10           ,4    ,-22.534743489100322  ,-5.63368587227508
201711   ,16           ,4    ,-13.175257724110169  ,-3.2938144310275423
201903   ,12           ,19   ,-36.674745536554155  ,-1.9302497650817978
201905   ,06           ,15   ,41.197723187692453   ,2.7465148791794967
201506   ,10           ,9    ,-10.8050977234793    ,-1.2005664137199221
201511   ,19           ,86   ,-375.05240680304428  ,-4.3610744977098177
201704   ,05           ,134  ,85.969232505201788   ,0.64156143660598342
201608   ,15           ,20   ,-16.939708918881628  ,-0.84698544594408154
201509   ,01           ,72   ,-163.56044119965716  ,-2.2716727944396822
201802   ,19           ,97   ,-517.28346062953324  ,-5.3328191817477659
201603   ,07           ,54   ,-59.445637498098719  ,-1.1008451388536802
201612   ,04           ,361  ,-67.971418547305433  ,-0.18828647797037512
201506   ,19           ,139  ,-665.79069367681711  ,-4.7898611055886109
201604   ,11           ,37   ,-103.02779666802709  ,-2.7845350450818129
201710   ,08           ,39   ,-123.29280343121599  ,-3.1613539341337438
201902   ,01           ,215  ,-422.50948920345371  ,-1.9651604148997848
202003   ,05           ,56   ,71.499538744559246   ,1.2767774775814151
201703   ,04           ,458  ,-289.97581256924241  ,-0.633134961941577
201706   ,02           ,73   ,-40.674972778970016  ,-0.55719140793109612
201506   ,04           ,493  ,-211.91624220404898  ,-0.42985038986622548
201602   ,01           ,154  ,-171.35864581153004  ,-1.1127184792956497
201510   ,08           ,18   ,14.874278959302631   ,0.82634883107236834
201712   ,04           ,400  ,5.4993276563216256   ,0.01374831914080403
201911   ,17           ,18   ,-144.98931161500838  ,-8.0549617563893534
201807   ,09           ,17   ,12.318084390866661   ,0.72459319946274447
201809   ,13           ,71   ,-76.992645748454564  ,-1.0844034612458386
201603   ,16           ,1    ,-0.34843205574913    ,-0.34843205574913
201904   ,06           ,18   ,1.5988339965579694   ,0.0888241109198874
201607   ,04           ,1442 ,-1869.4559852400832  ,-1.2964327220805028
201704   ,03           ,88   ,58.871291056477048   ,0.66899194382360261
201511   ,11           ,30   ,-120.12886363289944  ,-4.0042954544299816
201503   ,15           ,16   ,-5.9809293395717873  ,-0.37380808372323671
201801   ,03           ,86   ,31.183236771721621   ,0.36259577641536767
201604   ,05           ,79   ,68.358589589531718   ,0.8652986023991357
201904   ,01           ,97   ,-168.26942496684094  ,-1.7347363398643398
201602   ,17           ,32   ,-173.8675357836743   ,-5.4333604932398218
201811   ,12           ,29   ,-25.328425064459974  ,-0.873393967739999
201906   ,02           ,79   ,3.4212150401940207   ,0.04330651949612685
201906   ,12           ,26   ,10.239201503145711   ,0.39381544242868116
201609   ,16           ,2    ,11.84210526315788    ,5.92105263157894
201810   ,11           ,31   ,-26.114039978834185  ,-0.84238838641400626
201607   ,03           ,329  ,-342.90587953783665  ,-1.0422671110572546
202002   ,09           ,17   ,-19.978096076959652  ,-1.175182122174097
201902   ,04           ,885  ,-1169.8356091056212  ,-1.3218481458820592
201812   ,03           ,93   ,-78.652483893089951  ,-0.84572563325903183
201812   ,11           ,30   ,-71.925601592356543  ,-2.3975200530785514
201602   ,16           ,3    ,-3.06383414035328    ,-1.0212780467844267
201708   ,06           ,26   ,-35.273425013034768  ,-1.35667019280903
201704   ,01           ,127  ,-244.03976793030472  ,-1.9215729758291704
201610   ,03           ,53   ,-0.64684032875915243 ,-0.012204534504889841
201609   ,08           ,31   ,-20.566173898702264  ,-0.66342496447426658
201504   ,02           ,110  ,-336.40691463519335  ,-3.0582446785017576
201510   ,03           ,65   ,-70.577409866009774  ,-1.0858063056309195
201802   ,10           ,13   ,-61.069087147452379  ,-4.6976220882655673
201508   ,07           ,70   ,-61.4470178356835    ,-0.87781454050976437
201804   ,15           ,19   ,11.823126931930727   ,0.62226983852266982
201801   ,07           ,32   ,-40.700146225807558  ,-1.2718795695564864
201603   ,09           ,15   ,-58.605957999310952  ,-3.9070638666207307
201712   ,19           ,110  ,-510.01029864765451  ,-4.6364572604332235
201509   ,11           ,38   ,-150.70142419942405  ,-3.9658269526164234
201906   ,19           ,168  ,-800.29147657151293  ,-4.7636397414971015
202001   ,13           ,12   ,-41.430141030362208  ,-3.4525117525301838
201710   ,07           ,36   ,-11.746219227873596  ,-0.32628386744093318
201604   ,13           ,2    ,-7.35813845950587    ,-3.679069229752935
201606   ,16           ,10   ,-31.430212267328113  ,-3.1430212267328113
201912   ,14           ,2    ,-8.98520084566596    ,-4.49260042283298
201611   ,16           ,4    ,2.82062877464135     ,0.70515719366033713
201610   ,14           ,9    ,-68.171821776623815  ,-7.5746468640693125
201605   ,05           ,136  ,16.590970387268968   ,0.12199242931815424
201503   ,19           ,143  ,-515.66872953401321  ,-3.6060750317063861
201709   ,13           ,18   ,-107.436465064419    ,-5.9686925035788345
201503   ,01           ,65   ,-140.61120224648988  ,-2.1632492653306139
201907   ,05           ,109  ,77.2786805003961     ,0.70897872018712027
201512   ,12           ,23   ,-46.615534741933189  ,-2.0267623800840524
201809   ,04           ,793  ,-288.11753413636956  ,-0.36332602034851152
201809   ,18           ,34   ,-188.65054362583945  ,-5.5485454007599841
201912   ,01           ,72   ,-103.07134452059087  ,-1.4315464516748735
201909   ,09           ,12   ,-32.809720864270361  ,-2.7341434053558631
201510   ,16           ,5    ,-8.5380656391821326  ,-1.7076131278364262
202005   ,19           ,16   ,-71.230991643207943  ,-4.4519369777004956
202004   ,17           ,12   ,-14.945477694603539  ,-1.2454564745502954
201707   ,12           ,30   ,-54.101641590826972  ,-1.8033880530275654
201701   ,08           ,43   ,-6.7345951437607869  ,-0.15661849171536701
201706   ,07           ,31   ,-31.772419890653822  ,-1.0249167706662523
201706   ,18           ,10   ,-35.411934696423955  ,-3.5411934696423946
201610   ,17           ,41   ,-257.02133075374343  ,-6.2688129452132539
201610   ,12           ,12   ,-44.225955605723584  ,-3.6854963004769652
201610   ,11           ,20   ,-41.9317151340339    ,-2.0965857567016952
201805   ,05           ,144  ,63.7066685661774     ,0.44240742059845406
201503   ,03           ,86   ,-57.208261610679706  ,-0.6652123443102288
201804   ,01           ,101  ,-215.14486858598914  ,-2.1301472137226649
201904   ,15           ,16   ,18.180646705635322   ,1.1362904191022078
201806   ,01           ,75   ,-122.88250113377816  ,-1.6384333484503757
201606   ,03           ,166  ,-25.46508238003554   ,-0.15340411072310559
201909   ,06           ,89   ,36.34359326707937    ,0.40835498052898161
202002   ,04           ,186  ,-103.09051069196171  ,-0.55425005748366507
201507   ,12           ,11   ,-19.641639069790362  ,-1.7856035517991233
201906   ,10           ,6    ,-2.6122019635343703  ,-0.43536699392239564
201909   ,10           ,3    ,-12.33639390115987   ,-4.1121313003866229
201807   ,20           ,4    ,-17.045611350604297  ,-4.2614028376510751
201702   ,17           ,39   ,-207.14291703823559  ,-5.3113568471342463
201608   ,04           ,500  ,-492.52327191012625  ,-0.98504654382025292
201608   ,19           ,157  ,-892.934258316924    ,-5.687479352337097
201705   ,09           ,8    ,-12.805698023546661  ,-1.6007122529433326
201503   ,04           ,257  ,-132.46683517879768  ,-0.51543515633773418
201709   ,09           ,16   ,-19.203222281043722  ,-1.2002013925652324
201508   ,03           ,59   ,-7.8517308385784723  ,-0.13308018370471975
201802   ,08           ,42   ,-130.409369024389    ,-3.104984976771167
201509   ,12           ,16   ,-86.277630595138064  ,-5.3923519121961307
201711   ,02           ,111  ,-277.88737081121332  ,-2.5034898271280479
201907   ,11           ,33   ,-47.240286271548591  ,-1.4315238264105634
201508   ,15           ,21   ,-62.414068438523763  ,-2.9720984970725595
201507   ,04           ,267  ,-207.52416065458553  ,-0.77724404739545194
201803   ,12           ,41   ,-124.28036006401425  ,-3.03122829424425
201806   ,17           ,64   ,-334.19910533169229  ,-5.221861020807693
201607   ,05           ,269  ,68.14965488272       ,0.25334444194319722
201902   ,12           ,23   ,-26.994173932009758  ,-1.1736597361743373
201903   ,03           ,63   ,35.368021339090944   ,0.56139716411255458
201611   ,04           ,439  ,-105.48304529024477  ,-0.24028028539919094
201704   ,06           ,17   ,-24.024597000644444  ,-1.4132115882732026
201701   ,01           ,88   ,-124.04044502458979  ,-1.4095505116430656
201608   ,07           ,38   ,-26.313933685869369  ,-0.69247193910182547
201505   ,05           ,58   ,95.199733009464282   ,1.6413747070597284
201503   ,06           ,23   ,-14.378658114133207  ,-0.62515904844057435
201711   ,07           ,37   ,-36.85836676937663   ,-0.996172074848017
201804   ,10           ,3    ,-6.53500767428706    ,-2.17833589142902
201512   ,03           ,53   ,88.2171974505193     ,1.6644754235947037
201510   ,06           ,17   ,13.041040211218592   ,0.767120012424623
201909   ,19           ,103  ,-489.71683575727405  ,-4.7545323859929516
202002   ,15           ,6    ,-9.9046423746231689  ,-1.6507737291038616
201806   ,14           ,5    ,-15.445979253285339  ,-3.089195850657068
201511   ,16           ,4    ,-13.048024180600859  ,-3.2620060451502151
201910   ,14           ,2    ,-3.66510487366991    ,-1.8325524368349555
202002   ,12           ,6    ,-9.4821874853008516  ,-1.580364580883475
201606   ,20           ,2    ,-11.85770750988142   ,-5.92885375494071
202003   ,10           ,1    ,0.59880239520958     ,0.59880239520958
201607   ,11           ,153  ,-708.16212518938914  ,-4.6285106221528682
201702   ,19           ,146  ,-747.2051574349872   ,-5.1178435440752548
201705   ,08           ,23   ,-6.98309545962879    ,-0.30361284607081729
201803   ,14           ,11   ,19.355524705750419   ,1.7595931550682198
201612   ,09           ,26   ,-54.32415266277826   ,-2.0893904870299327
201601   ,04           ,214  ,-148.9257901975179   ,-0.69591490746503692
201711   ,13           ,4    ,-9.62037656822418    ,-2.4050941420560448
201809   ,03           ,200  ,42.489293862313616   ,0.21244646931156821
201912   ,02           ,39   ,-52.483424293135229  ,-1.3457288280291084
201907   ,16           ,4    ,-11.63077506877908   ,-2.90769376719477
201503   ,10           ,5    ,-4.7570420052972491  ,-0.9514084010594499
201903   ,16           ,10   ,-33.373814755485157  ,-3.3373814755485154
201806   ,03           ,45   ,19.443089489637039   ,0.4320686553252675
201904   ,14           ,8    ,-20.281523298639019  ,-2.5351904123298774
201709   ,16           ,20   ,-60.772416081996795  ,-3.0386208040998395
201811   ,05           ,190  ,148.14237361072082   ,0.77969670321432016
201805   ,01           ,144  ,-237.2701247906833   ,-1.6477091999353006
201709   ,15           ,11   ,-9.317421494732411   ,-0.84703831770294646
201712   ,07           ,36   ,-16.711363616427249  ,-0.464204544900757
201911   ,04           ,354  ,-325.99868725603557  ,-0.920900246485976
201602   ,15           ,17   ,-32.313899370357689  ,-1.9008176100210403
201508   ,09           ,12   ,-19.930143161085081  ,-1.6608452634237569
201908   ,11           ,21   ,-85.4449368468925    ,-4.0688065165186913
202001   ,19           ,108  ,-634.66442204564748  ,-5.8765224263485889
201910   ,10           ,12   ,21.339620272303222   ,1.7783016893586017
201809   ,14           ,2    ,3.4843205574913      ,1.74216027874565
201702   ,08           ,16   ,-19.27693844821567   ,-1.2048086530134796
201610   ,01           ,112  ,-214.37507784950373  ,-1.9140631950848546
201805   ,19           ,194  ,-1194.5380934347872  ,-6.157412852756635
201604   ,17           ,38   ,-255.22323703772176  ,-6.71640097467689
201602   ,19           ,147  ,-754.82338389699635  ,-5.134852951680247
201804   ,08           ,42   ,-121.14205609799347  ,-2.8843346689998453
201612   ,05           ,129  ,152.02180059046438   ,1.1784635704687161
201603   ,18           ,9    ,-66.223017719443931  ,-7.3581130799382137
201911   ,03           ,97   ,36.966329716068245   ,0.38109618263987877
201901   ,03           ,111  ,-124.46813987484532  ,-1.1213345934670753
201901   ,18           ,2    ,-13.616698140543349  ,-6.8083490702716745
201607   ,18           ,25   ,-171.36954603484847  ,-6.8547818413939385
201710   ,14           ,6    ,-22.365870017248941  ,-3.7276450028748234
201810   ,18           ,1    ,-6.13382899628253    ,-6.13382899628253
202004   ,01           ,44   ,-58.235668267340635  ,-1.3235379151668325
202005   ,02           ,6    ,-3.2398020006182597  ,-0.53996700010304322
201703   ,05           ,76   ,56.691464894629263   ,0.74594032756091133
201608   ,11           ,93   ,-152.2086708840514   ,-1.6366523750973268
201706   ,01           ,108  ,-11.146516821875013  ,-0.10320848909143537
201708   ,17           ,73   ,-440.679781344794    ,-6.0367093334903288
201512   ,04           ,292  ,-10.87358152454188   ,-0.037238292892266621
201605   ,03           ,175  ,-94.449847126474324  ,-0.53971341215128188
201604   ,18           ,11   ,-79.583464838698063  ,-7.2348604398816425
201511   ,06           ,31   ,24.618296170258322   ,0.794138586137365
201601   ,08           ,16   ,10.010834947541849   ,0.62567718422136553
201909   ,12           ,10   ,1.14388564502098     ,0.114388564502098
201612   ,14           ,8    ,-25.951594442747922  ,-3.24394930534349
201506   ,16           ,6    ,-1.2907777715828512  ,-0.21512962859714158
201605   ,13           ,10   ,-30.780978885938826  ,-3.0780978885938826
202004   ,11           ,16   ,-37.8745804918856    ,-2.36716128074285
201702   ,05           ,85   ,64.777695215770834   ,0.76209053195024512
201704   ,09           ,16   ,-39.683128522858283  ,-2.4801955326786427
201703   ,07           ,40   ,-32.015989361434947  ,-0.80039973403587372
201811   ,07           ,32   ,9.7084496579572885   ,0.30338905181116527
201511   ,04           ,375  ,-329.33182858977182  ,-0.87821820957272456
201804   ,11           ,52   ,-174.75818607186011  ,-3.3607343475357716
201904   ,08           ,24   ,-38.122258816453986  ,-1.5884274506855824
201908   ,10           ,12   ,-16.82006636772903   ,-1.4016721973107527
201511   ,03           ,42   ,15.209520221913955   ,0.36213143385509428
201807   ,06           ,5    ,0.20112764690337004  ,0.040225529380673863
201807   ,18           ,2    ,-16.352878182280421  ,-8.17643909114021
201505   ,09           ,8    ,-36.615883360594239  ,-4.5769854200742808
201502   ,06           ,7    ,-30.041301536078592  ,-4.2916145051540848
201606   ,12           ,40   ,-66.587535668400548  ,-1.6646883917100139
201812   ,13           ,6    ,-3.65952136250184    ,-0.60992022708363991
202004   ,05           ,45   ,79.615671230545217   ,1.7692371384565604
201611   ,15           ,24   ,-34.481294257989205  ,-1.4367205940828836
201701   ,12           ,20   ,-52.104693461313289  ,-2.6052346730656639
201706   ,03           ,151  ,63.570390321050652   ,0.42099596239106385
201708   ,05           ,87   ,-14.386767004227456  ,-0.16536513797962565
201610   ,08           ,37   ,-8.45635574525177    ,-0.22855015527707495
201711   ,19           ,140  ,-761.05177845152525  ,-5.4360841317966093
201805   ,03           ,124  ,-107.62380162303306  ,-0.8679338840567179
201504   ,04           ,368  ,-242.71944843117689  ,-0.65956371856298035
201604   ,14           ,10   ,-16.040053889956759  ,-1.604005388995676
201907   ,14           ,2    ,-1.18906064209276    ,-0.59453032104638
201507   ,06           ,11   ,7.8704214110205495   ,0.71549285554732289
201908   ,03           ,263  ,-171.11715887447025  ,-0.65063558507403163
201710   ,06           ,12   ,-30.172615508270933  ,-2.5143846256892446
201809   ,10           ,26   ,-4.2231454114026619  ,-0.16242866966933303
201912   ,07           ,42   ,-37.202756855220429  ,-0.88577992512429593
201710   ,12           ,10   ,-16.6433579651213    ,-1.6643357965121297
201701   ,13           ,11   ,-14.512670483332391  ,-1.3193336803029447
201608   ,12           ,9    ,-9.65665298129408    ,-1.072961442366009
202003   ,19           ,97   ,-453.66087824308408  ,-4.6769162705472587
202004   ,18           ,3    ,-28.2024951981762    ,-9.4008317327254
202005   ,03           ,18   ,-31.66351058653585   ,-1.759083921474214
201608   ,17           ,41   ,-146.77570974946568  ,-3.5798953597430647
201609   ,17           ,36   ,-211.306169683418    ,-5.8696158245393892
201510   ,10           ,14   ,-80.501875686014486  ,-5.7501339775724629
201604   ,03           ,86   ,35.959375893486957   ,0.41813227783124352
201603   ,11           ,69   ,-230.65266076483573  ,-3.3427921849976183
201911   ,01           ,89   ,-134.34128836718884  ,-1.5094526782830207
201901   ,05           ,42   ,-8.0790222422154372  ,-0.19235767243370114
201806   ,20           ,2    ,5.26315789473684     ,2.63157894736842
201812   ,08           ,28   ,-52.252720482188323  ,-1.8661685886495825
202002   ,11           ,22   ,-26.798533665940187  ,-1.2181151666336452
201905   ,18           ,4    ,-18.827403847885982  ,-4.7068509619714956
201704   ,14           ,5    ,-5.17479822699123    ,-1.0349596453982457
201812   ,15           ,4    ,-28.703834992990881  ,-7.1759587482477194
201807   ,15           ,14   ,1.1653799391290143   ,0.083241424223501
202005   ,07           ,4    ,6.57894736842108     ,1.64473684210527
202003   ,06           ,6    ,-21.798993254117718  ,-3.6331655423529532
201608   ,10           ,3    ,-3.9647577092511     ,-1.3215859030837
202004   ,12           ,7    ,-7.7426418582442906  ,-1.1060916940348986
202003   ,04           ,193  ,-122.71187943439362  ,-0.63581284681032957
201611   ,18           ,18   ,-83.90893002362823   ,-4.6616072235349018
201704   ,15           ,26   ,-13.390121452310559  ,-0.515004671242714
201701   ,17           ,86   ,-445.83286042394991  ,-5.184103028185465
201708   ,01           ,145  ,-353.67350615539817  ,-2.4391276286579182
201610   ,06           ,32   ,-60.6839604309233    ,-1.8963737634663529
201511   ,05           ,72   ,48.490838439054      ,0.67348386720908293
201503   ,08           ,28   ,-57.376249484022566  ,-2.0491517672865203
201505   ,17           ,43   ,-196.77130499112312  ,-4.5760768602586763
201712   ,17           ,29   ,-199.66449109147723  ,-6.88498245143025
201604   ,16           ,11   ,-22.86424232975833   ,-2.0785674845234845
201906   ,07           ,126  ,39.089460232482281   ,0.310233811368907
201701   ,18           ,7    ,-67.537972045043517  ,-9.6482817207205027
201909   ,04           ,593  ,-558.19913403514215  ,-0.941313885388098
201909   ,11           ,40   ,-77.086035361756188  ,-1.9271508840439049
201810   ,19           ,93   ,-432.99322405696034  ,-4.6558411188920461
201902   ,09           ,27   ,-10.308286649181161  ,-0.38178839441411705
201502   ,18           ,4    ,-26.273451341897541  ,-6.5683628354743853
201702   ,13           ,7    ,-11.12627785846734   ,-1.5894682654953343
201511   ,01           ,107  ,-210.00365847214729  ,-1.9626510137583857
201706   ,15           ,16   ,-27.748233469808589  ,-1.7342645918630368
201708   ,03           ,56   ,-29.286174592119178  ,-0.52296740343069981
201506   ,09           ,19   ,-3.1632337552801353  ,-0.16648598712000712
201804   ,19           ,130  ,-729.95009605914174  ,-5.615000738916474
201601   ,03           ,32   ,-20.5795877327124    ,-0.64311211664726231
201612   ,02           ,107  ,-270.71300250446592  ,-2.5300280607894026
201911   ,07           ,23   ,-9.4595412228906532  ,-0.41128440099524555
201901   ,04           ,469  ,-318.33407856705765  ,-0.67875070056941922
201602   ,18           ,11   ,-67.790482043665421  ,-6.1627710948786731
201905   ,04           ,308  ,1.7880047453974632   ,0.0058052102123294482
201506   ,11           ,12   ,-41.127427515532275  ,-3.4272856262943563
201910   ,03           ,75   ,45.2416087037658     ,0.60322144938354394
201502   ,01           ,27   ,-31.101790616001409  ,-1.1519181709630153
202002   ,18           ,4    ,-40.356091860854896  ,-10.089022965213724
201902   ,15           ,23   ,8.00450891732067     ,0.34802212684002931
201808   ,14           ,5    ,-18.49937369058723   ,-3.6998747381174466
201509   ,15           ,6    ,-21.561712166305046  ,-3.5936186943841748
201903   ,06           ,26   ,36.0032123525538     ,1.3847389366366842
201808   ,07           ,49   ,-80.8578088046855    ,-1.6501593633609286
201805   ,20           ,22   ,-55.686897628513861  ,-2.5312226194779028
202004   ,04           ,165  ,-102.95868225273166  ,-0.62399201365291912
201707   ,08           ,59   ,-133.0216999258291   ,-2.2546050834886291
201707   ,19           ,185  ,-749.48403098623749  ,-4.05126503235804
201703   ,11           ,24   ,-76.311710334266692  ,-3.1796545972611128
201708   ,14           ,5    ,-2.5563225080771597  ,-0.51126450161543191
201801   ,08           ,33   ,-62.862839063688476  ,-1.9049345170814687
201801   ,10           ,5    ,-3.6670819740308396  ,-0.733416394806168
201803   ,17           ,83   ,-468.17168977441816  ,-5.6406227683664838
201506   ,15           ,19   ,-40.215676404509715  ,-2.1166145476057747
201507   ,19           ,138  ,-646.18383717583629  ,-4.6824915737379431
201805   ,07           ,37   ,-104.85987642359781  ,-2.8340507141512918
201509   ,06           ,14   ,-53.413887770895855  ,-3.8152776979211329
201803   ,06           ,32   ,12.424229232352307   ,0.3882571635110097
201904   ,07           ,17   ,-20.570106881470217  ,-1.210006287145307
201901   ,02           ,103  ,-94.560864009992414  ,-0.91806664087371281
201905   ,05           ,66   ,77.855469146885468   ,1.1796283204073559
201809   ,09           ,36   ,-89.411698830248056  ,-2.483658300840224
201909   ,05           ,382  ,-64.44903433758499   ,-0.16871474957482971
201601   ,13           ,9    ,8.2107343692966772   ,0.912303818810742
201601   ,16           ,5    ,-10.953943517899511  ,-2.1907887035799023
201601   ,15           ,3    ,-2.1264575482790478  ,-0.70881918275968259
201906   ,16           ,10   ,-8.61237627804574    ,-0.861237627804574
201902   ,14           ,6    ,-2.6059450388771905  ,-0.43432417314619842
202003   ,07           ,23   ,-13.766547465760882  ,-0.59854554198960352
201701   ,11           ,35   ,-69.2242107051049    ,-1.977834591574426
201703   ,12           ,36   ,-148.51783339857718  ,-4.1254953721827
201706   ,05           ,112  ,89.322550136991254   ,0.79752276908027875
201811   ,04           ,375  ,-97.1038220989762    ,-0.2589435255972698
201801   ,18           ,9    ,-65.463112266329375  ,-7.2736791407032646
201612   ,19           ,115  ,-656.88560683854644  ,-5.7120487551177952
201904   ,12           ,18   ,-12.872782985226225  ,-0.71515461029034577
201512   ,16           ,8    ,-6.4866595477804019  ,-0.81083244347255023
201507   ,08           ,17   ,-35.345113293015338  ,-2.0791243113538442
201906   ,05           ,316  ,418.12464361975407   ,1.3231792519612471
201909   ,08           ,23   ,-15.62243091313368   ,-0.67923612665798616
201903   ,14           ,7    ,-8.87663979435132    ,-1.268091399193046
201606   ,01           ,142  ,-89.3676251278743    ,-0.62934947273150921
201607   ,13           ,12   ,-30.971886753840529  ,-2.5809905628200438
201608   ,09           ,2    ,-1.1883178956389839  ,-0.594158947819492
201707   ,11           ,96   ,-171.94502779279861  ,-1.7910940395083184
201702   ,09           ,19   ,-36.592717266976877  ,-1.9259324877356252
201705   ,07           ,50   ,-37.863449671591923  ,-0.75726899343183829
201508   ,01           ,79   ,-93.551337718268059  ,-1.1841941483325071
201504   ,11           ,81   ,-358.83628349987765  ,-4.4300775740725626
201904   ,10           ,4    ,0.58241531155532034  ,0.14560382788882986
201807   ,07           ,39   ,-59.679498096885695  ,-1.5302435409457873
201807   ,17           ,40   ,-273.05076627916668  ,-6.8262691569791665
201601   ,18           ,7    ,-33.928566553711626  ,-4.846938079101661
201905   ,19           ,135  ,-754.669161815439    ,-5.5901419393736216
201906   ,11           ,50   ,-18.616533878169921  ,-0.37233067756339844
201909   ,17           ,25   ,-81.511698184952053  ,-3.2604679273980817
201910   ,06           ,27   ,-2.5517590651083903  ,-0.094509595004014457
201910   ,01           ,100  ,-88.242869554084109  ,-0.88242869554084091
201902   ,17           ,50   ,-205.74102076218011  ,-4.1148204152436021
201503   ,18           ,8    ,-25.073937628368327  ,-3.1342422035460418
202001   ,07           ,23   ,-63.645273327257911  ,-2.7671857968372997
202001   ,09           ,16   ,-31.6727787139488    ,-1.9795486696217997
201707   ,14           ,16   ,-4.2772497232788087  ,-0.26732810770492565
201504   ,15           ,2    ,-3.01507537688442    ,-1.50753768844221
202002   ,14           ,8    ,-5.4633283906680088  ,-0.6829160488335011
202003   ,09           ,5    ,-2.5197191569724504  ,-0.50394383139449
201703   ,08           ,53   ,-197.3273321187213   ,-3.7231572097871934
201804   ,03           ,96   ,-48.4460775115565    ,-0.50464664074538
201506   ,02           ,55   ,-144.68231194838913  ,-2.6305874899707109
201803   ,08           ,25   ,-44.562330386121587  ,-1.7824932154448638
201904   ,03           ,108  ,18.79747796237352    ,0.17405072187382886
201908   ,04           ,514  ,-887.83187369936172  ,-1.7272993651738551
201603   ,08           ,24   ,-77.861186637715662  ,-3.2442161099048188
201911   ,16           ,18   ,-5.890325166307619   ,-0.32724028701709
201910   ,04           ,364  ,-139.29002659709658  ,-0.38266490823378185
201810   ,07           ,40   ,-30.971372559981312  ,-0.77428431399953257
201607   ,07           ,137  ,-312.1639614439394   ,-2.2785690616345935
201902   ,13           ,15   ,-38.89767470254364   ,-2.5931783135029089
202001   ,18           ,6    ,-41.65994330172321   ,-6.9433238836205353
201709   ,06           ,26   ,27.239018049129427   ,1.0476545403511319
201505   ,06           ,3    ,5.60167867895265     ,1.8672262263175499
201508   ,11           ,31   ,-99.678523119036726  ,-3.215436229646345
201502   ,10           ,15   ,-56.220065369437535  ,-3.7480043579625022
201602   ,03           ,58   ,-10.292697294920565  ,-0.17746029818828568
201901   ,17           ,50   ,-314.17813582882064  ,-6.2835627165764132
201901   ,09           ,48   ,-140.19494163240142  ,-2.9207279506750292
201909   ,13           ,16   ,-36.673181542819364  ,-2.2920738464262103
201507   ,10           ,1    ,-3.99274047186933    ,-3.99274047186933
201612   ,08           ,17   ,-11.423896138592969  ,-0.67199389050546854
201504   ,09           ,10   ,-24.476882392257959  ,-2.4476882392257959
201510   ,13           ,2    ,-2.49639942390782    ,-1.24819971195391
201611   ,10           ,8    ,2.8213221273889797   ,0.35266526592362235
201705   ,06           ,8    ,-5.6260286862390885  ,-0.70325358577988628
201803   ,11           ,90   ,-355.01056135842708  ,-3.944561792871411
201510   ,02           ,96   ,-337.9986590707029   ,-3.5208193653198228
201508   ,05           ,73   ,148.79308630048155   ,2.0382614561709804
201907   ,10           ,6    ,-14.731994522512171  ,-2.4553324204186953
201911   ,02           ,56   ,-74.451059970988979  ,-1.3294832137676602
201601   ,17           ,22   ,-159.26313394261308  ,-7.2392333610278694
201806   ,06           ,31   ,-31.063389473922641  ,-1.0020448217394398
201910   ,02           ,59   ,-74.191304307462019  ,-1.2574797340247799
201801   ,06           ,10   ,-7.6315445342092811  ,-0.76315445342092791
201911   ,06           ,16   ,-22.73049371040279   ,-1.4206558569001746
201604   ,15           ,20   ,-9.5242969252474516  ,-0.47621484626237265
201903   ,19           ,120  ,-768.50395240120315  ,-6.40419960334336
201903   ,02           ,73   ,-33.93783268061236   ,-0.46490181754263527
201906   ,06           ,39   ,16.420633995023554   ,0.42104189730829639
201710   ,18           ,13   ,-70.956527715328676  ,-5.4581944396406676
201703   ,10           ,26   ,-101.30095400985574  ,-3.8961905388406044
201811   ,06           ,38   ,1.2586345323450292   ,0.0331219613775009
201602   ,08           ,22   ,-48.519818978350969  ,-2.2054463171977714
201509   ,04           ,397  ,-323.42567661424738  ,-0.814674248398608
201512   ,08           ,36   ,-44.55647957484436   ,-1.2376799881901215
201712   ,01           ,114  ,-150.30306913943303  ,-1.3184479749073073
201908   ,12           ,18   ,-26.134807824372022  ,-1.4519337680206679
201910   ,13           ,16   ,-31.054671337428232  ,-1.9409169585892643
201508   ,14           ,5    ,-15.0373201134723    ,-3.00746402269446
201808   ,05           ,54   ,114.94006962808426   ,2.128519807927487
201806   ,15           ,7    ,-6.5325180478873     ,-0.9332168639838998
202004   ,08           ,18   ,-43.808606391184554  ,-2.43381146617692
201811   ,08           ,54   ,-113.43458571662246  ,-2.1006404762337487
201508   ,12           ,17   ,-78.746824636861518  ,-4.6321661551095
201803   ,10           ,8    ,-11.352303436191939  ,-1.4190379295239923
201910   ,18           ,11   ,-65.519605767411988  ,-5.9563277970374546
202002   ,03           ,30   ,33.41160466265395    ,1.1137201554217984
201603   ,13           ,6    ,-19.1469411143685    ,-3.1911568523947498
201504   ,06           ,19   ,-35.360477385270471  ,-1.8610777571194983
201908   ,15           ,35   ,-30.021335919060565  ,-0.85775245483030194
201910   ,08           ,36   ,-101.04552186755998  ,-2.8068200518766671
202002   ,13           ,1    ,-4.33497536945812    ,-4.33497536945812
201710   ,10           ,3    ,-12.44594027191977   ,-4.14864675730659
201703   ,09           ,30   ,-85.755972494514168  ,-2.8585324164838055
201805   ,13           ,14   ,-33.947090131366494  ,-2.4247921522404643
201603   ,10           ,9    ,-15.06401142380801   ,-1.6737790470897791
201907   ,17           ,50   ,-253.99825495457753  ,-5.07996509909155
201803   ,16           ,35   ,-107.85036316726986  ,-3.0814389476362813
201503   ,02           ,53   ,-52.528607574733329  ,-0.99110580329685527
201605   ,19           ,165  ,-749.06423163568388  ,-4.5397832220344494
201904   ,16           ,2    ,-3.1429593113841303  ,-1.5714796556920652
201911   ,19           ,87   ,-540.9654732447201   ,-6.2179939453416093
201710   ,05           ,68   ,47.876023345219338   ,0.70405916684146119
201906   ,08           ,28   ,-54.000388038411145  ,-1.9285852870861122
201912   ,16           ,2    ,-7.9473032837133     ,-3.97365164185665
201910   ,05           ,129  ,98.0847946261115     ,0.76034724516365515
201802   ,14           ,7    ,-6.14281998218004    ,-0.87754571174000573
202004   ,09           ,2    ,-5.86007239611485    ,-2.930036198057425
202005   ,01           ,23   ,-20.258801492449876  ,-0.880817456193473
201611   ,19           ,171  ,-732.11394215651978  ,-4.281368082786666
201610   ,05           ,88   ,73.950106187835914   ,0.8403421157708626
201805   ,02           ,77   ,-100.09401402837916  ,-1.2999222601088203
201802   ,11           ,208  ,-1052.4101880423614  ,-5.059664365588274
201804   ,14           ,6    ,-14.145422786844209  ,-2.3575704644740352
201711   ,10           ,1    ,-5.0                 ,-5.0
201811   ,16           ,13   ,-43.207264066985793  ,-3.3236356974604466
201910   ,16           ,26   ,-34.36520497495151   ,-1.3217386528827504
201801   ,12           ,29   ,-80.604750186588717  ,-2.7794741443651274
201905   ,12           ,12   ,-38.295984665349664  ,-3.1913320554458053
201507   ,15           ,3    ,-1.43148847765611    ,-0.4771628258853699
202003   ,14           ,9    ,6.4309436998719889   ,0.71454929998577654
201707   ,03           ,373  ,151.01627747019535   ,0.40486937659569805
201702   ,02           ,83   ,-96.855761528116815  ,-1.1669368858809255
201701   ,04           ,439  ,-344.49334204152126  ,-0.78472287480984315
201703   ,01           ,145  ,-407.15458213454156  ,-2.8079626354106311
201704   ,13           ,9    ,-33.412159978897932  ,-3.7124622198775472
201708   ,07           ,20   ,-18.700668763993271  ,-0.93503343819966356
201610   ,04           ,305  ,-98.428407088125851  ,-0.32271608881352731
201503   ,05           ,40   ,1.5605481540826702   ,0.039013703852066678
201709   ,11           ,41   ,-90.418075183686568  ,-2.2053189069191848
201801   ,13           ,40   ,-182.59090408255329  ,-4.5647726020638331
201503   ,13           ,5    ,-23.025779294999879  ,-4.6051558589999759
201708   ,16           ,5    ,-7.75551350208577    ,-1.5511027004171543
201503   ,12           ,12   ,-52.319327147686032  ,-4.3599439289738369
201809   ,11           ,50   ,-193.66987524132551  ,-3.87339750482651
201601   ,07           ,21   ,-55.951035611582469  ,-2.664335029122975
201808   ,03           ,116  ,113.41066229139052   ,0.97767812320164238
201812   ,12           ,12   ,-19.35756564708678   ,-1.6131304705905649
201606   ,11           ,33   ,-93.0860648929042    ,-2.8207898452395206
201708   ,02           ,90   ,-203.29853858646402  ,-2.2588726509607104
201701   ,03           ,98   ,-159.48551324627243  ,-1.6274031963905351
201702   ,03           ,92   ,-21.578827084616556  ,-0.2345524683110497
201801   ,01           ,137  ,-366.05175499659424  ,-2.6719106204130969
201709   ,04           ,507  ,-189.46241092865489  ,-0.37369311820247519
201805   ,10           ,11   ,-27.03094548447968   ,-2.4573586804072436
201709   ,12           ,25   ,-65.5283198889735    ,-2.6211327955589394
201609   ,09           ,20   ,-5.9045169137897684  ,-0.29522584568948834
201502   ,19           ,48   ,-315.38515797201319  ,-6.5705241244169414
201508   ,18           ,8    ,-41.842935939577686  ,-5.2303669924472116
201712   ,09           ,14   ,-25.714059114479873  ,-1.836718508177134
201809   ,01           ,231  ,-293.76415544403716  ,-1.2717063006235385
201706   ,16           ,1    ,-1.75438596491228    ,-1.75438596491228
201702   ,18           ,3    ,-14.62957406652067   ,-4.8765246888402229
201912   ,04           ,270  ,-94.625119793071292  ,-0.35046340664100478
202002   ,17           ,26   ,-77.73080444422942   ,-2.9896463247780538
201611   ,07           ,45   ,-25.113859369320565  ,-0.55808576376267927
201704   ,19           ,150  ,-974.42916259356684  ,-6.4961944172904449
201603   ,17           ,52   ,-312.47555574660754  ,-6.0091453028193751
201709   ,10           ,8    ,-10.06973648483082   ,-1.2587170606038525
201709   ,08           ,33   ,-14.214665441904442  ,-0.43074743763346796
201510   ,17           ,67   ,-399.52623825032992  ,-5.9630781828407446
201508   ,06           ,19   ,-26.509603131142875  ,-1.3952422700601517
201512   ,01           ,96   ,-56.920633610579522  ,-0.59292326677687024
201809   ,19           ,140  ,-798.00903424703893  ,-5.7000645303359923
201802   ,09           ,16   ,-40.71382653419802   ,-2.5446141583873763
202002   ,06           ,16   ,-7.0833427317634179  ,-0.44270892073521351
201810   ,06           ,55   ,-128.88595646911972  ,-2.3433810267112678
201812   ,18           ,3    ,-22.864433740844397  ,-7.6214779136148
201605   ,15           ,6    ,6.9613826811248192   ,1.1602304468541367
202001   ,15           ,6    ,-1.9613627558479     ,-0.3268937926413169
201707   ,16           ,17   ,-8.97642402085284    ,-0.52802494240310816
201703   ,18           ,12   ,-92.18685805130707   ,-7.6822381709422549
201709   ,07           ,54   ,29.115497830677885   ,0.53917588575329445
201811   ,03           ,154  ,159.14452679578676   ,1.0334060181544593
201612   ,01           ,139  ,-32.636270093206576  ,-0.23479331002306902
201511   ,20           ,3    ,-12.7222103234097    ,-4.2407367744699
201911   ,11           ,52   ,-264.19297600296647  ,-5.0806341539032021
201806   ,04           ,346  ,-176.6130091475892   ,-0.51044222296991082
201809   ,15           ,61   ,19.881534973448989   ,0.32592680284342612
201905   ,17           ,40   ,-184.51302839975131  ,-4.6128257099937819
201607   ,02           ,131  ,-213.01701464699858  ,-1.6260840812747988
201902   ,05           ,185  ,24.625801113289441   ,0.13311243845021328
201502   ,13           ,3    ,-1.09750949767833    ,-0.36583649922611
201610   ,19           ,158  ,-850.68926073438865  ,-5.3841092451543586
201801   ,04           ,312  ,-57.526626678671732  ,-0.18438021371369148
201609   ,19           ,137  ,-685.27093234427809  ,-5.0019776083523952
201508   ,04           ,315  ,-125.02956029655627  ,-0.39691923903668619
201508   ,16           ,8    ,-23.510942320977239  ,-2.9388677901221549
201705   ,13           ,6    ,-8.9365381015921646  ,-1.4894230169320273
201802   ,04           ,316  ,-619.36315921952439  ,-1.9600099975301404
201807   ,11           ,44   ,-55.197112053208478  ,-1.254479819391102
201604   ,12           ,55   ,-143.91838893577005  ,-2.6166979806503647
201607   ,06           ,50   ,-34.0575020309859    ,-0.681150040619718
201902   ,02           ,169  ,-316.94118281173576  ,-1.8753916142706262
201902   ,06           ,29   ,-35.936088214708342  ,-1.239175455679598
201911   ,14           ,5    ,-12.409094393077851  ,-2.4818188786155697
202001   ,03           ,57   ,24.816424322175745   ,0.43537586530132877
201808   ,11           ,51   ,-172.4300551940585   ,-3.380981474393304
201707   ,01           ,334  ,-414.31698599950943  ,-1.2404700179626023
201704   ,07           ,52   ,54.336309670786179   ,1.0449290321305031
201701   ,15           ,108  ,-233.40548344606367  ,-2.1611618837598487
201608   ,03           ,60   ,-65.885465493954172  ,-1.0980910915659032
201805   ,18           ,10   ,-48.322822746620545  ,-4.8322822746620542
201705   ,01           ,89   ,-118.23416473822165  ,-1.3284737611036139
201609   ,02           ,84   ,-77.230058281740625  ,-0.91940545573500787
201907   ,04           ,347  ,-291.31978559795397  ,-0.83953828702580413
201907   ,09           ,16   ,-33.131438755915347  ,-2.0707149222447092
201509   ,09           ,31   ,-50.410072951634113  ,-1.6261313855365842
201507   ,16           ,19   ,-78.612075155589267  ,-4.1374776397678561
201507   ,02           ,57   ,-146.25931205987118  ,-2.5659528431556353
201807   ,04           ,361  ,-263.31724481473606  ,-0.72941065045633247
201807   ,13           ,8    ,-29.632120785391351  ,-3.7040150981739188
201501   ,03           ,5    ,-19.850944575045361  ,-3.9701889150090719
201809   ,06           ,38   ,54.883391504593362   ,1.4442997764366676
201912   ,13           ,5    ,-15.251237635546151  ,-3.05024752710923
201707   ,13           ,40   ,-105.80808371105888  ,-2.6452020927764721
201702   ,04           ,416  ,-383.03438186652227  ,-0.92075572564067842
201702   ,06           ,62   ,-105.39940991504231  ,-1.6999904825006826
201802   ,01           ,214  ,-861.76249507492207  ,-4.026927547079076
201602   ,13           ,11   ,-35.505856392435007  ,-3.2278051265850007
201505   ,01           ,62   ,-52.660242527313613  ,-0.8493587504405421
201812   ,04           ,544  ,-322.97946813445816  ,-0.59371225760010693
201810   ,05           ,132  ,46.136789279937929   ,0.34952113090862047
201812   ,02           ,53   ,-94.858244995050413  ,-1.7897782074537816
202002   ,19           ,96   ,-532.07956905629521  ,-5.542495511003076
201606   ,13           ,12   ,-41.157818425278279  ,-3.4298182021065236
201703   ,14           ,8    ,-12.583368110320249  ,-1.5729210137900314
201711   ,01           ,127  ,-253.71504626040175  ,-1.9977562697669429
201711   ,05           ,109  ,33.661027953050905   ,0.30881677021147624
201811   ,13           ,24   ,-50.391165107176029  ,-2.0996318794656674
201609   ,01           ,118  ,-111.55661283740403  ,-0.94539502404579689
201509   ,07           ,50   ,-117.33749568669438  ,-2.3467499137338872
201505   ,11           ,32   ,-146.72469542128059  ,-4.5851467319150148
201503   ,07           ,42   ,-0.37753245793252677 ,-0.0089888680460123715
201504   ,19           ,145  ,-933.50071650801056  ,-6.4379359759173118
201505   ,12           ,13   ,-28.534817417145828  ,-2.1949859551650648
201603   ,14           ,10   ,-10.697329698803729  ,-1.069732969880373
201902   ,07           ,61   ,-73.076614956975376  ,-1.1979772943766454
201902   ,18           ,7    ,-68.983147797919855  ,-9.854735399702836
201712   ,12           ,3    ,-8.78000093487333    ,-2.92666697829111
201806   ,16           ,8    ,-23.402483707542672  ,-2.9253104634428335
201606   ,19           ,148  ,-861.0429647119862   ,-5.8178578696755823
202004   ,16           ,4    ,-7.4890018711607791  ,-1.8722504677901948
202005   ,11           ,6    ,-11.55761692686904   ,-1.9262694878115068
201510   ,09           ,17   ,-13.903516484256132  ,-0.81785391083859593
201709   ,14           ,6    ,-3.6636314126886909  ,-0.61060523544811485
201908   ,07           ,63   ,-38.536002292420207  ,-0.61168257607016219
201807   ,01           ,119  ,-160.23817278427893  ,-1.3465392670947809
201901   ,07           ,32   ,-42.855223815599615  ,-1.339225744237488
201509   ,08           ,19   ,-2.53241666925959    ,-0.13328508785576793
201601   ,06           ,11   ,-36.526160167530882  ,-3.3205600152300803
201902   ,11           ,85   ,-214.97599951286583  ,-2.5291294060337157
202004   ,03           ,25   ,-3.6486339131012695  ,-0.14594535652405083
201701   ,16           ,2    ,7.3525668691831907   ,3.6762834345915953
201610   ,18           ,15   ,-136.04074839349641  ,-9.0693832262330929
201709   ,05           ,71   ,126.8758595199503    ,1.7869839369007079
201506   ,03           ,118  ,-61.620904617199656  ,-0.5222110560779627
201711   ,03           ,142  ,101.0473020203553    ,0.71160071845320649
201507   ,05           ,79   ,-21.042220790913973  ,-0.26635722520144256
201703   ,06           ,36   ,-118.05470436826332  ,-3.2792973435628685
201703   ,13           ,26   ,-142.25845759503267  ,-5.471479138270487
201612   ,11           ,45   ,-138.05016765698724  ,-3.0677815034886051
201603   ,19           ,115  ,-671.35490439797491  ,-5.8378687338954345
201912   ,19           ,123  ,-793.41212755902416  ,-6.450505102105887
201607   ,08           ,81   ,-157.65829902399915  ,-1.9463987533827054
201505   ,08           ,22   ,-51.953121714186715  ,-2.3615055324630321
201908   ,13           ,5    ,-3.73504323774177    ,-0.74700864754835394
201810   ,13           ,23   ,-78.259841388021314  ,-3.4026017994791871
201612   ,18           ,8    ,-43.605644011338157  ,-5.45070550141727
201912   ,18           ,6    ,-31.316811531847019  ,-5.21946858864117
201710   ,15           ,6    ,-11.258972658659701  ,-1.87649544310995
202004   ,06           ,7    ,12.1018386224474     ,1.7288340889210574
201704   ,10           ,7    ,-16.199980686407141  ,-2.31428295520102
201608   ,18           ,20   ,-143.63394746768711  ,-7.1816973733843543
201706   ,14           ,8    ,-21.127935008959767  ,-2.6409918761199709
201708   ,19           ,95   ,-561.21539052363255  ,-5.9075304265645538
201709   ,01           ,111  ,-57.691459741109988  ,-0.51974288055054041
201609   ,14           ,10   ,-39.154760096557894  ,-3.91547600965579
201602   ,05           ,101  ,15.099240292480831   ,0.14949742863842413
201802   ,13           ,63   ,-319.43430358102728  ,-5.070385771127417
201907   ,13           ,7    ,-16.957672644094959  ,-2.4225246634421369
201904   ,19           ,135  ,-709.68047926966278  ,-5.2568924390345391
201901   ,01           ,104  ,-206.02331367920939  ,-1.9809934007616294
201710   ,19           ,101  ,-621.50268657814934  ,-6.15349194631831
201905   ,03           ,144  ,91.598846682057086   ,0.63610310195872954
201501   ,05           ,2    ,5.92436366643922     ,2.96218183321961
201909   ,02           ,52   ,28.334135753891452   ,0.544887226036374
201810   ,02           ,66   ,-3.5759294119269764  ,-0.054180748665560288
201808   ,15           ,7    ,-4.44114714342608    ,-0.63444959191801142
201511   ,13           ,6    ,-28.155868917258196  ,-4.692644819543033
201701   ,10           ,3    ,-11.52131637995511   ,-3.84043879331837
201611   ,01           ,104  ,-76.284031780395452  ,-0.73350030558072532
201604   ,04           ,390  ,-278.95729752927338  ,-0.7152751218699327
201601   ,05           ,85   ,-69.162172593572066  ,-0.81367261874790653
201907   ,19           ,114  ,-626.75447036692992  ,-5.4978462312888583
201504   ,18           ,15   ,-81.60444366909033   ,-5.4402962446060217
201812   ,16           ,26   ,-38.505945229149788  ,-1.4809978934288381
201802   ,18           ,19   ,-122.8042316532957   ,-6.4633806133313527
201801   ,16           ,5    ,-15.92449244779371   ,-3.1848984895587424
201511   ,10           ,15   ,-71.418302058968848  ,-4.7612201372645888
201902   ,19           ,96   ,-523.70025789912313  ,-5.4552110197825323
201810   ,15           ,14   ,-20.927726064765746  ,-1.4948375760546961
201601   ,12           ,3    ,-0.36661618283116004 ,-0.12220539427705335
201603   ,15           ,3    ,2.0134228187919452   ,0.671140939597315
201606   ,09           ,37   ,-133.62153393110339  ,-3.6113928089487395
201706   ,13           ,5    ,-12.09111315424094   ,-2.418222630848188
201701   ,19           ,272  ,-1128.0026399827304  ,-4.1470685293482727
201811   ,14           ,3    ,0.96618357487922     ,0.32206119162640667
201705   ,03           ,103  ,-3.4577681780888554  ,-0.033570564835814221
201510   ,01           ,163  ,-397.65572930121743  ,-2.4396057012344619
201504   ,01           ,134  ,-304.69668856226309  ,-2.2738558847930084
201512   ,05           ,61   ,156.5825627599811    ,2.5669272583603457
201601   ,09           ,11   ,-26.249476029823011  ,-2.3863160027111827
201802   ,02           ,237  ,-1157.0574171086946  ,-4.8820988063658017
201506   ,05           ,76   ,11.288153709533088   ,0.14852833828333012
201804   ,07           ,36   ,25.961568340197829   ,0.72115467611660644
201507   ,01           ,98   ,-138.91266681558514  ,-1.4174761919957666
201905   ,10           ,19   ,-40.807048768627844  ,-2.1477394088751502
201506   ,17           ,36   ,-158.48787981745593  ,-4.4024411060404445
201812   ,05           ,138  ,118.23398993365581   ,0.85676804299750586
201810   ,01           ,118  ,-70.340320928748653  ,-0.5961044146504122
201607   ,15           ,72   ,-70.69187766023326   ,-0.98183163416990638
201903   ,01           ,134  ,-126.80552719572324  ,-0.94630990444569563
201802   ,20           ,3    ,-15.438373570520969  ,-5.14612452350699
201806   ,13           ,18   ,-65.74105382069385   ,-3.6522807678163249
201912   ,20           ,4    ,-26.700144392469621  ,-6.6750360981174053
201805   ,16           ,1    ,-4.01310401310401    ,-4.01310401310401
202004   ,02           ,26   ,-40.995700246605487  ,-1.5767577017925187
201704   ,18           ,5    ,-39.653026376741543  ,-7.9306052753483085
201701   ,06           ,103  ,-13.210790692787047  ,-0.1282601038134665
201711   ,17           ,93   ,-507.575967271041    ,-5.4578060996886126
201708   ,15           ,9    ,-2.69497092337282    ,-0.29944121370809107
201511   ,12           ,27   ,-147.4418901160038   ,-5.4608107450371781
201706   ,09           ,31   ,-9.6035694244514715  ,-0.30979256207907968
201803   ,15           ,13   ,-49.671300844871553  ,-3.8208692957593504
201702   ,14           ,5    ,-17.560581544883551  ,-3.51211630897671
201804   ,04           ,314  ,-142.39691456150106  ,-0.453493358476118
201807   ,08           ,28   ,-66.044245489948167  ,-2.3587230532124353
201907   ,08           ,14   ,-5.671817261467913   ,-0.40512980439056528
201605   ,08           ,39   ,-105.73320144086148  ,-2.7111077292528587
201504   ,07           ,25   ,-45.160035703840826  ,-1.8064014281536334
201710   ,02           ,54   ,-59.490190692639949  ,-1.1016701980118508
201912   ,09           ,19   ,-19.561763594905159  ,-1.0295665049950087
201812   ,01           ,123  ,-90.791134049204857  ,-0.73813930121304749
201910   ,19           ,112  ,-563.54289491024724  ,-5.0316329902700625
202002   ,05           ,90   ,145.00229488134238   ,1.6111366097926929
201506   ,06           ,13   ,-1.8960132241864185  ,-0.14584717109126305
201903   ,13           ,7    ,-12.247235080529947  ,-1.7496050115042785
201605   ,18           ,11   ,-74.051522313484455  ,-6.7319565739531324
202001   ,10           ,2    ,0.73953823953824016  ,0.36976911976911997
201903   ,10           ,1    ,2.03804347826087     ,2.03804347826087
201606   ,05           ,95   ,43.392175653622253   ,0.45675974372233946
201807   ,16           ,1    ,0.0                  ,0.0
201611   ,17           ,51   ,-379.61613766599305  ,-7.443453679725355
201707   ,06           ,117  ,-57.766041659308129  ,-0.49372685178895848
201711   ,04           ,339  ,-116.11277866297854  ,-0.34251557127722254
201706   ,10           ,7    ,-15.53409900816496   ,-2.2191570011664226
201601   ,14           ,13   ,-42.3101817376526    ,-3.2546293644348157
201805   ,06           ,27   ,-2.8719085657430448  ,-0.1063669839164091
201805   ,09           ,24   ,-54.307583687688734  ,-2.262815986987031
201712   ,18           ,8    ,-17.262342091866859  ,-2.1577927614833574
201904   ,02           ,60   ,-80.017446254464261  ,-1.333624104241071
201901   ,10           ,25   ,-74.784025855480053  ,-2.9913610342192025
201906   ,15           ,68   ,39.46049814989837    ,0.58030144338085843
201902   ,16           ,10   ,-43.658819921889453  ,-4.3658819921889451
201911   ,15           ,4    ,-1.62247377097122    ,-0.405618442742805
201606   ,07           ,110  ,24.432076072299225   ,0.22210978247544758
201809   ,20           ,1    ,-4.54545454545455    ,-4.54545454545455
201608   ,16           ,2    ,-9.58904109589042    ,-4.79452054794521
201702   ,07           ,63   ,-62.2107605532242    ,-0.98747238973371765
201701   ,05           ,127  ,7.8184483701281566   ,0.061562585591560269
201706   ,19           ,133  ,-719.62487052646429  ,-5.4107133122290563
201803   ,19           ,164  ,-831.36292281161741  ,-5.0692861147049832
201601   ,19           ,130  ,-615.48037017609784  ,-4.7344643859699858
201709   ,03           ,65   ,54.185055225131521   ,0.83361623423279274
201603   ,02           ,60   ,-104.80206943367121  ,-1.7467011572278535
201506   ,12           ,27   ,-78.46345276663358   ,-2.9060538061716139
201801   ,02           ,47   ,-51.377244418815145  ,-1.0931328599747905
201605   ,11           ,51   ,-196.44827276436882  ,-3.85192691694841
201504   ,10           ,4    ,-10.56647447526859   ,-2.6416186188171475
201802   ,16           ,37   ,-161.01578027218841  ,-4.351777845194281
201903   ,09           ,20   ,0.545788557275908    ,0.0272894278637954
201903   ,18           ,4    ,-34.921010560052778  ,-8.7302526400131946
201705   ,10           ,2    ,-6.75284793684521    ,-3.3764239684226052
201707   ,04           ,1033 ,-371.22650414807867  ,-0.35936738058865281
201707   ,17           ,40   ,-207.2316723523995   ,-5.1807918088099871
201705   ,02           ,70   ,-68.596269509521719  ,-0.979946707278882
201803   ,05           ,176  ,88.49933682428528    ,0.50283714104707566
201504   ,17           ,43   ,-314.65069929593267  ,-7.3174581231612246
201709   ,18           ,30   ,-224.14858688032308  ,-7.4716195626774358
201509   ,17           ,34   ,-199.15409529075697  ,-5.8574733909046168
201502   ,07           ,20   ,-42.507007374092609  ,-2.1253503687046296
201802   ,12           ,19   ,-84.037861769163783  ,-4.4230453562717784
201804   ,09           ,13   ,-11.727114192221523  ,-0.90208570709396318
201804   ,02           ,56   ,-85.895396082211391  ,-1.5338463586109179
201901   ,15           ,14   ,-30.1006193540832    ,-2.1500442395773716
201811   ,10           ,3    ,-21.962962730226128  ,-7.3209875767420423
201809   ,17           ,50   ,-225.49674818160781  ,-4.5099349636321557
201909   ,16           ,166  ,-589.235105096582    ,-3.549609066846878
201711   ,09           ,11   ,6.1331622198565992   ,0.55756020180514543
201610   ,16           ,5    ,-1.88216950662656    ,-0.37643390132531185
201505   ,14           ,2    ,-21.1920529801324    ,-10.5960264900662
201606   ,18           ,14   ,-68.475290272313     ,-4.8910921623080723
202003   ,12           ,5    ,-3.59738105639743    ,-0.719476211279486
201803   ,13           ,32   ,-131.30813831745675  ,-4.1033793224205235
201709   ,19           ,92   ,-486.2059906333489   ,-5.2848477242755312
201504   ,03           ,105  ,-46.665591828338009  ,-0.44443420788893367
201508   ,19           ,116  ,-649.23703489503271  ,-5.5968709904744172
201505   ,07           ,48   ,-71.3527463852101    ,-1.4865155496918767
201907   ,06           ,6    ,-7.42720093260589    ,-1.2378668221009814
201907   ,18           ,5    ,-6.025643175405607   ,-1.2051286350811214
201505   ,13           ,6    ,-11.374369094957341  ,-1.8957281824928898
201908   ,02           ,95   ,-318.905549480829    ,-3.3569005208508318
201812   ,07           ,41   ,-64.5499742683865    ,-1.57438961630211
201612   ,06           ,23   ,-50.496240444428167  ,-2.1954887149751388
201808   ,08           ,36   ,-98.1481168017109    ,-2.7263365778253026
202001   ,08           ,6    ,-4.8333081652789307  ,-0.80555136087982171
201606   ,15           ,30   ,-36.602121063791152  ,-1.2200707021263715
202004   ,14           ,3    ,-10.268820079505151  ,-3.4229400265017169
202005   ,09           ,3    ,-16.97088137580614   ,-5.6569604586020468
201611   ,03           ,178  ,167.79754880742874   ,0.94268285846870059
201811   ,19           ,128  ,-798.020532126163    ,-6.2345354072356454
201805   ,04           ,517  ,-528.65669806144524  ,-1.0225468047610158
201511   ,02           ,130  ,-395.98970752468625  ,-3.0460746732668182
201511   ,09           ,17   ,-37.404776806962474  ,-2.2002809886448511
201505   ,19           ,133  ,-720.78364207089408  ,-5.419425880232283
201504   ,05           ,116  ,11.139244117732098   ,0.096027966532173117
201509   ,05           ,73   ,94.135728982796664   ,1.2895305340109129
201710   ,11           ,36   ,-92.7305463574857    ,-2.5758485099301587
201809   ,05           ,293  ,81.798211953202483   ,0.2791747848232165
201911   ,12           ,10   ,-1.2228421046782696  ,-0.12228421046782678
201909   ,15           ,41   ,13.192103520812202   ,0.32175862245883424
201701   ,09           ,16   ,-7.35455785465721    ,-0.45965986591607544
201708   ,12           ,11   ,-36.856503502553878  ,-3.3505912275048981
201506   ,01           ,130  ,-132.91814803546404  ,-1.0224472925804924
201509   ,03           ,114  ,3.0619524671752272   ,0.026859232168203743
201712   ,03           ,80   ,19.702573067456704   ,0.24628216334320896
201904   ,11           ,32   ,-22.954571142635224  ,-0.71733034820735075
201904   ,09           ,33   ,-88.365485754923185  ,-2.6777419925734289
202001   ,17           ,32   ,-121.44422155290798  ,-3.7951319235283743
201903   ,05           ,121  ,42.928053484076905   ,0.35477730152129677
201903   ,04           ,350  ,-218.93218572382878  ,-0.62552053063951074
201501   ,04           ,2    ,-14.10974244120942   ,-7.05487122060471
202004   ,10           ,1    ,-3.00429184549356    ,-3.00429184549356
202005   ,05           ,12   ,6.49534868603608     ,0.54127905716967351
201805   ,08           ,48   ,-72.085008490674042  ,-1.501771010222376
201705   ,19           ,112  ,-600.40648717581087  ,-5.3607722069268826
201604   ,10           ,4    ,-18.168238993710681  ,-4.54205974842767
201605   ,10           ,17   ,-78.164472407733257  ,-4.5979101416313668
201911   ,13           ,1    ,-5.03432494279176    ,-5.03432494279176
201609   ,10           ,5    ,-8.544276918489      ,-1.7088553836977998
201605   ,02           ,96   ,-137.61498889716353  ,-1.4334894676787864
201807   ,19           ,191  ,-1126.4320664239235  ,-5.8975500859891294
201901   ,08           ,11   ,-0.70003858090359161 ,-0.063639870991235636
201806   ,02           ,54   ,-45.319621230994848  ,-0.83925224501842288
201906   ,14           ,7    ,10.714153331934929   ,1.5305933331335617
201912   ,15           ,7    ,5.15932292103998     ,0.73704613157713994
201507   ,14           ,28   ,-129.74150960186026  ,-4.6336253429235823
201812   ,19           ,167  ,-892.869603885656    ,-5.3465245741656053
201509   ,14           ,19   ,-25.03039941897752   ,-1.31738944310408
201607   ,12           ,27   ,-52.333267418973655  ,-1.9382691636656908
201810   ,16           ,7    ,-2.27988204796109    ,-0.32569743542301288
201512   ,10           ,4    ,5.30154776730118     ,1.3253869418252948
202004   ,13           ,3    ,-2.60681651714085    ,-0.86893883904694991
201707   ,18           ,11   ,-64.980882296357834  ,-5.90735293603253
201706   ,06           ,18   ,7.07762416103007     ,0.39320134227944825
201610   ,02           ,59   ,-87.71724216017526   ,-1.4867329179690723
201811   ,01           ,101  ,-91.957116275591261  ,-0.91046649777813138
201512   ,17           ,44   ,-363.40286511399853  ,-8.2591560253181537
201608   ,14           ,3    ,-1.07625482625483    ,-0.35875160875161027
201503   ,14           ,8    ,-10.112266315384941  ,-1.2640332894231174
201605   ,01           ,193  ,-213.61255908118852  ,-1.106800824254863
201605   ,07           ,47   ,-14.322818795991997  ,-0.30474082544663827
201905   ,08           ,13   ,-42.976516359352473  ,-3.3058858737963441
201906   ,17           ,16   ,-91.279720999720837  ,-5.7049825624825532
201910   ,17           ,13   ,-75.9278404781474    ,-5.8406031137036454
201607   ,16           ,23   ,-106.47440145096787  ,-4.6293218022159941
202002   ,02           ,32   ,-20.717716132267231  ,-0.64742862913335086
202001   ,12           ,10   ,-11.74841990078199   ,-1.174841990078199
201905   ,09           ,5    ,-10.99048002323185   ,-2.19809600464637
201903   ,17           ,30   ,-216.97552599119379  ,-7.2325175330397942
201812   ,06           ,9    ,8.4821323003981419   ,0.94245914448868218
201602   ,10           ,1    ,0.65789473684211     ,0.65789473684211
